#include "assets_hd.h"

static const uint16_t img_A_1_data[81] = {
  0xF81F,0xF81F,0xF81F,0xF81F,0xF81F,0x2124,0xF81F,0xF81F,0xF81F,0xF81F,0xF81F,0xF81F,0xF81F,0xF81F,0x2104,0x2124,
  0xF81F,0xF81F,0xF81F,0xF81F,0x2144,0xF81F,0xF81F,0xF81F,0x18E3,0x18E3,0xF81F,0xF81F,0xF81F,0xF81F,0xF81F,0xF81F,
  0xF81F,0x2104,0x18E3,0xF81F,0x2985,0x2985,0xF81F,0xF81F,0x2124,0x2945,0x2144,0xF81F,0xF81F,0x2965,0x2124,0xF81F,
  0x2124,0x2124,0xF81F,0xF81F,0xF81F,0xF81F,0xF81F,0xF81F,0x2964,0x2124,0xF81F,0xF81F,0xF81F,0x2144,0xF81F,0x2965,
  0x2964,0x2944,0xF81F,0xF81F,0xF81F,0xF81F,0xF81F,0xF81F,0x2144,0x2124,0xF81F,0xF81F,0xF81F,0xF81F,0xF81F,0xF81F,
  0xF81F,
};
const HdImage img_A_1 = { 187, 75, 9, 9, img_A_1_data };

static const uint16_t img_A_2_data[120] = {
  0x2124,0x2104,0x2124,0xF81F,0xF81F,0xF81F,0xF81F,0xF81F,0xF81F,0xF81F,0x2144,0x2144,0xF81F,0x1903,0x2103,0x2124,
  0x2144,0xF81F,0xF81F,0xF81F,0x2965,0x2124,0x2104,0x2144,0xF81F,0xF81F,0xF81F,0x18E3,0x1903,0xF81F,0xF81F,0x2965,
  0xF81F,0xF81F,0xF81F,0xF81F,0xF81F,0xF81F,0xF81F,0x2124,0xF81F,0x2965,0x2965,0xF81F,0xF81F,0xF81F,0xF81F,0xF81F,
  0xF81F,0xF81F,0xF81F,0x2144,0xF81F,0x2965,0xF81F,0xF81F,0xF81F,0xF81F,0xF81F,0xF81F,0x2964,0xF81F,0xF81F,0x1904,
  0x2124,0xF81F,0xF81F,0xF81F,0xF81F,0xF81F,0xF81F,0xF81F,0x2124,0x2985,0x2965,0x2144,0xF81F,0xF81F,0x2944,0xF81F,
  0xF81F,0xF81F,0xF81F,0xF81F,0xF81F,0xF81F,0x2144,0xF81F,0xF81F,0xF81F,0xF81F,0xF81F,0xF81F,0xF81F,0xF81F,0xF81F,
  0xF81F,0x2965,0xF81F,0xF81F,0xF81F,0xF81F,0xF81F,0xF81F,0xF81F,0xF81F,0xF81F,0xF81F,0x2965,0x2965,0xF81F,0xF81F,
  0xF81F,0xF81F,0xF81F,0xF81F,0xF81F,0xF81F,0xF81F,0xF81F,
};
const HdImage img_A_2 = { 173, 77, 12, 10, img_A_2_data };

static const uint16_t img_A_3_data[208] = {
  0xF81F,0xF81F,0xF81F,0xF81F,0xF81F,0xF81F,0xF81F,0xF81F,0xF81F,0xF81F,0x2144,0x2144,0x2965,0xF81F,0xF81F,0xF81F,
  0xF81F,0xF81F,0xF81F,0xF81F,0xF81F,0xF81F,0x2124,0x2124,0x1903,0x2124,0xF81F,0xF81F,0xF81F,0xF81F,0xF81F,0xF81F,
  0xF81F,0xF81F,0x2144,0x2124,0x18E3,0x1903,0x2104,0xF81F,0xF81F,0xF81F,0xF81F,0xF81F,0xF81F,0xF81F,0x2144,0x18E3,
  0xF81F,0xF81F,0x2965,0xF81F,0xF81F,0xF81F,0xF81F,0xF81F,0xF81F,0xF81F,0x2124,0x1903,0xF81F,0xF81F,0x2985,0xF81F,
  0xF81F,0xF81F,0xF81F,0xF81F,0xF81F,0xF81F,0x2944,0x1903,0x18E3,0xF81F,0x2965,0xF81F,0xF81F,0xF81F,0xF81F,0xF81F,
  0xF81F,0xF81F,0xF81F,0xF81F,0xF81F,0x2103,0x2124,0x2965,0xF81F,0xF81F,0xF81F,0xF81F,0xF81F,0xF81F,0xF81F,0xF81F,
  0xF81F,0xF81F,0xF81F,0x2144,0xF81F,0xF81F,0xF81F,0xF81F,0xF81F,0xF81F,0xF81F,0xF81F,0xF81F,0xF81F,0xF81F,0xF81F,
  0x2965,0xF81F,0xF81F,0xF81F,0xF81F,0xF81F,0xF81F,0x2944,0x2944,0xF81F,0xF81F,0xF81F,0xF81F,0xF81F,0xF81F,0xF81F,
  0xF81F,0xF81F,0xF81F,0x2985,0x2124,0x2124,0x2124,0xF81F,0xF81F,0xF81F,0x2965,0xF81F,0xF81F,0xF81F,0xF81F,0x2965,
  0x2144,0xF81F,0x2124,0x2124,0x2944,0xF81F,0xF81F,0x2165,0xF81F,0xF81F,0xF81F,0xF81F,0x2965,0xF81F,0xF81F,0x2965,
  0xF81F,0x2124,0x2104,0xF81F,0xF81F,0xF81F,0xF81F,0xF81F,0xF81F,0xF81F,0xF81F,0xF81F,0xF81F,0xF81F,0xF81F,0x2124,
  0x2124,0xF81F,0xF81F,0xF81F,0xF81F,0xF81F,0xF81F,0xF81F,0xF81F,0x2985,0x3185,0xF81F,0x2104,0xF81F,0xF81F,0xF81F,
  0xF81F,0xF81F,0xF81F,0xF81F,0xF81F,0x2985,0x2965,0xF81F,0xF81F,0x2945,0xF81F,0xF81F,0xF81F,0xF81F,0xF81F,0xF81F,
};
const HdImage img_A_3 = { 159, 77, 13, 16, img_A_3_data };

static const uint16_t img_A_4_data[209] = {
  0xF81F,0xF81F,0xF81F,0xF81F,0xF81F,0xF81F,0x2144,0x2103,0x2103,0x2124,0xF81F,0xF81F,0xF81F,0xF81F,0xF81F,0xF81F,
  0x2144,0x1903,0x18E3,0x18E3,0x18E3,0x2103,0xF81F,0xF81F,0xF81F,0xF81F,0x2144,0x2124,0x1903,0x18E3,0x1903,0x1903,
  0x1903,0xF81F,0xF81F,0xF81F,0x2965,0xF81F,0xF81F,0x2124,0x2104,0xF81F,0xF81F,0x2124,0xF81F,0xF81F,0x2144,0xF81F,
  0xF81F,0x2124,0x18E3,0x2104,0xF81F,0x2965,0xF81F,0xF81F,0x2144,0x2124,0xF81F,0x2944,0x2124,0x18E3,0xF81F,0xF81F,
  0x2965,0xF81F,0xF81F,0x2124,0x2123,0xF81F,0x2124,0x2103,0xF81F,0xF81F,0x2965,0xF81F,0xF81F,0xF81F,0x2965,0xF81F,
  0xF81F,0x2124,0xF81F,0xF81F,0xF81F,0x2124,0xF81F,0xF81F,0xF81F,0xF81F,0xF81F,0xF81F,0xF81F,0xF81F,0xF81F,0xF81F,
  0xF81F,0xF81F,0xF81F,0xF81F,0xF81F,0xF81F,0xF81F,0xF81F,0xF81F,0xF81F,0xF81F,0xF81F,0xF81F,0xF81F,0xF81F,0xF81F,
  0x2944,0x2144,0x2144,0x2964,0xF81F,0xF81F,0xF81F,0xF81F,0xF81F,0x3185,0x2124,0x2104,0xF81F,0x18E3,0x2104,0xF81F,
  0xF81F,0xF81F,0xF81F,0xF81F,0xF81F,0xF81F,0xF81F,0xF81F,0x2144,0x2124,0xF81F,0x2985,0xF81F,0xF81F,0xF81F,0xF81F,
  0xF81F,0xF81F,0xF81F,0x2965,0xF81F,0x2985,0x2965,0xF81F,0xF81F,0xF81F,0xF81F,0x2965,0xF81F,0xF81F,0x1903,0x2124,
  0xF81F,0xF81F,0xF81F,0xF81F,0xF81F,0xF81F,0x2145,0xF81F,0xF81F,0x1903,0x2104,0xF81F,0xF81F,0x2965,0xF81F,0xF81F,
  0xF81F,0xF81F,0xF81F,0xF81F,0x2124,0x2144,0x2965,0x2965,0xF81F,0xF81F,0xF81F,0xF81F,0x2965,0x2965,0x2145,0xF81F,
  0xF81F,0xF81F,0x2144,0xF81F,0xF81F,0xF81F,0xF81F,0xF81F,0xF81F,0x2144,0xF81F,0xF81F,0xF81F,0xF81F,0xF81F,0xF81F,
  0xF81F,
};
const HdImage img_A_4 = { 146, 83, 11, 19, img_A_4_data };

static const uint16_t img_A_5_data[208] = {
  0xF81F,0xF81F,0xF81F,0x2965,0x2144,0x2124,0x2124,0x2144,0xF81F,0x2945,0xF81F,0xF81F,0xF81F,0xF81F,0xF81F,0x2965,
  0xF81F,0x1903,0x18E3,0x18E3,0x18E3,0xF81F,0xF81F,0x2124,0xF81F,0xF81F,0xF81F,0x2945,0x2965,0xF81F,0x1903,0x18C3,
  0x18C3,0x2103,0xF81F,0xF81F,0x18E3,0x2124,0xF81F,0x2144,0x2124,0xF81F,0xF81F,0x2124,0x18E3,0x1903,0x2104,0x1904,
  0xF81F,0x2124,0x2104,0x1903,0x2124,0x18E3,0xF81F,0x2144,0x2104,0xF81F,0xF81F,0xF81F,0x2104,0xF81F,0xF81F,0xF81F,
  0x2124,0x2104,0x1903,0xF81F,0x2945,0xF81F,0xF81F,0xF81F,0xF81F,0x2964,0xF81F,0xF81F,0xF81F,0x2965,0x2124,0xF81F,
  0xF81F,0xF81F,0xF81F,0xF81F,0xF81F,0xF81F,0xF81F,0xF81F,0xF81F,0xF81F,0xF81F,0xF81F,0xF81F,0xF81F,0xF81F,0xF81F,
  0xF81F,0x2144,0x2164,0xF81F,0xF81F,0xF81F,0xF81F,0xF81F,0xF81F,0xF81F,0xF81F,0xF81F,0x2124,0x2124,0x2124,0x18E3,
  0x1903,0xF81F,0xF81F,0xF81F,0xF81F,0xF81F,0xF81F,0xF81F,0xF81F,0xF81F,0xF81F,0xF81F,0x1903,0x18E3,0xF81F,0xF81F,
  0xF81F,0xF81F,0xF81F,0xF81F,0xF81F,0x2945,0x2944,0xF81F,0x2965,0x2144,0xF81F,0xF81F,0xF81F,0xF81F,0xF81F,0xF81F,
  0xF81F,0xF81F,0xF81F,0xF81F,0x3185,0xF81F,0xF81F,0xF81F,0xF81F,0xF81F,0xF81F,0xF81F,0xF81F,0xF81F,0x2965,0xF81F,
  0xF81F,0xF81F,0x2124,0x2104,0xF81F,0xF81F,0x2965,0xF81F,0xF81F,0xF81F,0xF81F,0x2965,0x2144,0x2145,0xF81F,0x2124,
  0x1903,0xF81F,0xF81F,0x2944,0xF81F,0xF81F,0xF81F,0xF81F,0xF81F,0xF81F,0xF81F,0xF81F,0xF81F,0x2103,0x2144,0x2985,
  0xF81F,0xF81F,0xF81F,0xF81F,0xF81F,0xF81F,0xF81F,0xF81F,0xF81F,0xF81F,0x2144,0x2124,0xF81F,0xF81F,0xF81F,0xF81F,
};
const HdImage img_A_5 = { 132, 98, 13, 16, img_A_5_data };

static const uint16_t img_A_6_data[255] = {
  0xF81F,0xF81F,0xF81F,0xF81F,0xF81F,0x2964,0x2124,0x2124,0x2124,0x2144,0x2944,0xF81F,0xF81F,0xF81F,0xF81F,0xF81F,
  0xF81F,0xF81F,0x2144,0x2124,0x1903,0x18E3,0x18E3,0x1903,0xF81F,0x2124,0x2104,0xF81F,0xF81F,0xF81F,0xF81F,0xF81F,
  0x2124,0xF81F,0xF81F,0x18E3,0x18C3,0x18C3,0x18E3,0xF81F,0xF81F,0x18E3,0x2103,0xF81F,0xF81F,0xF81F,0x2124,0x1903,
  0xF81F,0xF81F,0x1903,0x18C2,0x18C3,0x18E3,0xF81F,0xF81F,0xF81F,0x18E3,0x2104,0xF81F,0x2124,0x2104,0xF81F,0xF81F,
  0xF81F,0x18E3,0x18E3,0x18E3,0x18E3,0x18E3,0x2965,0x2945,0x18E3,0x1903,0x1903,0x1903,0x18C3,0xF81F,0xF81F,0x2144,
  0x18E3,0xF81F,0xF81F,0xF81F,0x2124,0x2965,0xF81F,0xF81F,0x1903,0x18E3,0x18E3,0x18C3,0x2124,0x2965,0xF81F,0x2124,
  0xF81F,0xF81F,0xF81F,0xF81F,0xF81F,0xF81F,0xF81F,0xF81F,0x2144,0x2104,0x18E3,0xF81F,0xF81F,0xF81F,0xF81F,0xF81F,
  0xF81F,0xF81F,0xF81F,0xF81F,0xF81F,0xF81F,0xF81F,0xF81F,0x2104,0x2104,0xF81F,0xF81F,0xF81F,0xF81F,0xF81F,0xF81F,
  0xF81F,0x2124,0xF81F,0xF81F,0xF81F,0xF81F,0xF81F,0xF81F,0xF81F,0xF81F,0xF81F,0xF81F,0xF81F,0xF81F,0x2944,0x2944,
  0x1903,0x1903,0xF81F,0xF81F,0xF81F,0xF81F,0xF81F,0xF81F,0xF81F,0xF81F,0xF81F,0xF81F,0x2964,0x2944,0xF81F,0xF81F,
  0x2103,0xF81F,0xF81F,0xF81F,0xF81F,0xF81F,0xF81F,0xF81F,0xF81F,0xF81F,0xF81F,0xF81F,0xF81F,0xF81F,0xF81F,0xF81F,
  0xF81F,0x2945,0x2124,0xF81F,0xF81F,0xF81F,0xF81F,0xF81F,0xF81F,0x2945,0x2144,0xF81F,0xF81F,0x2144,0xF81F,0xF81F,
  0x2965,0xF81F,0xF81F,0xF81F,0xF81F,0xF81F,0xF81F,0xF81F,0x2965,0x2104,0x2945,0x2965,0x1903,0x2144,0xF81F,0xF81F,
  0xF81F,0xF81F,0xF81F,0xF81F,0xF81F,0xF81F,0xF81F,0xF81F,0xF81F,0xF81F,0xF81F,0x1904,0x18E3,0x2945,0x2944,0x2124,
  0x2124,0xF81F,0xF81F,0xF81F,0xF81F,0xF81F,0xF81F,0x2124,0xF81F,0x2965,0x2124,0xF81F,0xF81F,0x2945,0x2124,0x1903,
  0xF81F,0xF81F,0xF81F,0xF81F,0xF81F,0xF81F,0x1903,0x2144,0xF81F,0xF81F,0xF81F,0xF81F,0xF81F,0xF81F,0xF81F,
};
const HdImage img_A_6 = { 122, 112, 15, 17, img_A_6_data };

static const uint16_t img_A_7_data[306] = {
  0xF81F,0xF81F,0xF81F,0xF81F,0xF81F,0x2144,0x2104,0x2104,0x1904,0x2104,0x2124,0x2144,0xF81F,0xF81F,0xF81F,0xF81F,
  0xF81F,0xF81F,0xF81F,0xF81F,0x2124,0x2124,0xF81F,0x18E3,0x18E3,0x18C2,0x18E3,0xF81F,0xF81F,0x2124,0x2124,0xF81F,
  0xF81F,0xF81F,0xF81F,0xF81F,0xF81F,0x2104,0xF81F,0xF81F,0x18E3,0x10C3,0x18C2,0x10C3,0x18E3,0xF81F,0xF81F,0x2103,
  0x2103,0xF81F,0xF81F,0xF81F,0xF81F,0x2124,0xF81F,0xF81F,0xF81F,0x18E3,0x10A2,0x18C2,0x10C2,0x18E3,0xF81F,0xF81F,
  0xF81F,0x18E3,0x18E3,0xF81F,0xF81F,0x2103,0x18C3,0xF81F,0xF81F,0xF81F,0x18E3,0x18C3,0x18E3,0x18C3,0x18E3,0xF81F,
  0xF81F,0xF81F,0x18C3,0x18E3,0x1903,0x2103,0x18E3,0x18C3,0xF81F,0xF81F,0x2104,0x18E3,0x18E3,0x18E3,0x18E3,0x18E3,
  0x18E3,0x2124,0xF81F,0x18E3,0x10C3,0x18E3,0x18E3,0x18C3,0x18E3,0xF81F,0xF81F,0x2124,0xF81F,0xF81F,0xF81F,0xF81F,
  0xF81F,0x18E3,0xF81F,0xF81F,0x1903,0x18E3,0x18C3,0x18E3,0x18E3,0xF81F,0xF81F,0xF81F,0xF81F,0xF81F,0xF81F,0xF81F,
  0xF81F,0xF81F,0xF81F,0xF81F,0xF81F,0xF81F,0x18E3,0x18E3,0x1903,0xF81F,0xF81F,0xF81F,0xF81F,0xF81F,0xF81F,0xF81F,
  0xF81F,0xF81F,0xF81F,0xF81F,0xF81F,0xF81F,0xF81F,0xF81F,0x2104,0xF81F,0xF81F,0xF81F,0xF81F,0xF81F,0xF81F,0xF81F,
  0xF81F,0xF81F,0xF81F,0xF81F,0xF81F,0xF81F,0xF81F,0xF81F,0xF81F,0xF81F,0xF81F,0xF81F,0x29A6,0xF81F,0xF81F,0x2985,
  0x1903,0x2124,0x1904,0x18E3,0xF81F,0xF81F,0xF81F,0xF81F,0xF81F,0xF81F,0xF81F,0xF81F,0xF81F,0xF81F,0xF81F,0xF81F,
  0x2144,0x1903,0xF81F,0x18C3,0x18E3,0xF81F,0xF81F,0xF81F,0xF81F,0xF81F,0xF81F,0xF81F,0xF81F,0xF81F,0xF81F,0xF81F,
  0xF81F,0xF81F,0xF81F,0xF81F,0x1903,0x1903,0xF81F,0xF81F,0xF81F,0xF81F,0xF81F,0xF81F,0xF81F,0xF81F,0xF81F,0xF81F,
  0xF81F,0xF81F,0x2124,0xF81F,0xF81F,0x2104,0xF81F,0xF81F,0x2124,0x2124,0xF81F,0xF81F,0xF81F,0xF81F,0xF81F,0xF81F,
  0xF81F,0xF81F,0xF81F,0x1903,0x2124,0xF81F,0x18E3,0x18E3,0xF81F,0xF81F,0xF81F,0xF81F,0xF81F,0xF81F,0xF81F,0xF81F,
  0xF81F,0xF81F,0xF81F,0xF81F,0xF81F,0xF81F,0xF81F,0x2124,0x18C3,0xF81F,0xF81F,0xF81F,0xF81F,0xF81F,0xF81F,0xF81F,
  0xF81F,0xF81F,0xF81F,0xF81F,0x2944,0x2104,0x2944,0xF81F,0xF81F,0xF81F,0x2124,0x2124,0xF81F,0xF81F,0xF81F,0xF81F,
  0xF81F,0xF81F,0xF81F,0xF81F,0xF81F,0x2103,0x1903,0xF81F,0xF81F,0xF81F,0xF81F,0x1903,0xF81F,0xF81F,0xF81F,0xF81F,
  0xF81F,0xF81F,
};
const HdImage img_A_7 = { 113, 128, 17, 18, img_A_7_data };

static const uint16_t img_A_Water_data[171] = {
  0xF81F,0xF81F,0xF81F,0xF81F,0xF81F,0xF81F,0xF81F,0xF81F,0xF81F,0xF81F,0xF81F,0xF81F,0xF81F,0xF81F,0xF81F,0xF81F,
  0xF81F,0x2944,0x2103,0xF81F,0xF81F,0xF81F,0x2103,0x2103,0x2964,0xF81F,0xF81F,0xF81F,0xF81F,0x2144,0xF81F,0xF81F,
  0xF81F,0xF81F,0xF81F,0xF81F,0x1903,0x2104,0xF81F,0xF81F,0xF81F,0xF81F,0x2965,0xF81F,0xF81F,0xF81F,0x2124,0x1903,
  0x1903,0x2103,0xF81F,0xF81F,0xF81F,0xF81F,0xF81F,0xF81F,0xF81F,0xF81F,0xF81F,0xF81F,0xF81F,0xF81F,0xF81F,0xF81F,
  0xF81F,0x2104,0x10C3,0x18C3,0x18E3,0x1904,0x2124,0xF81F,0xF81F,0xF81F,0xF81F,0xF81F,0xF81F,0x2123,0x2124,0xF81F,
  0xF81F,0xF81F,0xF81F,0xF81F,0x1903,0xF81F,0xF81F,0xF81F,0xF81F,0xF81F,0xF81F,0xF81F,0xF81F,0xF81F,0xF81F,0x2123,
  0x1903,0x2944,0xF81F,0xF81F,0x2144,0x2124,0xF81F,0x18E3,0x2104,0xF81F,0x2965,0xF81F,0xF81F,0xF81F,0xF81F,0xF81F,
  0xF81F,0xF81F,0xF81F,0xF81F,0xF81F,0xF81F,0xF81F,0x2124,0x18E3,0xF81F,0xF81F,0x1903,0x2144,0x2965,0xF81F,0xF81F,
  0x2124,0x2144,0xF81F,0xF81F,0xF81F,0xF81F,0xF81F,0xF81F,0xF81F,0xF81F,0xF81F,0xF81F,0xF81F,0x2944,0x18E3,0x18C3,
  0x2924,0x2985,0x2164,0xF81F,0xF81F,0xF81F,0xF81F,0xF81F,0xF81F,0xF81F,0xF81F,0xF81F,0xF81F,0xF81F,0xF81F,0xF81F,
  0xF81F,0x2103,0x1903,0xF81F,0xF81F,0xF81F,0xF81F,0xF81F,0xF81F,0xF81F,0xF81F,
};
const HdImage img_A_Water = { 110, 151, 19, 9, img_A_Water_data };

static const uint16_t img_B_1_data[81] = {
  0xF81F,0xF81F,0xF81F,0xF81F,0xF81F,0x2965,0xF81F,0xF81F,0xF81F,0xF81F,0xF81F,0xF81F,0x2985,0x2144,0xF81F,0x2104,
  0x2945,0x2985,0xF81F,0x2985,0xF81F,0x2985,0x2124,0xF81F,0xF81F,0xF81F,0xF81F,0xF81F,0x2144,0xF81F,0xF81F,0x2124,
  0x2944,0xF81F,0xF81F,0xF81F,0xF81F,0xF81F,0xF81F,0xF81F,0x2944,0xF81F,0xF81F,0x2965,0x2985,0x2965,0x2964,0xF81F,
  0x2124,0x2104,0xF81F,0xF81F,0xF81F,0xF81F,0xF81F,0xF81F,0xF81F,0x2124,0xF81F,0xF81F,0xF81F,0xF81F,0xF81F,0xF81F,
  0xF81F,0x2985,0xF81F,0xF81F,0xF81F,0xF81F,0xF81F,0xF81F,0xF81F,0xF81F,0x2945,0xF81F,0xF81F,0xF81F,0xF81F,0xF81F,
  0xF81F,
};
const HdImage img_B_1 = { 193, 85, 9, 9, img_B_1_data };

static const uint16_t img_B_2_data[130] = {
  0xF81F,0xF81F,0xF81F,0xF81F,0xF81F,0xF81F,0xF81F,0xF81F,0xF81F,0xF81F,0x2144,0x2124,0x2124,0xF81F,0xF81F,0xF81F,
  0xF81F,0xF81F,0xF81F,0xF81F,0xF81F,0x2965,0x2945,0x1904,0x1904,0xF81F,0xF81F,0xF81F,0xF81F,0x2965,0xF81F,0xF81F,
  0x31A5,0x2965,0x2124,0x2124,0xF81F,0xF81F,0xF81F,0xF81F,0xF81F,0xF81F,0x2944,0xF81F,0xF81F,0x2965,0xF81F,0xF81F,
  0xF81F,0xF81F,0xF81F,0xF81F,0xF81F,0xF81F,0xF81F,0x2124,0x2944,0x31C6,0xF81F,0xF81F,0xF81F,0xF81F,0xF81F,0xF81F,
  0xF81F,0xF81F,0xF81F,0xF81F,0x2144,0x2124,0xF81F,0x2144,0x2144,0x2144,0xF81F,0xF81F,0xF81F,0xF81F,0xF81F,0xF81F,
  0x2965,0x2144,0xF81F,0x2144,0x2124,0x18E3,0x1903,0xF81F,0xF81F,0xF81F,0xF81F,0x2965,0x2965,0xF81F,0xF81F,0xF81F,
  0x2144,0xF81F,0xF81F,0x2104,0x2144,0xF81F,0xF81F,0xF81F,0x2165,0xF81F,0xF81F,0x2965,0xF81F,0xF81F,0xF81F,0xF81F,
  0xF81F,0x2124,0xF81F,0xF81F,0xF81F,0xF81F,0xF81F,0xF81F,0x2124,0x2965,0xF81F,0xF81F,0xF81F,0xF81F,0xF81F,0xF81F,
  0xF81F,0xF81F,
};
const HdImage img_B_2 = { 182, 84, 13, 10, img_B_2_data };

static const uint16_t img_B_3_data[240] = {
  0xF81F,0xF81F,0xF81F,0xF81F,0xF81F,0xF81F,0xF81F,0xF81F,0xF81F,0xF81F,0x2965,0x2965,0xF81F,0xF81F,0xF81F,0xF81F,
  0xF81F,0xF81F,0xF81F,0xF81F,0x2965,0x2144,0x2104,0x2104,0xF81F,0xF81F,0xF81F,0xF81F,0xF81F,0xF81F,0xF81F,0x2985,
  0x2944,0x2124,0xF81F,0x2144,0xF81F,0xF81F,0xF81F,0xF81F,0xF81F,0xF81F,0x2965,0x2944,0x2124,0xF81F,0x2985,0xF81F,
  0xF81F,0xF81F,0xF81F,0xF81F,0xF81F,0x2965,0x2144,0x2104,0xF81F,0x31A5,0x31A5,0xF81F,0xF81F,0xF81F,0xF81F,0xF81F,
  0x2965,0x2124,0x2103,0xF81F,0xF81F,0x2985,0xF81F,0xF81F,0xF81F,0xF81F,0xF81F,0xF81F,0x2945,0x2104,0x1903,0x2124,
  0x2985,0xF81F,0xF81F,0xF81F,0xF81F,0xF81F,0xF81F,0xF81F,0xF81F,0xF81F,0xF81F,0x2124,0x2985,0xF81F,0xF81F,0xF81F,
  0xF81F,0xF81F,0xF81F,0xF81F,0xF81F,0xF81F,0xF81F,0xF81F,0xF81F,0xF81F,0xF81F,0xF81F,0xF81F,0xF81F,0xF81F,0xF81F,
  0xF81F,0xF81F,0xF81F,0xF81F,0xF81F,0xF81F,0xF81F,0xF81F,0xF81F,0xF81F,0xF81F,0x2965,0x2945,0x2144,0x2985,0xF81F,
  0xF81F,0xF81F,0xF81F,0xF81F,0xF81F,0xF81F,0x2144,0x1903,0x2103,0x2124,0x2145,0xF81F,0xF81F,0xF81F,0xF81F,0xF81F,
  0xF81F,0xF81F,0x2124,0x2124,0xF81F,0xF81F,0xF81F,0x29A6,0xF81F,0xF81F,0xF81F,0xF81F,0x31A6,0xF81F,0xF81F,0xF81F,
  0xF81F,0xF81F,0x2985,0x2965,0xF81F,0xF81F,0xF81F,0xF81F,0xF81F,0x2145,0x31A6,0xF81F,0x2124,0xF81F,0xF81F,0xF81F,
  0xF81F,0xF81F,0xF81F,0xF81F,0xF81F,0xF81F,0xF81F,0xF81F,0x2144,0xF81F,0xF81F,0xF81F,0xF81F,0xF81F,0xF81F,0xF81F,
  0xF81F,0x2144,0x2165,0x2985,0x2124,0xF81F,0xF81F,0xF81F,0xF81F,0xF81F,0xF81F,0xF81F,0xF81F,0x2124,0x2144,0xF81F,
  0x2144,0xF81F,0xF81F,0xF81F,0xF81F,0xF81F,0xF81F,0xF81F,0xF81F,0xF81F,0xF81F,0xF81F,0x2965,0xF81F,0xF81F,0xF81F,
  0xF81F,0xF81F,0xF81F,0xF81F,0xF81F,0xF81F,0xF81F,0xF81F,0xF81F,0x2965,0xF81F,0xF81F,0xF81F,0xF81F,0xF81F,0xF81F,
};
const HdImage img_B_3 = { 171, 85, 12, 20, img_B_3_data };

static const uint16_t img_B_4_data[238] = {
  0xF81F,0xF81F,0xF81F,0xF81F,0xF81F,0x2965,0x2124,0x2124,0xF81F,0x2945,0x2144,0xF81F,0xF81F,0xF81F,0xF81F,0xF81F,
  0xF81F,0x2965,0x2124,0x2104,0x18E3,0x1904,0xF81F,0xF81F,0x2104,0x2124,0xF81F,0xF81F,0xF81F,0xF81F,0x2965,0xF81F,
  0x1903,0x18E3,0x18E3,0x18E3,0x1904,0xF81F,0xF81F,0x18E3,0x2103,0xF81F,0xF81F,0x2144,0x2124,0xF81F,0x2124,0x18E3,
  0x1903,0x2103,0x18E3,0x2124,0x31A6,0x2145,0x1903,0x2124,0x2945,0x2124,0x2124,0xF81F,0x2123,0x1903,0xF81F,0xF81F,
  0x2124,0x2144,0xF81F,0xF81F,0xF81F,0x2124,0x2124,0x18E3,0x2124,0x2965,0x2124,0xF81F,0xF81F,0xF81F,0xF81F,0xF81F,
  0xF81F,0xF81F,0xF81F,0xF81F,0x2124,0x18E3,0xF81F,0xF81F,0xF81F,0xF81F,0xF81F,0xF81F,0xF81F,0xF81F,0xF81F,0xF81F,
  0xF81F,0xF81F,0x2944,0xF81F,0xF81F,0xF81F,0xF81F,0xF81F,0xF81F,0xF81F,0x2964,0x2124,0xF81F,0x2985,0xF81F,0xF81F,
  0xF81F,0xF81F,0xF81F,0xF81F,0xF81F,0xF81F,0xF81F,0x2124,0x1903,0x1903,0x2144,0x2965,0xF81F,0xF81F,0xF81F,0xF81F,
  0xF81F,0xF81F,0xF81F,0xF81F,0xF81F,0x2124,0xF81F,0xF81F,0xF81F,0xF81F,0xF81F,0xF81F,0xF81F,0xF81F,0xF81F,0xF81F,
  0xF81F,0xF81F,0xF81F,0xF81F,0x2144,0x2985,0xF81F,0xF81F,0x2985,0xF81F,0xF81F,0xF81F,0xF81F,0xF81F,0xF81F,0x2945,
  0x2965,0xF81F,0xF81F,0x2124,0x2965,0xF81F,0xF81F,0xF81F,0xF81F,0xF81F,0xF81F,0xF81F,0xF81F,0xF81F,0x2945,0xF81F,
  0xF81F,0x2124,0x2124,0xF81F,0xF81F,0xF81F,0xF81F,0xF81F,0xF81F,0xF81F,0xF81F,0xF81F,0xF81F,0xF81F,0xF81F,0x2124,
  0x18E3,0x2965,0x2965,0x2965,0xF81F,0xF81F,0xF81F,0xF81F,0xF81F,0xF81F,0xF81F,0xF81F,0xF81F,0x2965,0xF81F,0xF81F,
  0xF81F,0xF81F,0xF81F,0xF81F,0xF81F,0xF81F,0xF81F,0xF81F,0xF81F,0xF81F,0xF81F,0x2144,0xF81F,0xF81F,0xF81F,0xF81F,
  0xF81F,0xF81F,0xF81F,0xF81F,0xF81F,0xF81F,0xF81F,0xF81F,0x2945,0x2124,0xF81F,0xF81F,0xF81F,0xF81F,
};
const HdImage img_B_4 = { 156, 97, 14, 17, img_B_4_data };

static const uint16_t img_B_5_data[270] = {
  0xF81F,0xF81F,0xF81F,0xF81F,0xF81F,0x2945,0x2144,0x2124,0x2144,0xF81F,0x2965,0xF81F,0xF81F,0xF81F,0xF81F,0xF81F,
  0xF81F,0xF81F,0x2985,0x2985,0x2124,0x1903,0x1903,0x1904,0xF81F,0x2144,0x2124,0xF81F,0xF81F,0xF81F,0xF81F,0xF81F,
  0x2944,0xF81F,0xF81F,0x1903,0x18E3,0x18E3,0x1903,0xF81F,0xF81F,0x2104,0x2124,0x2124,0xF81F,0xF81F,0x2144,0x2124,
  0xF81F,0xF81F,0x2104,0x18E3,0x18E3,0x1903,0xF81F,0xF81F,0xF81F,0x18E3,0x1903,0x2124,0xF81F,0x2144,0x2103,0xF81F,
  0xF81F,0x2103,0x18E3,0x18E3,0x1903,0x2124,0xF81F,0xF81F,0x2124,0x18E3,0x18E3,0x2124,0x18E3,0xF81F,0xF81F,0xF81F,
  0x2103,0xF81F,0xF81F,0xF81F,0xF81F,0x2144,0xF81F,0xF81F,0xF81F,0x2104,0x2104,0x18E3,0x2124,0xF81F,0xF81F,0xF81F,
  0xF81F,0xF81F,0xF81F,0xF81F,0xF81F,0xF81F,0xF81F,0xF81F,0xF81F,0x1903,0x18E3,0xF81F,0xF81F,0xF81F,0xF81F,0xF81F,
  0xF81F,0xF81F,0xF81F,0xF81F,0xF81F,0xF81F,0xF81F,0xF81F,0x2124,0x2124,0xF81F,0xF81F,0xF81F,0xF81F,0xF81F,0xF81F,
  0xF81F,0x2124,0x2124,0xF81F,0xF81F,0xF81F,0xF81F,0xF81F,0xF81F,0x2985,0xF81F,0xF81F,0xF81F,0xF81F,0xF81F,0x2124,
  0x18E3,0x18E3,0x2104,0x2144,0xF81F,0xF81F,0xF81F,0xF81F,0xF81F,0xF81F,0xF81F,0xF81F,0xF81F,0xF81F,0x2124,0xF81F,
  0xF81F,0xF81F,0xF81F,0xF81F,0xF81F,0xF81F,0xF81F,0xF81F,0xF81F,0xF81F,0xF81F,0xF81F,0xF81F,0xF81F,0x2123,0xF81F,
  0xF81F,0xF81F,0x2965,0xF81F,0xF81F,0xF81F,0xF81F,0xF81F,0xF81F,0xF81F,0xF81F,0x2965,0xF81F,0xF81F,0x2124,0xF81F,
  0xF81F,0x2124,0x2965,0xF81F,0xF81F,0xF81F,0xF81F,0xF81F,0xF81F,0x2965,0xF81F,0xF81F,0xF81F,0x18E3,0x2124,0xF81F,
  0xF81F,0xF81F,0xF81F,0xF81F,0xF81F,0xF81F,0xF81F,0xF81F,0xF81F,0xF81F,0xF81F,0xF81F,0x2104,0x18E3,0xF81F,0xF81F,
  0xF81F,0xF81F,0xF81F,0xF81F,0xF81F,0xF81F,0xF81F,0xF81F,0x2965,0x2944,0xF81F,0x2124,0x2104,0xF81F,0xF81F,0xF81F,
  0xF81F,0xF81F,0xF81F,0xF81F,0xF81F,0xF81F,0xF81F,0xF81F,0x2104,0x2124,0xF81F,0xF81F,0x2124,0x2965,0xF81F,0xF81F,
  0xF81F,0xF81F,0xF81F,0xF81F,0xF81F,0xF81F,0xF81F,0xF81F,0xF81F,0xF81F,0xF81F,0x2945,0xF81F,0xF81F,
};
const HdImage img_B_5 = { 148, 109, 15, 18, img_B_5_data };

static const uint16_t img_B_6_data[324] = {
  0xF81F,0xF81F,0xF81F,0xF81F,0xF81F,0xF81F,0x2124,0x2104,0x2104,0x2104,0x2104,0x2124,0x2144,0xF81F,0xF81F,0xF81F,
  0xF81F,0xF81F,0xF81F,0xF81F,0xF81F,0xF81F,0x2124,0x2124,0x2104,0x18E3,0x18C3,0x10C3,0x18E3,0x2104,0x2104,0x2124,
  0xF81F,0xF81F,0xF81F,0xF81F,0xF81F,0xF81F,0x2144,0x2124,0x18E3,0xF81F,0xF81F,0x2104,0x18C3,0x18C3,0x18E3,0x18E3,
  0xF81F,0xF81F,0x2104,0x2124,0xF81F,0xF81F,0xF81F,0xF81F,0x2123,0x18E3,0xF81F,0xF81F,0x2124,0x1903,0x10C2,0x18C3,
  0x10C2,0x18E3,0xF81F,0xF81F,0x18E3,0x18E3,0x2104,0xF81F,0xF81F,0x2104,0x18E3,0xF81F,0xF81F,0xF81F,0x2104,0x18E3,
  0x18E3,0x18E3,0x18E3,0x18E3,0xF81F,0xF81F,0xF81F,0x18E3,0x1903,0xF81F,0x2124,0x18E3,0x10C3,0x18E3,0xF81F,0x2145,
  0x1903,0x18C3,0x1903,0x1903,0x1903,0x18E3,0x1903,0xF81F,0xF81F,0x18E3,0x18C3,0x18E3,0x1903,0x18C3,0x18E3,0xF81F,
  0xF81F,0xF81F,0x2104,0xF81F,0xF81F,0xF81F,0xF81F,0xF81F,0x18E3,0xF81F,0xF81F,0x2104,0x18E3,0x18E3,0x18E3,0x18C3,
  0xF81F,0xF81F,0xF81F,0xF81F,0xF81F,0xF81F,0xF81F,0xF81F,0xF81F,0xF81F,0xF81F,0xF81F,0xF81F,0xF81F,0x18E3,0x18E3,
  0xF81F,0x2124,0xF81F,0xF81F,0xF81F,0xF81F,0xF81F,0xF81F,0xF81F,0xF81F,0xF81F,0xF81F,0xF81F,0xF81F,0xF81F,0xF81F,
  0xF81F,0x2124,0xF81F,0xF81F,0xF81F,0xF81F,0xF81F,0xF81F,0xF81F,0xF81F,0xF81F,0xF81F,0xF81F,0xF81F,0xF81F,0xF81F,
  0xF81F,0xF81F,0xF81F,0xF81F,0xF81F,0xF81F,0xF81F,0xF81F,0xF81F,0xF81F,0x2104,0x2103,0x1903,0x1903,0x2945,0xF81F,
  0xF81F,0xF81F,0xF81F,0xF81F,0xF81F,0xF81F,0xF81F,0xF81F,0xF81F,0xF81F,0xF81F,0xF81F,0x2104,0xF81F,0xF81F,0x18E3,
  0xF81F,0xF81F,0xF81F,0xF81F,0xF81F,0xF81F,0xF81F,0xF81F,0xF81F,0xF81F,0xF81F,0x2945,0xF81F,0xF81F,0x2103,0x2124,
  0xF81F,0xF81F,0xF81F,0xF81F,0xF81F,0xF81F,0xF81F,0xF81F,0xF81F,0xF81F,0xF81F,0xF81F,0xF81F,0xF81F,0x2944,0xF81F,
  0xF81F,0x2104,0xF81F,0xF81F,0xF81F,0x2144,0x2144,0xF81F,0xF81F,0xF81F,0xF81F,0xF81F,0xF81F,0xF81F,0xF81F,0xF81F,
  0xF81F,0xF81F,0xF81F,0x2104,0x18E3,0xF81F,0xF81F,0xF81F,0xF81F,0xF81F,0xF81F,0xF81F,0xF81F,0xF81F,0xF81F,0xF81F,
  0xF81F,0xF81F,0xF81F,0xF81F,0x2124,0x2104,0x18E3,0xF81F,0xF81F,0xF81F,0xF81F,0xF81F,0xF81F,0xF81F,0xF81F,0xF81F,
  0xF81F,0xF81F,0xF81F,0x1903,0x2124,0x2944,0x2144,0x18E3,0x18E3,0x2144,0x2124,0x2124,0xF81F,0xF81F,0xF81F,0xF81F,
  0xF81F,0xF81F,0xF81F,0xF81F,0xF81F,0xF81F,0x1903,0xF81F,0xF81F,0xF81F,0xF81F,0xF81F,0x2104,0xF81F,0xF81F,0xF81F,
  0xF81F,0xF81F,0xF81F,0xF81F,
};
const HdImage img_B_6 = { 142, 127, 18, 18, img_B_6_data };

static const uint16_t img_B_Water_data[144] = {
  0xF81F,0xF81F,0xF81F,0xF81F,0xF81F,0xF81F,0xF81F,0x2123,0x2123,0xF81F,0xF81F,0xF81F,0xF81F,0xF81F,0x2123,0x2144,
  0xF81F,0xF81F,0x2124,0x2124,0xF81F,0xF81F,0xF81F,0xF81F,0x1903,0x18E3,0x1903,0x2103,0xF81F,0xF81F,0xF81F,0xF81F,
  0xF81F,0x2124,0xF81F,0xF81F,0xF81F,0xF81F,0xF81F,0xF81F,0xF81F,0x2124,0x18E3,0xF81F,0xF81F,0x18E3,0x2124,0xF81F,
  0xF81F,0xF81F,0xF81F,0xF81F,0xF81F,0xF81F,0xF81F,0xF81F,0xF81F,0xF81F,0xF81F,0xF81F,0x1903,0xF81F,0xF81F,0xF81F,
  0xF81F,0xF81F,0xF81F,0xF81F,0xF81F,0xF81F,0xF81F,0xF81F,0xF81F,0xF81F,0xF81F,0xF81F,0xF81F,0xF81F,0xF81F,0x1903,
  0x2144,0xF81F,0xF81F,0xF81F,0xF81F,0xF81F,0xF81F,0xF81F,0x2124,0x2144,0xF81F,0xF81F,0xF81F,0x2144,0x2144,0xF81F,
  0xF81F,0x1903,0xF81F,0xF81F,0xF81F,0x2124,0x2124,0xF81F,0xF81F,0xF81F,0x1903,0x2124,0xF81F,0xF81F,0xF81F,0xF81F,
  0xF81F,0xF81F,0x2124,0x18E3,0x2103,0x3185,0xF81F,0xF81F,0xF81F,0xF81F,0xF81F,0xF81F,0xF81F,0xF81F,0xF81F,0xF81F,
  0xF81F,0xF81F,0xF81F,0xF81F,0x2124,0x2104,0x2103,0xF81F,0xF81F,0xF81F,0xF81F,0xF81F,0xF81F,0xF81F,0xF81F,0xF81F,
};
const HdImage img_B_Water = { 140, 151, 18, 8, img_B_Water_data };

static const uint16_t img_C_1_data[72] = {
  0x2965,0x2945,0x2965,0x2144,0x2144,0xF81F,0xF81F,0xF81F,0x2964,0x2144,0x2965,0x1903,0x2124,0xF81F,0xF81F,0xF81F,
  0xF81F,0xF81F,0xF81F,0x2144,0x2104,0xF81F,0x2985,0x3186,0xF81F,0xF81F,0xF81F,0x2965,0xF81F,0xF81F,0xF81F,0xF81F,
  0x31A6,0x2965,0xF81F,0x2124,0x2144,0xF81F,0xF81F,0xF81F,0xF81F,0xF81F,0xF81F,0x2944,0x2124,0xF81F,0x2965,0x2985,
  0xF81F,0xF81F,0x2985,0x2965,0xF81F,0xF81F,0xF81F,0xF81F,0xF81F,0x2985,0x2165,0xF81F,0xF81F,0xF81F,0xF81F,0xF81F,
  0xF81F,0xF81F,0x2144,0xF81F,0xF81F,0xF81F,0xF81F,0xF81F,
};
const HdImage img_C_1 = { 205, 95, 8, 9, img_C_1_data };

static const uint16_t img_C_2_data[140] = {
  0xF81F,0xF81F,0xF81F,0xF81F,0xF81F,0xF81F,0xF81F,0xF81F,0xF81F,0x2965,0xF81F,0xF81F,0xF81F,0xF81F,0xF81F,0xF81F,
  0xF81F,0xF81F,0x2144,0x2124,0xF81F,0xF81F,0xF81F,0xF81F,0xF81F,0xF81F,0xF81F,0x2144,0x2124,0xF81F,0xF81F,0xF81F,
  0xF81F,0xF81F,0xF81F,0xF81F,0xF81F,0x2964,0x1904,0xF81F,0xF81F,0xF81F,0xF81F,0xF81F,0xF81F,0xF81F,0x2124,0x2144,
  0xF81F,0xF81F,0x3186,0x2124,0xF81F,0xF81F,0xF81F,0xF81F,0x2144,0xF81F,0xF81F,0xF81F,0xF81F,0x2104,0x2124,0x2985,
  0xF81F,0xF81F,0xF81F,0xF81F,0xF81F,0xF81F,0xF81F,0xF81F,0xF81F,0x2144,0xF81F,0x2965,0xF81F,0xF81F,0xF81F,0xF81F,
  0xF81F,0xF81F,0x31E6,0x2145,0x2124,0x2985,0xF81F,0xF81F,0xF81F,0xF81F,0xF81F,0xF81F,0xF81F,0x29A5,0x2124,0x2124,
  0x2965,0xF81F,0xF81F,0xF81F,0xF81F,0x2965,0x31A5,0xF81F,0x2124,0x2104,0xF81F,0x2124,0x2965,0xF81F,0xF81F,0xF81F,
  0xF81F,0xF81F,0xF81F,0x2124,0xF81F,0xF81F,0xF81F,0xF81F,0xF81F,0xF81F,0x2985,0xF81F,0xF81F,0x2965,0xF81F,0xF81F,
  0xF81F,0xF81F,0xF81F,0x2145,0x2144,0xF81F,0xF81F,0x2965,0xF81F,0xF81F,0xF81F,0xF81F,
};
const HdImage img_C_2 = { 195, 92, 10, 14, img_C_2_data };

static const uint16_t img_C_3_data[224] = {
  0xF81F,0xF81F,0xF81F,0xF81F,0xF81F,0x2965,0x2945,0x2965,0x2965,0xF81F,0xF81F,0xF81F,0xF81F,0xF81F,0xF81F,0xF81F,
  0x2964,0x2965,0xF81F,0x1903,0x18E3,0x18E3,0x2104,0xF81F,0x2965,0xF81F,0xF81F,0xF81F,0xF81F,0x2945,0x2144,0xF81F,
  0xF81F,0x2104,0x18E3,0x18E3,0x1904,0xF81F,0xF81F,0x2144,0xF81F,0xF81F,0xF81F,0x2144,0xF81F,0xF81F,0xF81F,0x2124,
  0x1903,0x1904,0x1904,0x2124,0xF81F,0x2124,0x2124,0xF81F,0x2144,0x1904,0x2145,0x31C6,0x2945,0x1903,0xF81F,0xF81F,
  0x2124,0x2124,0x2985,0xF81F,0x1904,0x1903,0x2144,0x1904,0xF81F,0xF81F,0x2944,0x2124,0xF81F,0xF81F,0xF81F,0x2144,
  0xF81F,0xF81F,0xF81F,0x1903,0x2144,0xF81F,0xF81F,0xF81F,0xF81F,0xF81F,0xF81F,0xF81F,0xF81F,0xF81F,0xF81F,0xF81F,
  0xF81F,0x2124,0xF81F,0xF81F,0xF81F,0xF81F,0xF81F,0xF81F,0xF81F,0xF81F,0xF81F,0xF81F,0xF81F,0xF81F,0xF81F,0xF81F,
  0xF81F,0xF81F,0xF81F,0xF81F,0xF81F,0xF81F,0x2945,0x2144,0x2124,0xF81F,0xF81F,0xF81F,0xF81F,0xF81F,0xF81F,0xF81F,
  0xF81F,0xF81F,0xF81F,0x2124,0x1904,0xF81F,0x2104,0x2124,0xF81F,0xF81F,0xF81F,0xF81F,0xF81F,0xF81F,0xF81F,0xF81F,
  0xF81F,0x2124,0x1904,0xF81F,0x2124,0x2144,0x31A6,0xF81F,0x2985,0x2965,0xF81F,0xF81F,0xF81F,0xF81F,0xF81F,0x2965,
  0xF81F,0xF81F,0xF81F,0x2124,0x2124,0xF81F,0x2124,0x2144,0xF81F,0xF81F,0xF81F,0xF81F,0xF81F,0xF81F,0xF81F,0xF81F,
  0xF81F,0xF81F,0x2124,0x2124,0xF81F,0xF81F,0xF81F,0xF81F,0xF81F,0xF81F,0xF81F,0xF81F,0x31A6,0x2965,0xF81F,0xF81F,
  0x2144,0xF81F,0xF81F,0xF81F,0xF81F,0xF81F,0xF81F,0xF81F,0xF81F,0xF81F,0xF81F,0xF81F,0xF81F,0xF81F,0xF81F,0xF81F,
  0xF81F,0xF81F,0xF81F,0xF81F,0xF81F,0xF81F,0xF81F,0xF81F,0xF81F,0xF81F,0xF81F,0x2985,0x2144,0xF81F,0xF81F,0xF81F,
};
const HdImage img_C_3 = { 180, 96, 14, 16, img_C_3_data };

static const uint16_t img_C_4_data[255] = {
  0xF81F,0xF81F,0xF81F,0xF81F,0x2965,0x2944,0x2124,0x2103,0x2104,0x2124,0x2965,0xF81F,0xF81F,0xF81F,0xF81F,0xF81F,
  0xF81F,0xF81F,0x2944,0x2144,0xF81F,0x2103,0x18C3,0x18E3,0x18E3,0x2124,0x2144,0xF81F,0xF81F,0xF81F,0xF81F,0x2924,
  0x2144,0xF81F,0xF81F,0x2964,0x2104,0x18E3,0x1903,0x1903,0xF81F,0x1903,0x2124,0xF81F,0xF81F,0xF81F,0x2124,0x1903,
  0xF81F,0xF81F,0x2124,0x18E3,0x18E3,0x18C3,0x18E3,0xF81F,0xF81F,0x18E3,0x1903,0xF81F,0x2124,0x18E3,0x1903,0xF81F,
  0xF81F,0x2124,0x18E3,0x18E3,0x2104,0x18E3,0xF81F,0xF81F,0x18E3,0x1903,0xF81F,0x2104,0x18E3,0x2104,0xF81F,0x2965,
  0x2124,0xF81F,0xF81F,0xF81F,0x18E3,0x2124,0xF81F,0x2123,0x18E3,0x1903,0x2124,0xF81F,0xF81F,0xF81F,0xF81F,0xF81F,
  0xF81F,0xF81F,0xF81F,0xF81F,0xF81F,0xF81F,0x2124,0x1903,0x18E3,0xF81F,0xF81F,0xF81F,0xF81F,0xF81F,0xF81F,0xF81F,
  0xF81F,0xF81F,0xF81F,0xF81F,0xF81F,0xF81F,0xF81F,0x2124,0xF81F,0xF81F,0xF81F,0xF81F,0xF81F,0xF81F,0xF81F,0xF81F,
  0xF81F,0xF81F,0xF81F,0xF81F,0xF81F,0xF81F,0xF81F,0xF81F,0xF81F,0xF81F,0xF81F,0xF81F,0x2965,0x2144,0x2144,0x2124,
  0x1904,0xF81F,0xF81F,0xF81F,0xF81F,0xF81F,0xF81F,0xF81F,0xF81F,0xF81F,0xF81F,0xF81F,0xF81F,0xF81F,0xF81F,0x2104,
  0x2124,0xF81F,0xF81F,0xF81F,0xF81F,0xF81F,0xF81F,0xF81F,0xF81F,0xF81F,0xF81F,0xF81F,0xF81F,0x2944,0x2103,0xF81F,
  0xF81F,0xF81F,0xF81F,0xF81F,0xF81F,0xF81F,0xF81F,0xF81F,0xF81F,0x2144,0xF81F,0xF81F,0x2144,0xF81F,0xF81F,0x2965,
  0xF81F,0xF81F,0xF81F,0xF81F,0xF81F,0xF81F,0xF81F,0xF81F,0xF81F,0x2144,0x2124,0x2104,0xF81F,0x2985,0x2965,0xF81F,
  0xF81F,0xF81F,0xF81F,0xF81F,0xF81F,0x2124,0x2945,0xF81F,0xF81F,0x2124,0x1903,0xF81F,0xF81F,0xF81F,0xF81F,0xF81F,
  0xF81F,0xF81F,0xF81F,0xF81F,0xF81F,0x2124,0x2124,0xF81F,0x2103,0xF81F,0xF81F,0xF81F,0xF81F,0xF81F,0xF81F,0xF81F,
  0xF81F,0xF81F,0xF81F,0xF81F,0x2124,0xF81F,0xF81F,0xF81F,0xF81F,0xF81F,0x2144,0x2945,0xF81F,0xF81F,0xF81F,
};
const HdImage img_C_4 = { 175, 110, 15, 17, img_C_4_data };

static const uint16_t img_C_5_data[289] = {
  0xF81F,0xF81F,0xF81F,0xF81F,0xF81F,0x2124,0x2144,0x2144,0x1903,0x2104,0x2124,0xF81F,0xF81F,0xF81F,0xF81F,0xF81F,
  0xF81F,0xF81F,0xF81F,0xF81F,0x2124,0x2124,0x2103,0xF81F,0x2124,0x18C3,0x18C3,0x18E3,0x2124,0x2144,0xF81F,0xF81F,
  0xF81F,0xF81F,0xF81F,0xF81F,0x2124,0x1903,0x18E3,0xF81F,0xF81F,0x18E3,0x18E3,0x18C3,0x18E3,0xF81F,0xF81F,0x2124,
  0xF81F,0xF81F,0xF81F,0xF81F,0x2104,0x18E3,0x18E3,0xF81F,0xF81F,0x2124,0x18E3,0x18C3,0x18C3,0x18E3,0x1903,0xF81F,
  0x2103,0x2104,0xF81F,0xF81F,0x2124,0x18E3,0x18E3,0x2124,0xF81F,0xF81F,0x1903,0x18E3,0x18E3,0x18E3,0x18E3,0x18E3,
  0xF81F,0xF81F,0x18E3,0x18E3,0xF81F,0x2104,0x18E3,0x18E3,0x2103,0x2144,0x2124,0x18E3,0x1903,0x1903,0x18E3,0x18E3,
  0x18E3,0xF81F,0xF81F,0x18E3,0x1903,0x2104,0x2104,0xF81F,0xF81F,0xF81F,0xF81F,0xF81F,0xF81F,0xF81F,0xF81F,0xF81F,
  0x2104,0x1903,0x2124,0xF81F,0xF81F,0x18E3,0x18E3,0xF81F,0xF81F,0xF81F,0xF81F,0xF81F,0xF81F,0xF81F,0xF81F,0xF81F,
  0xF81F,0xF81F,0xF81F,0xF81F,0xF81F,0x2124,0x18E3,0x18E3,0xF81F,0xF81F,0xF81F,0xF81F,0x2944,0xF81F,0xF81F,0xF81F,
  0xF81F,0xF81F,0x3185,0xF81F,0xF81F,0xF81F,0xF81F,0x1903,0x18E3,0xF81F,0xF81F,0xF81F,0xF81F,0x2104,0x2124,0x2124,
  0x2124,0xF81F,0xF81F,0xF81F,0xF81F,0xF81F,0xF81F,0xF81F,0xF81F,0x2124,0xF81F,0xF81F,0xF81F,0xF81F,0xF81F,0xF81F,
  0x18E3,0x1903,0xF81F,0xF81F,0xF81F,0xF81F,0xF81F,0xF81F,0x3185,0x2965,0xF81F,0xF81F,0xF81F,0xF81F,0xF81F,0xF81F,
  0xF81F,0x1903,0x18E3,0xF81F,0xF81F,0xF81F,0xF81F,0xF81F,0xF81F,0xF81F,0xF81F,0xF81F,0xF81F,0xF81F,0x2124,0xF81F,
  0xF81F,0x2944,0x2104,0xF81F,0xF81F,0x2144,0xF81F,0xF81F,0xF81F,0xF81F,0xF81F,0xF81F,0xF81F,0xF81F,0xF81F,0x2124,
  0x2124,0x2985,0xF81F,0x1903,0x2144,0x2144,0xF81F,0xF81F,0xF81F,0xF81F,0xF81F,0xF81F,0xF81F,0xF81F,0xF81F,0xF81F,
  0xF81F,0xF81F,0xF81F,0xF81F,0x1903,0xF81F,0xF81F,0xF81F,0x2965,0xF81F,0xF81F,0xF81F,0xF81F,0xF81F,0xF81F,0xF81F,
  0x2944,0x2124,0x2944,0x2965,0x2124,0x1903,0x2124,0x2965,0x2124,0x2124,0xF81F,0xF81F,0xF81F,0xF81F,0xF81F,0xF81F,
  0xF81F,0xF81F,0x1903,0x2124,0xF81F,0xF81F,0xF81F,0xF81F,0x2144,0x2124,0xF81F,0xF81F,0xF81F,0xF81F,0xF81F,0xF81F,
  0xF81F,
};
const HdImage img_C_5 = { 174, 128, 17, 17, img_C_5_data };

static const uint16_t img_C_Water_data[114] = {
  0x2944,0x2144,0xF81F,0xF81F,0xF81F,0xF81F,0xF81F,0x2945,0x2124,0x2124,0x2104,0x2144,0xF81F,0xF81F,0xF81F,0xF81F,
  0x2144,0x2144,0x2944,0x2124,0x2104,0xF81F,0xF81F,0xF81F,0xF81F,0xF81F,0xF81F,0xF81F,0xF81F,0x18E3,0x1903,0xF81F,
  0xF81F,0xF81F,0xF81F,0xF81F,0x2103,0x2124,0xF81F,0xF81F,0xF81F,0xF81F,0xF81F,0xF81F,0xF81F,0xF81F,0xF81F,0xF81F,
  0x2103,0x1903,0xF81F,0xF81F,0xF81F,0xF81F,0xF81F,0xF81F,0xF81F,0xF81F,0xF81F,0x2965,0xF81F,0xF81F,0xF81F,0x2124,
  0xF81F,0x2965,0x2144,0x2103,0xF81F,0xF81F,0x2144,0x2985,0xF81F,0xF81F,0xF81F,0xF81F,0xF81F,0x2124,0xF81F,0xF81F,
  0xF81F,0xF81F,0x2124,0xF81F,0xF81F,0x2103,0x2103,0xF81F,0x2965,0xF81F,0xF81F,0xF81F,0xF81F,0xF81F,0xF81F,0xF81F,
  0x2124,0xF81F,0xF81F,0xF81F,0xF81F,0xF81F,0xF81F,0xF81F,0x2103,0x2103,0x2945,0xF81F,0xF81F,0xF81F,0xF81F,0xF81F,
  0xF81F,0xF81F,
};
const HdImage img_C_Water = { 170, 151, 19, 6, img_C_Water_data };

static const uint16_t img_Clock_data[572] = {
  0xF81F,0x18E3,0xF81F,0xF81F,0x2124,0xF81F,0xF81F,0x2124,0xF81F,0xF81F,0xF81F,0xF81F,0xF81F,0xF81F,0xF81F,0xF81F,
  0xF81F,0xF81F,0xF81F,0xF81F,0xF81F,0xF81F,0xF81F,0x2124,0x2124,0xF81F,0xF81F,0xF81F,0xF81F,0xF81F,0xF81F,0xF81F,
  0xF81F,0xF81F,0xF81F,0xF81F,0xF81F,0xF81F,0x2124,0x2144,0xF81F,0xF81F,0xF81F,0xF81F,0xF81F,0xF81F,0xF81F,0xF81F,
  0x2144,0x2144,0x2124,0xF81F,0xF81F,0xF81F,0xF81F,0xF81F,0x2124,0x2124,0x2145,0x2124,0xF81F,0xF81F,0xF81F,0xF81F,
  0xF81F,0xF81F,0xF81F,0xF81F,0xF81F,0xF81F,0xF81F,0xF81F,0xF81F,0xF81F,0xF81F,0xF81F,0xF81F,0x2124,0xF81F,0xF81F,
  0xF81F,0xF81F,0xF81F,0xF81F,0xF81F,0xF81F,0xF81F,0xF81F,0x2124,0xF81F,0xF81F,0xF81F,0xF81F,0xF81F,0xF81F,0xF81F,
  0xF81F,0xF81F,0x2124,0x2124,0xF81F,0xF81F,0xF81F,0x2144,0xF81F,0xF81F,0xF81F,0xF81F,0x1903,0x2144,0x2145,0x18E3,
  0xF81F,0xF81F,0xF81F,0xF81F,0xF81F,0xF81F,0x2124,0xF81F,0xF81F,0xF81F,0xF81F,0xF81F,0xF81F,0xF81F,0xF81F,0xF81F,
  0xF81F,0x2104,0xF81F,0xF81F,0xF81F,0xF81F,0xF81F,0xF81F,0xF81F,0xF81F,0xF81F,0xF81F,0x18E3,0xF81F,0xF81F,0xF81F,
  0x2104,0xF81F,0xF81F,0xF81F,0xF81F,0xF81F,0x1903,0x18E3,0xF81F,0xF81F,0xF81F,0x2124,0x18E3,0xF81F,0x18E3,0x1903,
  0x1903,0xF81F,0xF81F,0x18E3,0xF81F,0xF81F,0xF81F,0xF81F,0xF81F,0xF81F,0x2144,0xF81F,0xF81F,0xF81F,0xF81F,0xF81F,
  0xF81F,0xF81F,0xF81F,0xF81F,0xF81F,0x18E3,0xF81F,0xF81F,0xF81F,0xF81F,0x2945,0xF81F,0xF81F,0xF81F,0xF81F,0xF81F,
  0x18E3,0xF81F,0xF81F,0xF81F,0x2104,0xF81F,0xF81F,0xF81F,0xF81F,0xF81F,0x1903,0x18E3,0xF81F,0xF81F,0xF81F,0x2124,
  0xF81F,0xF81F,0xF81F,0xF81F,0xF81F,0xF81F,0xF81F,0xF81F,0xF81F,0xF81F,0xF81F,0xF81F,0xF81F,0xF81F,0xF81F,0xF81F,
  0xF81F,0xF81F,0xF81F,0xF81F,0xF81F,0xF81F,0xF81F,0xF81F,0xF81F,0x2124,0xF81F,0xF81F,0xF81F,0xF81F,0xF81F,0xF81F,
  0xF81F,0xF81F,0xF81F,0xF81F,0x2124,0xF81F,0xF81F,0xF81F,0x2124,0xF81F,0xF81F,0xF81F,0xF81F,0xF81F,0x2944,0xF81F,
  0xF81F,0xF81F,0xF81F,0xF81F,0xF81F,0xF81F,0xF81F,0xF81F,0xF81F,0xF81F,0xF81F,0xF81F,0xF81F,0xF81F,0xF81F,0xF81F,
  0xF81F,0xF81F,0xF81F,0xF81F,0xF81F,0xF81F,0xF81F,0xF81F,0xF81F,0xF81F,0x2124,0x2124,0xF81F,0xF81F,0xF81F,0xF81F,
  0xF81F,0xF81F,0xF81F,0xF81F,0xF81F,0xF81F,0xF81F,0xF81F,0xF81F,0xF81F,0xF81F,0xF81F,0xF81F,0xF81F,0xF81F,0xF81F,
  0xF81F,0xF81F,0xF81F,0xF81F,0xF81F,0xF81F,0xF81F,0xF81F,0xF81F,0xF81F,0xF81F,0xF81F,0xF81F,0xF81F,0xF81F,0xF81F,
  0xF81F,0xF81F,0xF81F,0xF81F,0xF81F,0xF81F,0x2144,0xF81F,0xF81F,0xF81F,0xF81F,0xF81F,0x2965,0xF81F,0xF81F,0xF81F,
  0xF81F,0xF81F,0xF81F,0xF81F,0xF81F,0xF81F,0xF81F,0xF81F,0xF81F,0xF81F,0xF81F,0xF81F,0xF81F,0xF81F,0xF81F,0xF81F,
  0x2144,0xF81F,0xF81F,0xF81F,0xF81F,0xF81F,0x2925,0xF81F,0xF81F,0xF81F,0xF81F,0xF81F,0xF81F,0xF81F,0xF81F,0xF81F,
  0xF81F,0xF81F,0xF81F,0xF81F,0xF81F,0xF81F,0xF81F,0xF81F,0xF81F,0xF81F,0x1903,0xF81F,0xF81F,0xF81F,0xF81F,0xF81F,
  0x2945,0xF81F,0xF81F,0xF81F,0xF81F,0xF81F,0xF81F,0xF81F,0xF81F,0xF81F,0xF81F,0xF81F,0xF81F,0xF81F,0xF81F,0x2104,
  0x2104,0xF81F,0xF81F,0xF81F,0x2103,0xF81F,0xF81F,0xF81F,0xF81F,0xF81F,0x2124,0xF81F,0xF81F,0xF81F,0x2124,0xF81F,
  0xF81F,0xF81F,0xF81F,0xF81F,0xF81F,0xF81F,0xF81F,0xF81F,0xF81F,0xF81F,0xF81F,0xF81F,0xF81F,0xF81F,0x18E3,0xF81F,
  0xF81F,0xF81F,0xF81F,0xF81F,0x2124,0xF81F,0xF81F,0xF81F,0xF81F,0xF81F,0xF81F,0xF81F,0xF81F,0xF81F,0xF81F,0xF81F,
  0xF81F,0xF81F,0xF81F,0x2104,0xF81F,0xF81F,0xF81F,0x2124,0x2104,0xF81F,0xF81F,0xF81F,0xF81F,0xF81F,0x2104,0xF81F,
  0xF81F,0xF81F,0x2124,0xF81F,0xF81F,0xF81F,0xF81F,0xF81F,0xF81F,0xF81F,0xF81F,0xF81F,0xF81F,0xF81F,0xF81F,0xF81F,
  0xF81F,0xF81F,0x2104,0xF81F,0xF81F,0xF81F,0xF81F,0xF81F,0x2945,0xF81F,0xF81F,0xF81F,0xF81F,0xF81F,0xF81F,0xF81F,
  0xF81F,0xF81F,0xF81F,0xF81F,0xF81F,0xF81F,0xF81F,0xF81F,0xF81F,0xF81F,0xF81F,0xF81F,0x2104,0xF81F,0xF81F,0xF81F,
  0xF81F,0xF81F,0x2945,0xF81F,0xF81F,0xF81F,0x2124,0xF81F,0xF81F,0xF81F,0xF81F,0xF81F,0xF81F,0xF81F,0xF81F,0xF81F,
  0xF81F,0xF81F,0xF81F,0xF81F,0xF81F,0xF81F,0xF81F,0xF81F,0xF81F,0xF81F,0xF81F,0xF81F,0x2965,0x2945,0x2124,0xF81F,
  0xF81F,0xF81F,0xF81F,0xF81F,0xF81F,0xF81F,0xF81F,0xF81F,0xF81F,0xF81F,0xF81F,0xF81F,0x2945,0x2144,0x2124,0xF81F,
  0xF81F,0xF81F,0xF81F,0xF81F,0xF81F,0xF81F,0x2945,0x2945,0x2124,0xF81F,0xF81F,0xF81F,
};
const HdImage img_Clock = { 91, 78, 52, 11, img_Clock_data };

static const uint16_t img_Dead_1_data[72] = {
  0xF81F,0xF81F,0xF81F,0xF81F,0xF81F,0xF81F,0x2124,0x1903,0x1903,0xF81F,0xF81F,0xF81F,0xF81F,0x2124,0xF81F,0xF81F,
  0xF81F,0x2104,0x18E3,0x18C3,0x18E3,0x18E3,0x18E3,0x2944,0x2965,0x2104,0xF81F,0xF81F,0xF81F,0x18E3,0x18E3,0x18E3,
  0xF81F,0x1903,0x2104,0x2124,0xF81F,0xF81F,0xF81F,0xF81F,0x2965,0x2104,0x18E3,0xF81F,0xF81F,0xF81F,0xF81F,0xF81F,
  0xF81F,0xF81F,0x18E2,0x2103,0x2944,0xF81F,0x2104,0x2944,0xF81F,0x2965,0xF81F,0xF81F,0xF81F,0x2943,0x2103,0x18E3,
  0x2144,0xF81F,0xF81F,0xF81F,0xF81F,0xF81F,0xF81F,0xF81F,
};
const HdImage img_Dead_1 = { 130, 160, 12, 6, img_Dead_1_data };

static const uint16_t img_Dead_2_data[77] = {
  0xF81F,0xF81F,0xF81F,0xF81F,0xF81F,0x2124,0x2124,0x2124,0xF81F,0xF81F,0xF81F,0xF81F,0xF81F,0xF81F,0xF81F,0x2144,
  0x2103,0x18E3,0x18E3,0x2103,0xF81F,0xF81F,0xF81F,0x2144,0xF81F,0xF81F,0x2104,0x18E3,0x1903,0x1903,0x1903,0x18E3,
  0xF81F,0x2965,0x2104,0xF81F,0xF81F,0x1903,0x18E3,0xF81F,0xF81F,0x1904,0x18E3,0x2124,0xF81F,0xF81F,0x2104,0x2944,
  0x2124,0x2103,0x2944,0x2985,0xF81F,0xF81F,0xF81F,0xF81F,0xF81F,0x18C2,0x2103,0x2124,0xF81F,0x2944,0x2985,0xF81F,
  0xF81F,0xF81F,0xF81F,0x2923,0x2103,0x18C3,0x2124,0xF81F,0xF81F,0xF81F,0xF81F,0xF81F,0xF81F,
};
const HdImage img_Dead_2 = { 157, 159, 11, 7, img_Dead_2_data };

static const uint16_t img_Dead_3_data[110] = {
  0xF81F,0xF81F,0xF81F,0xF81F,0xF81F,0x2965,0x3185,0x2124,0x2124,0xF81F,0xF81F,0xF81F,0xF81F,0x2965,0x2985,0xF81F,
  0xF81F,0xF81F,0x2103,0x18E3,0x2103,0xF81F,0xF81F,0xF81F,0x2124,0x2144,0x2124,0xF81F,0xF81F,0x2124,0x18E3,0x18E3,
  0x2124,0xF81F,0xF81F,0xF81F,0x2103,0x2124,0x2965,0xF81F,0xF81F,0x2104,0x18E3,0x2103,0x2985,0xF81F,0xF81F,0xF81F,
  0xF81F,0xF81F,0xF81F,0xF81F,0x2124,0x1903,0x2124,0x2964,0x2144,0xF81F,0xF81F,0xF81F,0xF81F,0xF81F,0xF81F,0x2124,
  0x1903,0xF81F,0x2944,0x2124,0xF81F,0xF81F,0xF81F,0x2945,0x2964,0x2144,0x2124,0xF81F,0xF81F,0xF81F,0xF81F,0x2965,
  0x3165,0x2985,0x2144,0x2104,0xF81F,0xF81F,0xF81F,0xF81F,0xF81F,0xF81F,0xF81F,0x2124,0x2144,0x2124,0x2124,0xF81F,
  0xF81F,0xF81F,0xF81F,0xF81F,0xF81F,0xF81F,0x2103,0x18E3,0x18E3,0xF81F,0x2944,0xF81F,0xF81F,0xF81F,
};
const HdImage img_Dead_3 = { 196, 156, 11, 10, img_Dead_3_data };

static const uint16_t img_GameA_data[80] = {
  0xF81F,0x2943,0xF81F,0xF81F,0x2144,0xF81F,0xF81F,0x2124,0xF81F,0xF81F,0xF81F,0x2944,0x2944,0xF81F,0xF81F,0xF81F,
  0xF81F,0x2944,0x3184,0xF81F,0xF81F,0xF81F,0xF81F,0xF81F,0xF81F,0xF81F,0xF81F,0x1903,0x2965,0x2123,0xF81F,0x2124,
  0x2965,0xF81F,0xF81F,0xF81F,0xF81F,0xF81F,0xF81F,0xF81F,0xF81F,0x2124,0x1903,0xF81F,0xF81F,0x2144,0x2965,0xF81F,
  0x2124,0xF81F,0xF81F,0x2144,0xF81F,0xF81F,0xF81F,0xF81F,0x2124,0x2965,0xF81F,0x2944,0x2124,0x2124,0xF81F,0xF81F,
  0xF81F,0xF81F,0x2124,0xF81F,0xF81F,0xF81F,0xF81F,0x2143,0x2965,0xF81F,0xF81F,0xF81F,0x2124,0xF81F,0xF81F,0x2103,
};
const HdImage img_GameA = { 91, 162, 20, 4, img_GameA_data };

static const uint16_t img_GameB_data[76] = {
  0xF81F,0xF81F,0xF81F,0xF81F,0xF81F,0xF81F,0xF81F,0xF81F,0xF81F,0xF81F,0xF81F,0xF81F,0xF81F,0xF81F,0xF81F,0xF81F,
  0x2922,0x3184,0x3184,0x31C6,0xF81F,0xF81F,0xF81F,0xF81F,0xF81F,0xF81F,0x2144,0xF81F,0x2944,0xF81F,0x2985,0xF81F,
  0xF81F,0xF81F,0xF81F,0x2102,0xF81F,0x2943,0x31C6,0xF81F,0xF81F,0xF81F,0xF81F,0x2944,0x2985,0x2985,0x2124,0x2985,
  0xF81F,0x31A5,0xF81F,0xF81F,0xF81F,0xF81F,0x2103,0xF81F,0x2944,0x31A6,0xF81F,0xF81F,0xF81F,0xF81F,0xF81F,0x29A5,
  0xF81F,0xF81F,0xF81F,0xF81F,0xF81F,0xF81F,0xF81F,0xF81F,0xF81F,0x2144,0xF81F,0x2965,
};
const HdImage img_GameB = { 212, 162, 19, 4, img_GameB_data };

static const uint16_t img_GameB_Var_C_1_data[252] = {
  0xF81F,0xF81F,0xF81F,0xF81F,0xF81F,0xF81F,0xF81F,0xF81F,0xF81F,0xF81F,0xF81F,0xF81F,0x2143,0x1922,0xF81F,0xF81F,
  0xF81F,0xF81F,0xF81F,0xF81F,0xF81F,0xF81F,0xF81F,0xF81F,0xF81F,0xF81F,0x1902,0x1902,0xF81F,0xF81F,0xF81F,0xF81F,
  0xF81F,0xF81F,0xF81F,0xF81F,0xF81F,0x2964,0x2143,0xF81F,0x2143,0x1901,0xF81F,0xF81F,0xF81F,0xF81F,0xF81F,0xF81F,
  0xF81F,0xF81F,0x2944,0x2123,0xF81F,0xF81F,0x2964,0xF81F,0xF81F,0xF81F,0xF81F,0xF81F,0xF81F,0xF81F,0xF81F,0x31A5,
  0x2144,0x18E3,0xF81F,0x2124,0x1903,0xF81F,0xF81F,0xF81F,0xF81F,0xF81F,0xF81F,0xF81F,0xF81F,0xF81F,0xF81F,0x1903,
  0x2144,0x2104,0x1903,0xF81F,0xF81F,0xF81F,0xF81F,0xF81F,0xF81F,0xF81F,0x31A5,0xF81F,0xF81F,0x2985,0xF81F,0x2103,
  0x2124,0xF81F,0xF81F,0xF81F,0xF81F,0xF81F,0xF81F,0xF81F,0xF81F,0xF81F,0xF81F,0xF81F,0xF81F,0xF81F,0xF81F,0xF81F,
  0xF81F,0xF81F,0xF81F,0xF81F,0x2944,0xF81F,0xF81F,0xF81F,0xF81F,0xF81F,0x2985,0xF81F,0xF81F,0xF81F,0xF81F,0xF81F,
  0xF81F,0xF81F,0xF81F,0x2144,0x2944,0x2965,0xF81F,0xF81F,0x2985,0xF81F,0xF81F,0xF81F,0xF81F,0xF81F,0x2144,0x2124,
  0xF81F,0xF81F,0xF81F,0x18E3,0x2103,0xF81F,0xF81F,0xF81F,0xF81F,0xF81F,0xF81F,0xF81F,0xF81F,0x2124,0xF81F,0xF81F,
  0xF81F,0x2124,0xF81F,0xF81F,0xF81F,0xF81F,0xF81F,0xF81F,0xF81F,0xF81F,0xF81F,0xF81F,0xF81F,0xF81F,0x2985,0x2944,
  0xF81F,0xF81F,0xF81F,0xF81F,0xF81F,0xF81F,0x2124,0x2104,0xF81F,0xF81F,0x2124,0x2124,0xF81F,0xF81F,0xF81F,0xF81F,
  0xF81F,0xF81F,0xF81F,0xF81F,0xF81F,0x2124,0xF81F,0x2144,0x2104,0xF81F,0xF81F,0x2964,0x2965,0xF81F,0xF81F,0xF81F,
  0xF81F,0xF81F,0xF81F,0xF81F,0xF81F,0xF81F,0x2124,0xF81F,0xF81F,0xF81F,0xF81F,0xF81F,0xF81F,0xF81F,0xF81F,0xF81F,
  0xF81F,0xF81F,0xF81F,0xF81F,0x2104,0x2124,0x2945,0xF81F,0xF81F,0xF81F,0xF81F,0xF81F,0xF81F,0xF81F,0xF81F,0xF81F,
  0xF81F,0xF81F,0xF81F,0x2124,0xF81F,0xF81F,0xF81F,0xF81F,0xF81F,0xF81F,0xF81F,0xF81F,
};
const HdImage img_GameB_Var_C_1 = { 191, 108, 14, 18, img_GameB_Var_C_1_data };

static const uint16_t img_GameB_Var_C_2_data[216] = {
  0x1901,0x1901,0xF81F,0xF81F,0xF81F,0xF81F,0xF81F,0xF81F,0xF81F,0xF81F,0xF81F,0xF81F,0x18E0,0x18E1,0x1902,0xF81F,
  0xF81F,0xF81F,0xF81F,0xF81F,0xF81F,0xF81F,0xF81F,0xF81F,0x1901,0xF81F,0x18E2,0x1902,0xF81F,0xF81F,0xF81F,0xF81F,
  0xF81F,0xF81F,0xF81F,0xF81F,0x2143,0xF81F,0xF81F,0x1902,0x1903,0xF81F,0xF81F,0xF81F,0xF81F,0xF81F,0xF81F,0xF81F,
  0x2123,0x1903,0xF81F,0xF81F,0x1923,0x2103,0xF81F,0xF81F,0xF81F,0xF81F,0xF81F,0xF81F,0xF81F,0x1903,0xF81F,0x2964,
  0x2103,0xF81F,0xF81F,0xF81F,0xF81F,0xF81F,0xF81F,0xF81F,0xF81F,0x18E3,0x2124,0x2965,0xF81F,0xF81F,0xF81F,0xF81F,
  0xF81F,0xF81F,0xF81F,0xF81F,0xF81F,0x2104,0xF81F,0xF81F,0xF81F,0xF81F,0xF81F,0xF81F,0xF81F,0xF81F,0xF81F,0xF81F,
  0xF81F,0xF81F,0xF81F,0xF81F,0xF81F,0xF81F,0xF81F,0xF81F,0xF81F,0xF81F,0xF81F,0xF81F,0xF81F,0xF81F,0xF81F,0xF81F,
  0xF81F,0x2124,0x2124,0x2965,0xF81F,0xF81F,0xF81F,0xF81F,0xF81F,0xF81F,0xF81F,0xF81F,0x2124,0x1903,0x1903,0x2104,
  0xF81F,0xF81F,0xF81F,0xF81F,0xF81F,0xF81F,0xF81F,0xF81F,0x2124,0x18E3,0xF81F,0xF81F,0xF81F,0x2144,0xF81F,0xF81F,
  0xF81F,0xF81F,0xF81F,0xF81F,0x2124,0x2103,0xF81F,0xF81F,0x2965,0xF81F,0xF81F,0xF81F,0xF81F,0xF81F,0xF81F,0xF81F,
  0xF81F,0xF81F,0x2144,0x2124,0xF81F,0xF81F,0xF81F,0xF81F,0xF81F,0xF81F,0xF81F,0xF81F,0x2164,0x3185,0x2144,0x1903,
  0x1903,0xF81F,0x2144,0x2985,0xF81F,0xF81F,0xF81F,0xF81F,0xF81F,0xF81F,0xF81F,0x2104,0x2104,0x2965,0x2144,0xF81F,
  0xF81F,0xF81F,0xF81F,0xF81F,0xF81F,0x2144,0x2144,0xF81F,0xF81F,0xF81F,0xF81F,0xF81F,0xF81F,0xF81F,0xF81F,0xF81F,
  0xF81F,0xF81F,0x2124,0xF81F,0xF81F,0xF81F,0xF81F,0xF81F,
};
const HdImage img_GameB_Var_C_2 = { 206, 108, 12, 18, img_GameB_Var_C_2_data };

static const uint16_t img_Helicopter_data[700] = {
  0xF81F,0xF81F,0xF81F,0xF81F,0xF81F,0xF81F,0xF81F,0xF81F,0xF81F,0xF81F,0x18E3,0xF81F,0xF81F,0xF81F,0xF81F,0xF81F,
  0xF81F,0xF81F,0xF81F,0xF81F,0xF81F,0xF81F,0xF81F,0xF81F,0xF81F,0xF81F,0xF81F,0xF81F,0xF81F,0xF81F,0xF81F,0xF81F,
  0xF81F,0xF81F,0xF81F,0xF81F,0xF81F,0xF81F,0xF81F,0xF81F,0xF81F,0xF81F,0xF81F,0xF81F,0xF81F,0x2104,0xF81F,0xF81F,
  0xF81F,0xF81F,0xF81F,0xF81F,0xF81F,0xF81F,0xF81F,0xF81F,0xF81F,0xF81F,0xF81F,0xF81F,0xF81F,0xF81F,0xF81F,0xF81F,
  0xF81F,0xF81F,0xF81F,0xF81F,0xF81F,0xF81F,0xF81F,0xF81F,0xF81F,0xF81F,0xF81F,0xF81F,0xF81F,0xF81F,0xF81F,0xF81F,
  0x2124,0xF81F,0xF81F,0xF81F,0xF81F,0xF81F,0xF81F,0xF81F,0xF81F,0xF81F,0xF81F,0xF81F,0xF81F,0xF81F,0xF81F,0xF81F,
  0xF81F,0xF81F,0xF81F,0xF81F,0xF81F,0xF81F,0xF81F,0xF81F,0xF81F,0xF81F,0xF81F,0xF81F,0xF81F,0xF81F,0xF81F,0xF81F,
  0xF81F,0xF81F,0xF81F,0x2144,0x2104,0xF81F,0xF81F,0xF81F,0xF81F,0xF81F,0xF81F,0xF81F,0xF81F,0xF81F,0xF81F,0xF81F,
  0xF81F,0xF81F,0xF81F,0xF81F,0xF81F,0xF81F,0xF81F,0xF81F,0xF81F,0xF81F,0xF81F,0xF81F,0xF81F,0xF81F,0xF81F,0xF81F,
  0xF81F,0xF81F,0xF81F,0xF81F,0x2124,0x2104,0x1903,0x18E3,0x2124,0x2124,0xF81F,0xF81F,0xF81F,0xF81F,0xF81F,0xF81F,
  0xF81F,0xF81F,0xF81F,0xF81F,0x2965,0xF81F,0xF81F,0xF81F,0xF81F,0xF81F,0xF81F,0xF81F,0xF81F,0xF81F,0xF81F,0xF81F,
  0xF81F,0xF81F,0xF81F,0xF81F,0xF81F,0xF81F,0xF81F,0x2103,0x18C3,0x18E3,0x18E3,0x18C3,0x18E3,0xF81F,0xF81F,0xF81F,
  0xF81F,0xF81F,0xF81F,0xF81F,0xF81F,0xF81F,0xF81F,0x2145,0xF81F,0xF81F,0xF81F,0xF81F,0xF81F,0xF81F,0xF81F,0xF81F,
  0xF81F,0xF81F,0xF81F,0xF81F,0xF81F,0xF81F,0xF81F,0xF81F,0xF81F,0x2124,0x1903,0x18E3,0x18E3,0x18E3,0x18E3,0x18E3,
  0x2104,0xF81F,0xF81F,0xF81F,0xF81F,0xF81F,0xF81F,0xF81F,0x2944,0x2124,0x2124,0x1903,0x2124,0x2144,0xF81F,0xF81F,
  0xF81F,0xF81F,0xF81F,0xF81F,0xF81F,0xF81F,0xF81F,0xF81F,0xF81F,0xF81F,0xF81F,0xF81F,0x2104,0x18E3,0x18E3,0x18E3,
  0x18E3,0x18E3,0x18E3,0x1903,0x2104,0xF81F,0xF81F,0xF81F,0xF81F,0xF81F,0x2965,0x2124,0x18E3,0x18E3,0x18E3,0x18E3,
  0x2104,0x2124,0xF81F,0xF81F,0xF81F,0xF81F,0xF81F,0xF81F,0xF81F,0xF81F,0xF81F,0xF81F,0xF81F,0xF81F,0x2985,0x2124,
  0x18E3,0x18E3,0x18E3,0x1903,0x18E3,0x18E3,0x1903,0x1903,0x2124,0xF81F,0xF81F,0xF81F,0xF81F,0x2104,0x18E3,0x18E3,
  0x1904,0x1903,0x1903,0x1903,0x2124,0xF81F,0xF81F,0xF81F,0xF81F,0xF81F,0xF81F,0xF81F,0xF81F,0xF81F,0xF81F,0xF81F,
  0xF81F,0x2144,0x1903,0x18E3,0x18E3,0x1903,0x1903,0x18E3,0x1903,0x2103,0x1903,0x1903,0x2124,0x2124,0x2124,0x2944,
  0x1903,0x2104,0x2124,0xF81F,0xF81F,0xF81F,0xF81F,0xF81F,0x2124,0xF81F,0xF81F,0xF81F,0xF81F,0xF81F,0xF81F,0xF81F,
  0xF81F,0xF81F,0xF81F,0xF81F,0x2104,0x18E3,0x18E3,0x1903,0xF81F,0xF81F,0xF81F,0xF81F,0xF81F,0xF81F,0xF81F,0xF81F,
  0xF81F,0xF81F,0xF81F,0x2124,0x2124,0x2104,0xF81F,0xF81F,0xF81F,0xF81F,0xF81F,0x2124,0xF81F,0xF81F,0xF81F,0xF81F,
  0xF81F,0xF81F,0xF81F,0xF81F,0xF81F,0xF81F,0xF81F,0x2124,0x18E3,0x18E3,0x1903,0xF81F,0xF81F,0xF81F,0xF81F,0xF81F,
  0xF81F,0xF81F,0xF81F,0x2985,0xF81F,0xF81F,0x2965,0x2124,0x18E3,0xF81F,0xF81F,0xF81F,0xF81F,0xF81F,0x2104,0x2124,
  0x2945,0xF81F,0xF81F,0xF81F,0xF81F,0xF81F,0xF81F,0xF81F,0xF81F,0xF81F,0xF81F,0x1903,0x18E3,0x1903,0xF81F,0xF81F,
  0xF81F,0xF81F,0xF81F,0xF81F,0xF81F,0xF81F,0xF81F,0xF81F,0xF81F,0x2965,0x2124,0x18E3,0x2104,0x2124,0x2124,0x2104,
  0x2104,0x1903,0x18E3,0x1903,0x2124,0xF81F,0xF81F,0xF81F,0xF81F,0xF81F,0xF81F,0xF81F,0xF81F,0xF81F,0xF81F,0x1903,
  0x18E3,0x1903,0xF81F,0x2945,0x2144,0xF81F,0x2164,0x2124,0xF81F,0x2945,0x2144,0xF81F,0x2144,0x1903,0x18E3,0x18E3,
  0x1903,0x1903,0x1903,0x18E3,0x18E3,0x18E3,0x18C3,0x2124,0xF81F,0xF81F,0xF81F,0xF81F,0xF81F,0xF81F,0xF81F,0xF81F,
  0xF81F,0xF81F,0x2123,0x2103,0x18E3,0x2124,0x2124,0x1903,0x2124,0x2124,0x1903,0x2124,0x2104,0x1903,0x2124,0x2104,
  0x18E3,0x18E3,0x18E3,0x18E3,0x18E3,0x18E3,0x18E3,0x18E3,0x18E3,0x1903,0x2104,0xF81F,0xF81F,0xF81F,0xF81F,0xF81F,
  0xF81F,0xF81F,0xF81F,0xF81F,0xF81F,0xF81F,0x2104,0x1903,0x1903,0x18E3,0x18E3,0x18E3,0x18E3,0x1903,0x1903,0x1903,
  0x1903,0x1903,0x1903,0x1903,0x1903,0x18E3,0x18E3,0x1903,0x1903,0x1903,0x1903,0x18E3,0x2124,0xF81F,0xF81F,0xF81F,
  0xF81F,0xF81F,0xF81F,0xF81F,0xF81F,0xF81F,0xF81F,0xF81F,0xF81F,0xF81F,0xF81F,0xF81F,0x2104,0x1903,0x2103,0x2124,
  0xF81F,0xF81F,0xF81F,0xF81F,0xF81F,0xF81F,0xF81F,0xF81F,0x18E3,0x1904,0x2124,0xF81F,0xF81F,0xF81F,0xF81F,0xF81F,
  0xF81F,0xF81F,0xF81F,0xF81F,0xF81F,0xF81F,0xF81F,0xF81F,0xF81F,0xF81F,0xF81F,0xF81F,0xF81F,0xF81F,0xF81F,0xF81F,
  0x2124,0x2124,0xF81F,0xF81F,0xF81F,0xF81F,0xF81F,0xF81F,0xF81F,0xF81F,0xF81F,0x2124,0x2124,0xF81F,0xF81F,0xF81F,
  0xF81F,0xF81F,0xF81F,0xF81F,0xF81F,0xF81F,0xF81F,0xF81F,0xF81F,0xF81F,0xF81F,0xF81F,0xF81F,0xF81F,0xF81F,0xF81F,
  0xF81F,0xF81F,0xF81F,0xF81F,0xF81F,0xF81F,0xF81F,0xF81F,0xF81F,0xF81F,0xF81F,0xF81F,0xF81F,0xF81F,0xF81F,0xF81F,
  0x2945,0xF81F,0xF81F,0xF81F,0xF81F,0xF81F,0xF81F,0xF81F,0xF81F,0xF81F,0xF81F,0xF81F,0xF81F,0xF81F,0xF81F,0xF81F,
  0xF81F,0xF81F,0xF81F,0xF81F,0xF81F,0xF81F,0x2965,0x2965,0xF81F,0xF81F,0xF81F,0xF81F,0xF81F,0xF81F,0xF81F,0xF81F,
  0xF81F,0x2945,0x2965,0xF81F,0xF81F,0xF81F,0xF81F,0xF81F,0xF81F,0xF81F,0xF81F,0xF81F,
};
const HdImage img_Helicopter = { 199, 75, 35, 20, img_Helicopter_data };

static const uint16_t img_Life_1_data[108] = {
  0xF81F,0x2945,0x2144,0x2144,0xF81F,0xF81F,0xF81F,0xF81F,0xF81F,0xF81F,0xF81F,0xF81F,0x2945,0x2124,0x18E3,0x1903,
  0x2104,0xF81F,0xF81F,0xF81F,0xF81F,0xF81F,0xF81F,0xF81F,0x2144,0x18E3,0x18E3,0x18E3,0x18E3,0x2124,0xF81F,0xF81F,
  0xF81F,0xF81F,0xF81F,0xF81F,0x2103,0x18E3,0x18E3,0x18E3,0x1903,0xF81F,0xF81F,0xF81F,0xF81F,0xF81F,0xF81F,0xF81F,
  0x2124,0x1903,0x18E3,0x18E3,0x18E3,0xF81F,0xF81F,0x2144,0xF81F,0xF81F,0xF81F,0xF81F,0xF81F,0x18E3,0x18E3,0x18E3,
  0x18E3,0x2104,0x2124,0x1903,0x2104,0x2124,0x2124,0x2144,0xF81F,0x18E3,0x1903,0x1903,0x2104,0x2124,0xF81F,0x2103,
  0x18E3,0x18E3,0x1903,0xF81F,0xF81F,0xF81F,0x2124,0xF81F,0xF81F,0xF81F,0xF81F,0x2104,0x18E3,0x2104,0xF81F,0xF81F,
  0xF81F,0xF81F,0x2964,0xF81F,0xF81F,0x2944,0x2944,0x1903,0x18E3,0x2123,0xF81F,0xF81F,
};
const HdImage img_Life_1 = { 197, 145, 12, 9, img_Life_1_data };

static const uint16_t img_Life_2_data[108] = {
  0xF81F,0x2144,0x2144,0x2144,0xF81F,0xF81F,0xF81F,0xF81F,0xF81F,0xF81F,0xF81F,0xF81F,0x2945,0x2124,0x18E3,0x1903,
  0x2104,0xF81F,0xF81F,0xF81F,0xF81F,0xF81F,0xF81F,0xF81F,0x2144,0x18E3,0x18E3,0x18E3,0x18E3,0x2124,0xF81F,0xF81F,
  0xF81F,0xF81F,0xF81F,0xF81F,0x1903,0x18E3,0x18E3,0x18E3,0x18E3,0xF81F,0xF81F,0xF81F,0xF81F,0xF81F,0xF81F,0xF81F,
  0x2124,0x18E3,0x18E3,0x18E3,0x18E3,0xF81F,0xF81F,0x2144,0xF81F,0xF81F,0xF81F,0xF81F,0xF81F,0x18E3,0x18E3,0x18E3,
  0x18C3,0x2104,0x2124,0x1903,0x2124,0x2124,0x2124,0x2145,0xF81F,0x1903,0x2104,0x1904,0x1904,0x2104,0xF81F,0x2104,
  0x18E3,0x18E3,0x1904,0xF81F,0xF81F,0xF81F,0x2144,0xF81F,0xF81F,0xF81F,0xF81F,0x1904,0x18E3,0x2104,0xF81F,0xF81F,
  0xF81F,0xF81F,0x2985,0xF81F,0xF81F,0x2945,0x2144,0x18E3,0x18E3,0x2123,0xF81F,0xF81F,
};
const HdImage img_Life_2 = { 210, 145, 12, 9, img_Life_2_data };

static const uint16_t img_Life_3_data[108] = {
  0xF81F,0x2945,0x2124,0x2124,0xF81F,0xF81F,0xF81F,0xF81F,0xF81F,0xF81F,0xF81F,0xF81F,0x2945,0x2124,0x18E3,0x18E3,
  0x1903,0xF81F,0xF81F,0xF81F,0xF81F,0xF81F,0xF81F,0xF81F,0x2124,0x18E3,0x18E3,0x18E3,0x18C3,0x2104,0xF81F,0xF81F,
  0xF81F,0xF81F,0xF81F,0xF81F,0x1903,0x18E3,0x18E3,0x18E3,0x18E3,0xF81F,0xF81F,0xF81F,0xF81F,0xF81F,0xF81F,0xF81F,
  0x2124,0x1903,0x18E3,0x18E3,0x18E3,0xF81F,0xF81F,0x2124,0xF81F,0xF81F,0xF81F,0xF81F,0xF81F,0x1903,0x18E3,0x18E3,
  0x18C3,0x2103,0x2124,0x18E3,0x2104,0x2124,0x2103,0x2103,0xF81F,0x1903,0x2104,0x2103,0x2104,0x2124,0xF81F,0x2103,
  0x18C3,0x18E3,0x18E3,0xF81F,0xF81F,0xF81F,0x2144,0xF81F,0xF81F,0xF81F,0xF81F,0x2103,0x18E3,0x2103,0xF81F,0xF81F,
  0xF81F,0xF81F,0x2964,0xF81F,0xF81F,0x2102,0x2924,0x18E3,0x2103,0x2124,0xF81F,0xF81F,
};
const HdImage img_Life_3 = { 223, 145, 12, 9, img_Life_3_data };

static const uint16_t img_Miss_data[80] = { 0x18C3, 0x18C3, 0xF81F, 0xF81F, 0x18C3, 0x18C3, 0xF81F, 0xF81F, 0x18C3, 0xF81F, 0x18C3, 0x18C3, 0x18C3, 0x18C3, 0xF81F, 0xF81F, 0x18C3, 0x18C3, 0x18C3, 0x18C3, 0x18C3, 0x18C3, 0xF81F, 0xF81F, 0x18C3, 0x18C3, 0xF81F, 0xF81F, 0x18C3, 0xF81F, 0x18C3, 0x18C3, 0xF81F, 0xF81F, 0xF81F, 0xF81F, 0x18C3, 0x18C3, 0xF81F, 0xF81F, 0x18C3, 0xF81F, 0x18C3, 0x18C3, 0xF81F, 0x18C3, 0xF81F, 0xF81F, 0x18C3, 0xF81F, 0xF81F, 0xF81F, 0x18C3, 0x18C3, 0xF81F, 0xF81F, 0xF81F, 0xF81F, 0x18C3, 0x18C3, 0x18C3, 0xF81F, 0x18C3, 0x18C3, 0xF81F, 0x18C3, 0xF81F, 0xF81F, 0x18C3, 0xF81F, 0x18C3, 0x18C3, 0x18C3, 0x18C3, 0xF81F, 0xF81F, 0x18C3, 0x18C3, 0x18C3, 0x18C3 };
const HdImage img_Miss = { 201, 139, 20, 4, img_Miss_data };

static const uint16_t img_Monkey_data[621] = {
  0xF81F,0xF81F,0xF81F,0xF81F,0xF81F,0xF81F,0xF81F,0xF81F,0xF81F,0xF81F,0xF81F,0xF81F,0xF81F,0xF81F,0xF81F,0xF81F,
  0xF81F,0xF81F,0xF81F,0xF81F,0xF81F,0xF81F,0xF81F,0xF81F,0xF81F,0xF81F,0xF81F,0xF81F,0xF81F,0xF81F,0xF81F,0xF81F,
  0xF81F,0xF81F,0xF81F,0xF81F,0xF81F,0x2103,0x1903,0x18E2,0x2103,0x2103,0xF81F,0xF81F,0xF81F,0xF81F,0xF81F,0xF81F,
  0xF81F,0xF81F,0xF81F,0xF81F,0xF81F,0xF81F,0xF81F,0xF81F,0xF81F,0xF81F,0xF81F,0x2103,0x2103,0x18E3,0x18E3,0x18E3,
  0x1903,0xF81F,0xF81F,0xF81F,0xF81F,0xF81F,0xF81F,0xF81F,0xF81F,0xF81F,0xF81F,0xF81F,0xF81F,0xF81F,0xF81F,0xF81F,
  0xF81F,0x1903,0x2144,0xF81F,0xF81F,0xF81F,0xF81F,0xF81F,0xF81F,0xF81F,0xF81F,0xF81F,0xF81F,0xF81F,0xF81F,0xF81F,
  0xF81F,0xF81F,0xF81F,0xF81F,0xF81F,0xF81F,0xF81F,0x2123,0x18E3,0xF81F,0xF81F,0xF81F,0xF81F,0xF81F,0xF81F,0x1923,
  0x2103,0xF81F,0xF81F,0xF81F,0xF81F,0xF81F,0xF81F,0xF81F,0xF81F,0xF81F,0xF81F,0xF81F,0xF81F,0xF81F,0x2104,0x18E3,
  0xF81F,0xF81F,0x2124,0xF81F,0x2944,0x2124,0x2124,0x2124,0xF81F,0x2944,0xF81F,0xF81F,0xF81F,0xF81F,0xF81F,0xF81F,
  0xF81F,0xF81F,0xF81F,0x2124,0x2944,0x18C3,0x18E3,0xF81F,0xF81F,0x2124,0x2124,0x2124,0x2103,0x2965,0x1903,0xF81F,
  0x2965,0xF81F,0xF81F,0xF81F,0xF81F,0xF81F,0xF81F,0x18E3,0xF81F,0xF81F,0x2124,0x2104,0x18C3,0x18C3,0xF81F,0x2124,
  0xF81F,0xF81F,0xF81F,0xF81F,0xF81F,0xF81F,0x2124,0xF81F,0xF81F,0xF81F,0xF81F,0xF81F,0x18C3,0x10C3,0x18C3,0xF81F,
  0x2124,0x2144,0xF81F,0x18E3,0x18E3,0xF81F,0x2103,0x2144,0xF81F,0xF81F,0xF81F,0xF81F,0xF81F,0xF81F,0xF81F,0xF81F,
  0xF81F,0xF81F,0x18E3,0x10A2,0x1082,0x18C3,0xF81F,0xF81F,0x2103,0xF81F,0x18E3,0xF81F,0xF81F,0xF81F,0xF81F,0xF81F,
  0xF81F,0xF81F,0xF81F,0xF81F,0x2944,0xF81F,0xF81F,0xF81F,0xF81F,0xF81F,0x10A2,0x1082,0x18C3,0x2104,0xF81F,0xF81F,
  0x2124,0x18E3,0xF81F,0xF81F,0xF81F,0xF81F,0xF81F,0xF81F,0xF81F,0xF81F,0x2144,0xF81F,0xF81F,0xF81F,0xF81F,0xF81F,
  0xF81F,0x10C3,0x10A2,0x10C3,0xF81F,0xF81F,0xF81F,0xF81F,0x18E3,0xF81F,0xF81F,0xF81F,0x2145,0xF81F,0xF81F,0xF81F,
  0x2104,0xF81F,0xF81F,0xF81F,0xF81F,0xF81F,0xF81F,0xF81F,0xF81F,0x2945,0x1903,0x18E3,0xF81F,0xF81F,0x2104,0x18C3,
  0x2144,0xF81F,0x2124,0x2124,0xF81F,0xF81F,0x2124,0xF81F,0xF81F,0xF81F,0xF81F,0xF81F,0xF81F,0xF81F,0xF81F,0xF81F,
  0xF81F,0x2985,0x18E3,0x18E3,0x1903,0x1903,0x18E3,0xF81F,0xF81F,0xF81F,0xF81F,0x2124,0x2944,0xF81F,0xF81F,0xF81F,
  0xF81F,0xF81F,0xF81F,0xF81F,0xF81F,0xF81F,0xF81F,0xF81F,0xF81F,0xF81F,0x18E3,0x18C2,0x18C2,0x18C3,0xF81F,0xF81F,
  0xF81F,0xF81F,0xF81F,0xF81F,0xF81F,0xF81F,0xF81F,0xF81F,0xF81F,0xF81F,0xF81F,0xF81F,0xF81F,0xF81F,0xF81F,0xF81F,
  0xF81F,0x18C3,0x10C2,0x10C3,0x18C3,0xF81F,0xF81F,0xF81F,0xF81F,0xF81F,0xF81F,0xF81F,0xF81F,0xF81F,0xF81F,0xF81F,
  0xF81F,0x18E3,0x10C3,0x18C3,0xF81F,0xF81F,0xF81F,0x2104,0x18C3,0x10C2,0x10C2,0x10C3,0xF81F,0xF81F,0xF81F,0xF81F,
  0xF81F,0xF81F,0xF81F,0xF81F,0xF81F,0xF81F,0xF81F,0x2966,0x0862,0x0882,0x10A2,0x18C3,0x18E3,0x18E3,0x18C3,0x10C3,
  0x10C3,0x18C2,0x18E3,0xF81F,0xF81F,0xF81F,0x2945,0xF81F,0xF81F,0xF81F,0xF81F,0xF81F,0xF81F,0xF81F,0xF81F,0x2966,
  0x18C3,0x1082,0x18E3,0xF81F,0xF81F,0x18E3,0x10C3,0x10C2,0x18C3,0x18C3,0x18E3,0x2103,0x2124,0x18E3,0x1904,0xF81F,
  0xF81F,0xF81F,0xF81F,0xF81F,0xF81F,0xF81F,0xF81F,0x1904,0x18E3,0x18E3,0xF81F,0xF81F,0xF81F,0x18C3,0x18C3,0x18E3,
  0xF81F,0x18E3,0x2104,0x18E3,0x18E3,0xF81F,0xF81F,0xF81F,0xF81F,0xF81F,0xF81F,0xF81F,0xF81F,0xF81F,0xF81F,0xF81F,
  0xF81F,0xF81F,0xF81F,0xF81F,0xF81F,0x18E3,0xF81F,0xF81F,0xF81F,0x2124,0x18E3,0xF81F,0xF81F,0xF81F,0xF81F,0xF81F,
  0xF81F,0xF81F,0xF81F,0xF81F,0xF81F,0xF81F,0xF81F,0xF81F,0xF81F,0xF81F,0xF81F,0xF81F,0xF81F,0x18E3,0xF81F,0xF81F,
  0xF81F,0xF81F,0xF81F,0xF81F,0xF81F,0xF81F,0xF81F,0xF81F,0xF81F,0xF81F,0xF81F,0xF81F,0xF81F,0xF81F,0xF81F,0xF81F,
  0xF81F,0xF81F,0xF81F,0xF81F,0xF81F,0x18E3,0xF81F,0xF81F,0xF81F,0xF81F,0xF81F,0xF81F,0xF81F,0xF81F,0xF81F,0xF81F,
  0xF81F,0xF81F,0xF81F,0xF81F,0xF81F,0xF81F,0xF81F,0xF81F,0xF81F,0xF81F,0xF81F,0xF81F,0x18E3,0xF81F,0xF81F,0xF81F,
  0xF81F,0xF81F,0xF81F,0xF81F,0xF81F,0xF81F,0xF81F,0xF81F,0xF81F,0xF81F,0xF81F,0xF81F,0xF81F,0xF81F,0xF81F,0xF81F,
  0xF81F,0xF81F,0xF81F,0x2104,0xF81F,0xF81F,0xF81F,0xF81F,0xF81F,0xF81F,0xF81F,0xF81F,0xF81F,0xF81F,0xF81F,0xF81F,
  0xF81F,0xF81F,0xF81F,0xF81F,0xF81F,0xF81F,0xF81F,0x2104,0x2103,0x1903,0x18E3,0xF81F,0xF81F,0xF81F,0xF81F,0xF81F,
  0xF81F,0xF81F,0xF81F,0xF81F,0xF81F,0xF81F,0xF81F,0xF81F,0xF81F,0xF81F,0xF81F,0xF81F,0xF81F,0xF81F,0xF81F,0x18E3,
  0x1903,0x18E3,0xF81F,0xF81F,0xF81F,0xF81F,0xF81F,0xF81F,0xF81F,0xF81F,0xF81F,0xF81F,0xF81F,
};
const HdImage img_Monkey = { 89, 98, 23, 27, img_Monkey_data };

static const uint16_t img_Monkey_Var_A_1_data[210] = {
  0xF81F,0xF81F,0xF81F,0xF81F,0xF81F,0xF81F,0xF81F,0x2144,0x2124,0xF81F,0xF81F,0xF81F,0xF81F,0xF81F,0xF81F,0x2124,
  0x2124,0xF81F,0xF81F,0xF81F,0xF81F,0x2124,0x18E3,0x18E3,0xF81F,0xF81F,0xF81F,0xF81F,0xF81F,0xF81F,0xF81F,0x2104,
  0x2124,0x2124,0x2124,0x2104,0x18E3,0x18C3,0x18E3,0xF81F,0xF81F,0xF81F,0xF81F,0xF81F,0xF81F,0xF81F,0xF81F,0xF81F,
  0xF81F,0xF81F,0x18E3,0x18E3,0x18E3,0xF81F,0xF81F,0xF81F,0xF81F,0xF81F,0xF81F,0xF81F,0xF81F,0xF81F,0xF81F,0xF81F,
  0xF81F,0xF81F,0xF81F,0xF81F,0x2124,0x2124,0xF81F,0xF81F,0xF81F,0xF81F,0xF81F,0xF81F,0xF81F,0xF81F,0xF81F,0xF81F,
  0xF81F,0xF81F,0x2124,0x2104,0x1903,0x1903,0x18E3,0xF81F,0xF81F,0xF81F,0xF81F,0xF81F,0xF81F,0xF81F,0xF81F,0xF81F,
  0xF81F,0x2124,0x18C3,0x10C2,0x10C2,0x18E3,0xF81F,0xF81F,0xF81F,0xF81F,0xF81F,0xF81F,0xF81F,0xF81F,0xF81F,0xF81F,
  0x2103,0x18C3,0x18C3,0x18C3,0x10C2,0x1903,0xF81F,0xF81F,0xF81F,0xF81F,0xF81F,0xF81F,0xF81F,0xF81F,0xF81F,0x2104,
  0x18C3,0x10C3,0x18C3,0x18C3,0x18E3,0x18E3,0xF81F,0xF81F,0xF81F,0xF81F,0xF81F,0xF81F,0xF81F,0xF81F,0x2104,0x18C3,
  0x18C3,0x18E3,0x18C3,0x18C3,0x2104,0x2103,0xF81F,0xF81F,0xF81F,0xF81F,0xF81F,0xF81F,0xF81F,0xF81F,0x18E3,0x18C3,
  0x1903,0x18E3,0xF81F,0x2124,0x2104,0xF81F,0xF81F,0xF81F,0xF81F,0xF81F,0xF81F,0xF81F,0xF81F,0x2104,0xF81F,0xF81F,
  0x2124,0xF81F,0xF81F,0xF81F,0xF81F,0xF81F,0xF81F,0xF81F,0xF81F,0xF81F,0xF81F,0xF81F,0x2104,0xF81F,0xF81F,0x2124,
  0x2103,0xF81F,0xF81F,0xF81F,0xF81F,0xF81F,0xF81F,0xF81F,0xF81F,0xF81F,0xF81F,0xF81F,0xF81F,0xF81F,0x2124,0x2104,
  0xF81F,0xF81F,
};
const HdImage img_Monkey_Var_A_1 = { 103, 111, 15, 14, img_Monkey_Var_A_1_data };

static const uint16_t img_Monkey_Var_A_2_data[176] = {
  0xF81F,0xF81F,0x1902,0x1902,0xF81F,0xF81F,0xF81F,0xF81F,0xF81F,0xF81F,0xF81F,0xF81F,0xF81F,0xF81F,0xF81F,0xF81F,
  0xF81F,0xF81F,0x1903,0x10C2,0x2123,0xF81F,0xF81F,0xF81F,0xF81F,0xF81F,0xF81F,0xF81F,0xF81F,0xF81F,0xF81F,0xF81F,
  0xF81F,0x2103,0x18E3,0x18E3,0x1903,0xF81F,0xF81F,0xF81F,0xF81F,0xF81F,0xF81F,0xF81F,0xF81F,0xF81F,0xF81F,0xF81F,
  0xF81F,0x2104,0x18E3,0x1903,0xF81F,0xF81F,0xF81F,0x2123,0x1903,0x18E3,0x18E3,0x2104,0x2124,0xF81F,0x2945,0xF81F,
  0x2965,0xF81F,0xF81F,0xF81F,0xF81F,0xF81F,0x2124,0x18E3,0x18C2,0x18C2,0x18C3,0x18C3,0x18E3,0xF81F,0xF81F,0xF81F,
  0xF81F,0xF81F,0xF81F,0xF81F,0xF81F,0xF81F,0x2124,0x10C2,0x18C3,0x18C3,0x18C3,0x18E3,0x18E3,0xF81F,0xF81F,0xF81F,
  0xF81F,0xF81F,0xF81F,0xF81F,0xF81F,0xF81F,0x1903,0x18E3,0x18C3,0x18C3,0x18C3,0x18E3,0xF81F,0x2945,0x2144,0x2124,
  0xF81F,0xF81F,0xF81F,0xF81F,0xF81F,0xF81F,0xF81F,0x1903,0x18E3,0x18C3,0x18E3,0x18E3,0xF81F,0xF81F,0xF81F,0xF81F,
  0xF81F,0xF81F,0xF81F,0xF81F,0xF81F,0xF81F,0xF81F,0xF81F,0x1903,0x2103,0x1903,0x18E3,0xF81F,0xF81F,0xF81F,0xF81F,
  0xF81F,0xF81F,0xF81F,0xF81F,0xF81F,0xF81F,0xF81F,0xF81F,0xF81F,0xF81F,0x2104,0x18E3,0xF81F,0xF81F,0xF81F,0xF81F,
  0xF81F,0xF81F,0xF81F,0xF81F,0xF81F,0xF81F,0xF81F,0xF81F,0xF81F,0xF81F,0xF81F,0x1903,0x2124,0xF81F,0xF81F,0xF81F,
};
const HdImage img_Monkey_Var_A_2 = { 114, 98, 16, 11, img_Monkey_Var_A_2_data };

static const uint16_t img_P_A_data[390] = {
  0xF81F,0xF81F,0x2124,0x2124,0x2103,0xF81F,0xF81F,0xF81F,0xF81F,0xF81F,0xF81F,0xF81F,0xF81F,0xF81F,0xF81F,0xF81F,
  0xF81F,0xF81F,0xF81F,0xF81F,0xF81F,0xF81F,0xF81F,0xF81F,0xF81F,0xF81F,0xF81F,0xF81F,0x1903,0xF81F,0x18E3,0x2103,
  0xF81F,0xF81F,0xF81F,0xF81F,0xF81F,0xF81F,0xF81F,0xF81F,0xF81F,0xF81F,0xF81F,0xF81F,0xF81F,0xF81F,0xF81F,0xF81F,
  0xF81F,0xF81F,0xF81F,0xF81F,0xF81F,0x18E3,0x18C2,0xF81F,0xF81F,0x1903,0x2103,0xF81F,0xF81F,0xF81F,0xF81F,0xF81F,
  0xF81F,0xF81F,0xF81F,0xF81F,0xF81F,0xF81F,0xF81F,0xF81F,0xF81F,0xF81F,0xF81F,0xF81F,0xF81F,0xF81F,0x18E3,0x18C2,
  0x18E3,0x18E3,0xF81F,0xF81F,0x18E3,0x18E3,0x2104,0xF81F,0xF81F,0xF81F,0xF81F,0xF81F,0xF81F,0xF81F,0xF81F,0xF81F,
  0xF81F,0xF81F,0xF81F,0xF81F,0xF81F,0xF81F,0xF81F,0xF81F,0x18E3,0x10C2,0x2144,0xF81F,0x1903,0x1903,0x18C3,0x2103,
  0x18E3,0xF81F,0xF81F,0xF81F,0xF81F,0xF81F,0xF81F,0xF81F,0xF81F,0xF81F,0xF81F,0xF81F,0xF81F,0xF81F,0xF81F,0xF81F,
  0xF81F,0xF81F,0x18E3,0x10C2,0xF81F,0xF81F,0xF81F,0x18E3,0x18E3,0xF81F,0xF81F,0xF81F,0xF81F,0xF81F,0xF81F,0xF81F,
  0xF81F,0xF81F,0xF81F,0xF81F,0xF81F,0xF81F,0xF81F,0xF81F,0xF81F,0xF81F,0xF81F,0xF81F,0x18E2,0x18E3,0xF81F,0xF81F,
  0xF81F,0xF81F,0xF81F,0xF81F,0xF81F,0xF81F,0xF81F,0xF81F,0xF81F,0xF81F,0xF81F,0xF81F,0xF81F,0xF81F,0xF81F,0xF81F,
  0xF81F,0xF81F,0xF81F,0xF81F,0xF81F,0xF81F,0xF81F,0x2103,0x2124,0xF81F,0x2124,0x2124,0xF81F,0xF81F,0xF81F,0xF81F,
  0xF81F,0xF81F,0xF81F,0xF81F,0xF81F,0xF81F,0xF81F,0xF81F,0xF81F,0xF81F,0xF81F,0xF81F,0xF81F,0xF81F,0xF81F,0xF81F,
  0xF81F,0xF81F,0xF81F,0x18E3,0x1903,0xF81F,0xF81F,0xF81F,0xF81F,0xF81F,0xF81F,0xF81F,0xF81F,0xF81F,0xF81F,0xF81F,
  0xF81F,0xF81F,0xF81F,0xF81F,0xF81F,0xF81F,0xF81F,0xF81F,0xF81F,0xF81F,0xF81F,0xF81F,0xF81F,0x18E3,0xF81F,0xF81F,
  0xF81F,0x18E3,0x2103,0x1903,0xF81F,0xF81F,0xF81F,0xF81F,0xF81F,0xF81F,0xF81F,0xF81F,0xF81F,0xF81F,0xF81F,0xF81F,
  0xF81F,0xF81F,0xF81F,0xF81F,0xF81F,0xF81F,0x2124,0x18E2,0x18E3,0x2124,0x2103,0x18C2,0x1903,0x18E3,0xF81F,0xF81F,
  0xF81F,0xF81F,0xF81F,0xF81F,0xF81F,0xF81F,0xF81F,0xF81F,0xF81F,0xF81F,0xF81F,0xF81F,0xF81F,0xF81F,0xF81F,0xF81F,
  0xF81F,0xF81F,0xF81F,0xF81F,0xF81F,0xF81F,0xF81F,0xF81F,0x2144,0x2124,0xF81F,0xF81F,0xF81F,0xF81F,0xF81F,0xF81F,
  0xF81F,0xF81F,0xF81F,0xF81F,0xF81F,0xF81F,0xF81F,0xF81F,0xF81F,0xF81F,0x2103,0x18E3,0x18E3,0x18E3,0x18E3,0x18E3,
  0x18E3,0xF81F,0xF81F,0xF81F,0x2124,0x2103,0xF81F,0xF81F,0xF81F,0xF81F,0x2124,0x1903,0x1904,0x2103,0x2104,0x1903,
  0x18E3,0x1903,0xF81F,0x2103,0x18E2,0x18C2,0x18C2,0x18E3,0x18E3,0x18E3,0x18E3,0x1903,0x1903,0xF81F,0xF81F,0x18E3,
  0x1903,0x1903,0xF81F,0xF81F,0x2103,0x18C2,0x18C2,0x18C2,0x18C2,0x18C2,0x2103,0x2103,0xF81F,0xF81F,0x18C1,0x18C1,
  0x18C2,0x18E2,0x18E3,0x18E3,0x18E3,0x18C2,0x18E3,0x2944,0xF81F,0x2124,0x18E2,0x18C2,0xF81F,0xF81F,0x2103,0x18A1,
  0x18C0,0x18C0,0x18C0,0x10A0,0x3164,0xF81F,
};
const HdImage img_P_A = { 101, 134, 26, 15, img_P_A_data };

static const uint16_t img_P_B_data[468] = {
  0xF81F,0xF81F,0xF81F,0xF81F,0x2144,0x2945,0xF81F,0xF81F,0xF81F,0xF81F,0xF81F,0xF81F,0xF81F,0xF81F,0xF81F,0xF81F,
  0xF81F,0xF81F,0xF81F,0xF81F,0xF81F,0xF81F,0xF81F,0xF81F,0xF81F,0xF81F,0xF81F,0xF81F,0x2124,0x1903,0xF81F,0x2124,
  0x18E3,0xF81F,0xF81F,0xF81F,0xF81F,0xF81F,0xF81F,0xF81F,0xF81F,0xF81F,0xF81F,0xF81F,0xF81F,0xF81F,0xF81F,0xF81F,
  0xF81F,0xF81F,0xF81F,0xF81F,0xF81F,0x2124,0x1903,0x18E3,0xF81F,0xF81F,0x18E3,0xF81F,0xF81F,0xF81F,0xF81F,0xF81F,
  0xF81F,0xF81F,0xF81F,0xF81F,0xF81F,0xF81F,0xF81F,0xF81F,0xF81F,0xF81F,0xF81F,0xF81F,0xF81F,0xF81F,0xF81F,0x18E3,
  0x10C3,0x18E3,0xF81F,0xF81F,0xF81F,0x18E3,0x2103,0x2104,0xF81F,0xF81F,0xF81F,0xF81F,0xF81F,0xF81F,0xF81F,0xF81F,
  0xF81F,0xF81F,0xF81F,0xF81F,0xF81F,0xF81F,0xF81F,0xF81F,0x2124,0x18C3,0x18E3,0x18E3,0x18E3,0x2124,0x2103,0x2124,
  0x2104,0xF81F,0xF81F,0xF81F,0xF81F,0xF81F,0xF81F,0xF81F,0xF81F,0xF81F,0xF81F,0xF81F,0xF81F,0xF81F,0xF81F,0xF81F,
  0xF81F,0xF81F,0x2124,0x18E3,0xF81F,0xF81F,0xF81F,0xF81F,0x1903,0xF81F,0xF81F,0xF81F,0xF81F,0xF81F,0xF81F,0xF81F,
  0xF81F,0xF81F,0xF81F,0xF81F,0xF81F,0xF81F,0xF81F,0xF81F,0xF81F,0xF81F,0xF81F,0xF81F,0x2104,0x18E3,0xF81F,0xF81F,
  0xF81F,0xF81F,0xF81F,0xF81F,0xF81F,0xF81F,0xF81F,0xF81F,0xF81F,0xF81F,0xF81F,0xF81F,0xF81F,0xF81F,0xF81F,0xF81F,
  0xF81F,0xF81F,0xF81F,0xF81F,0xF81F,0xF81F,0xF81F,0x18E3,0x1903,0x2124,0x2124,0x2144,0xF81F,0xF81F,0xF81F,0xF81F,
  0xF81F,0xF81F,0xF81F,0xF81F,0xF81F,0xF81F,0xF81F,0xF81F,0xF81F,0xF81F,0xF81F,0xF81F,0xF81F,0xF81F,0xF81F,0xF81F,
  0xF81F,0xF81F,0xF81F,0x18E3,0xF81F,0xF81F,0xF81F,0xF81F,0x2144,0x2104,0xF81F,0xF81F,0xF81F,0xF81F,0xF81F,0xF81F,
  0xF81F,0xF81F,0xF81F,0xF81F,0xF81F,0xF81F,0xF81F,0xF81F,0xF81F,0xF81F,0xF81F,0xF81F,0xF81F,0x1903,0x18E3,0xF81F,
  0xF81F,0x2124,0x18E3,0x1903,0xF81F,0xF81F,0xF81F,0xF81F,0xF81F,0xF81F,0xF81F,0xF81F,0xF81F,0xF81F,0xF81F,0xF81F,
  0xF81F,0xF81F,0xF81F,0xF81F,0xF81F,0xF81F,0xF81F,0x2124,0x18E3,0x2103,0x2124,0x1903,0x10C3,0x18E3,0xF81F,0xF81F,
  0xF81F,0xF81F,0xF81F,0xF81F,0xF81F,0xF81F,0xF81F,0xF81F,0xF81F,0xF81F,0xF81F,0xF81F,0xF81F,0xF81F,0xF81F,0xF81F,
  0xF81F,0xF81F,0xF81F,0xF81F,0xF81F,0xF81F,0x18E3,0xF81F,0xF81F,0xF81F,0xF81F,0xF81F,0xF81F,0xF81F,0xF81F,0xF81F,
  0xF81F,0xF81F,0xF81F,0xF81F,0xF81F,0xF81F,0xF81F,0xF81F,0xF81F,0xF81F,0x2124,0x2103,0x2103,0x2144,0xF81F,0x2124,
  0x1903,0xF81F,0x2144,0x2103,0x2124,0x2124,0x2124,0x2124,0x2124,0x2124,0x2104,0x2124,0x2124,0x2124,0x2124,0x2124,
  0x2124,0x2124,0xF81F,0xF81F,0x18E3,0x18E3,0x18E3,0x1903,0xF81F,0x2124,0xF81F,0x2124,0x2124,0x18E3,0x18E3,0x18E3,
  0x18E3,0x18E3,0x18E2,0x18E2,0x18E2,0x18E2,0x18E3,0x18E3,0x1903,0x18E3,0x1903,0x1903,0xF81F,0xF81F,0x2103,0x18E3,
  0x2103,0xF81F,0xF81F,0x2104,0xF81F,0x2144,0x1903,0x1903,0x18E3,0x18E3,0x18E2,0x18A1,0x18C0,0x18C0,0x18A0,0x18A1,
  0x18C1,0x18C1,0x20E3,0xF81F,0xF81F,0xF81F,0xF81F,0xF81F,0xF81F,0xF81F,0xF81F,0xF81F,0x2124,0x1903,0xF81F,0xF81F,
  0xF81F,0xF81F,0xF81F,0xF81F,0xF81F,0xF81F,0xF81F,0xF81F,0xF81F,0xF81F,0xF81F,0xF81F,0xF81F,0xF81F,0xF81F,0xF81F,
  0xF81F,0xF81F,0xF81F,0xF81F,0xF81F,0xF81F,0x2103,0x18E3,0xF81F,0xF81F,0xF81F,0xF81F,0xF81F,0xF81F,0xF81F,0xF81F,
  0xF81F,0xF81F,0xF81F,0xF81F,0xF81F,0xF81F,0xF81F,0xF81F,0xF81F,0xF81F,0xF81F,0xF81F,0xF81F,0xF81F,0xF81F,0xF81F,
  0x1903,0x18C3,0xF81F,0xF81F,0xF81F,0xF81F,0xF81F,0xF81F,0xF81F,0xF81F,0xF81F,0xF81F,0xF81F,0xF81F,0xF81F,0xF81F,
  0xF81F,0xF81F,0xF81F,0xF81F,
};
const HdImage img_P_B = { 131, 134, 26, 18, img_P_B_data };

static const uint16_t img_P_C_data[406] = {
  0xF81F,0xF81F,0xF81F,0xF81F,0xF81F,0x2124,0x2144,0x2124,0xF81F,0xF81F,0xF81F,0xF81F,0xF81F,0xF81F,0xF81F,0xF81F,
  0xF81F,0xF81F,0xF81F,0xF81F,0xF81F,0xF81F,0xF81F,0xF81F,0xF81F,0xF81F,0xF81F,0xF81F,0xF81F,0xF81F,0xF81F,0xF81F,
  0xF81F,0x2124,0x2124,0xF81F,0x2124,0x2144,0xF81F,0xF81F,0xF81F,0xF81F,0xF81F,0xF81F,0xF81F,0xF81F,0xF81F,0xF81F,
  0xF81F,0xF81F,0xF81F,0xF81F,0xF81F,0xF81F,0xF81F,0xF81F,0xF81F,0xF81F,0xF81F,0xF81F,0xF81F,0x2124,0x2104,0xF81F,
  0xF81F,0xF81F,0x2124,0x2104,0x2124,0xF81F,0xF81F,0xF81F,0xF81F,0xF81F,0xF81F,0xF81F,0xF81F,0xF81F,0xF81F,0xF81F,
  0xF81F,0xF81F,0xF81F,0xF81F,0xF81F,0xF81F,0xF81F,0xF81F,0xF81F,0xF81F,0x2124,0x18C3,0x18E3,0x1904,0xF81F,0x18E3,
  0x18E3,0x2104,0x2124,0xF81F,0xF81F,0xF81F,0xF81F,0xF81F,0xF81F,0xF81F,0xF81F,0xF81F,0xF81F,0xF81F,0xF81F,0xF81F,
  0xF81F,0xF81F,0xF81F,0xF81F,0xF81F,0xF81F,0xF81F,0x1903,0x18C3,0x18E3,0x2104,0x2104,0x2103,0xF81F,0xF81F,0xF81F,
  0xF81F,0xF81F,0xF81F,0xF81F,0xF81F,0xF81F,0xF81F,0xF81F,0xF81F,0xF81F,0xF81F,0xF81F,0xF81F,0xF81F,0xF81F,0xF81F,
  0xF81F,0xF81F,0xF81F,0xF81F,0x1903,0x18E3,0xF81F,0xF81F,0xF81F,0xF81F,0xF81F,0xF81F,0xF81F,0xF81F,0xF81F,0xF81F,
  0xF81F,0xF81F,0xF81F,0xF81F,0xF81F,0xF81F,0xF81F,0xF81F,0xF81F,0xF81F,0xF81F,0xF81F,0xF81F,0xF81F,0xF81F,0xF81F,
  0xF81F,0x1903,0x18E3,0xF81F,0xF81F,0x2144,0x2144,0xF81F,0xF81F,0xF81F,0xF81F,0xF81F,0xF81F,0xF81F,0xF81F,0xF81F,
  0xF81F,0xF81F,0xF81F,0xF81F,0xF81F,0xF81F,0xF81F,0xF81F,0xF81F,0xF81F,0xF81F,0xF81F,0xF81F,0xF81F,0xF81F,0x18E3,
  0x2124,0x2124,0x2144,0xF81F,0xF81F,0xF81F,0xF81F,0xF81F,0xF81F,0xF81F,0xF81F,0xF81F,0xF81F,0xF81F,0xF81F,0xF81F,
  0xF81F,0xF81F,0xF81F,0xF81F,0xF81F,0xF81F,0xF81F,0xF81F,0xF81F,0xF81F,0xF81F,0xF81F,0xF81F,0xF81F,0x18E3,0x2124,
  0x2124,0x2965,0xF81F,0xF81F,0xF81F,0xF81F,0xF81F,0xF81F,0xF81F,0xF81F,0xF81F,0xF81F,0xF81F,0xF81F,0xF81F,0xF81F,
  0xF81F,0xF81F,0xF81F,0xF81F,0xF81F,0x2944,0x2944,0xF81F,0xF81F,0xF81F,0xF81F,0xF81F,0x18E3,0x2103,0x2104,0x1903,
  0x2124,0xF81F,0xF81F,0xF81F,0xF81F,0xF81F,0xF81F,0xF81F,0xF81F,0xF81F,0xF81F,0xF81F,0xF81F,0xF81F,0xF81F,0xF81F,
  0xF81F,0xF81F,0x2945,0x2103,0x2104,0x2124,0x2124,0x2944,0xF81F,0xF81F,0xF81F,0xF81F,0x18E3,0x2103,0xF81F,0xF81F,
  0xF81F,0xF81F,0xF81F,0xF81F,0xF81F,0xF81F,0xF81F,0xF81F,0xF81F,0xF81F,0xF81F,0xF81F,0xF81F,0xF81F,0xF81F,0x2144,
  0x18E3,0x18E3,0xF81F,0xF81F,0xF81F,0xF81F,0xF81F,0xF81F,0x2124,0x2104,0x18E3,0xF81F,0xF81F,0xF81F,0xF81F,0xF81F,
  0xF81F,0xF81F,0xF81F,0xF81F,0xF81F,0xF81F,0xF81F,0xF81F,0xF81F,0xF81F,0xF81F,0xF81F,0xF81F,0xF81F,0xF81F,0xF81F,
  0xF81F,0x18E3,0x18E3,0x18E3,0x2103,0xF81F,0xF81F,0xF81F,0xF81F,0x2124,0x2104,0x1903,0x1903,0x2103,0x2103,0x2103,
  0x1903,0x18E3,0x18E3,0x1903,0x18E3,0x20E3,0x18E3,0x2103,0x2124,0xF81F,0xF81F,0xF81F,0xF81F,0xF81F,0x18C1,0x18C1,
  0x18C2,0x18E3,0x1903,0x2124,0x2944,0x2103,0x2103,0x18E3,0x18E3,0x18E3,0x18E3,0x18C2,0x18C2,0x18C1,0x18A1,0x18A1,
  0x18A1,0x18A1,0x18C2,0x18C2,0x18C2,0xF81F,
};
const HdImage img_P_C = { 161, 134, 29, 14, img_P_C_data };

static const uint16_t img_Shark_1_data[24] = {
  0xF81F,0xF81F,0xF81F,0x2144,0x2124,0x2124,0xF81F,0xF81F,0x2124,0x18E3,0x18E3,0xF81F,0xF81F,0x2103,0x18C2,0x18C2,
  0x18C2,0xF81F,0x2103,0x18E2,0x10A1,0x18C1,0x18C1,0xF81F,
};
const HdImage img_Shark_1 = { 131, 153, 6, 4, img_Shark_1_data };

static const uint16_t img_Shark_2_data[24] = {
  0xF81F,0xF81F,0xF81F,0xF81F,0x2124,0x3185,0xF81F,0xF81F,0x2144,0x2103,0x18E3,0xF81F,0xF81F,0x20E2,0x18C2,0x18A1,
  0x18C2,0xF81F,0x2944,0x2103,0x18C1,0x18C1,0x20C1,0xF81F,
};
const HdImage img_Shark_2 = { 161, 153, 6, 4, img_Shark_2_data };

static const uint16_t img_Shark_3_data[36] = {
  0x2144,0x2124,0xF81F,0xF81F,0xF81F,0xF81F,0xF81F,0x18C3,0x18E3,0xF81F,0xF81F,0xF81F,0xF81F,0x18C2,0x18C3,0x18E3,
  0xF81F,0xF81F,0xF81F,0x18C3,0x18C3,0x18C2,0x18E3,0xF81F,0xF81F,0x18C1,0x10A1,0x10A2,0x18C2,0xF81F,0xF81F,0x18C1,
  0x10A1,0x18A1,0x18C2,0x2103,
};
const HdImage img_Shark_3 = { 116, 160, 6, 6, img_Shark_3_data };

static const uint16_t img_Shark_4_data[36] = {
  0x2964,0x2144,0xF81F,0xF81F,0xF81F,0xF81F,0xF81F,0x18E3,0x1903,0xF81F,0xF81F,0xF81F,0xF81F,0x18E3,0x18E3,0x1903,
  0xF81F,0xF81F,0xF81F,0x18E3,0x18E3,0x18C3,0x18E3,0xF81F,0xF81F,0x18C1,0x18C2,0x10A2,0x18C2,0xF81F,0xF81F,0x18E1,
  0x18C1,0x18C2,0x18E3,0x2104,
};
const HdImage img_Shark_4 = { 143, 160, 6, 6, img_Shark_4_data };

static const uint16_t img_Shark_5_data[264] = {
  0xF81F,0xF81F,0xF81F,0xF81F,0xF81F,0xF81F,0xF81F,0xF81F,0xF81F,0xF81F,0xF81F,0xF81F,0xF81F,0xF81F,0xF81F,0xF81F,
  0xF81F,0xF81F,0x2964,0x2124,0x2124,0x2124,0xF81F,0xF81F,0xF81F,0xF81F,0xF81F,0xF81F,0xF81F,0xF81F,0xF81F,0xF81F,
  0xF81F,0xF81F,0xF81F,0xF81F,0xF81F,0xF81F,0x2144,0x2124,0x2124,0x18E3,0x18E3,0x1903,0xF81F,0xF81F,0xF81F,0xF81F,
  0xF81F,0xF81F,0xF81F,0xF81F,0xF81F,0xF81F,0xF81F,0xF81F,0xF81F,0xF81F,0xF81F,0x2124,0x2104,0x18E3,0x18E3,0x18E3,
  0x1903,0x1903,0xF81F,0xF81F,0xF81F,0xF81F,0xF81F,0xF81F,0xF81F,0xF81F,0xF81F,0xF81F,0xF81F,0xF81F,0xF81F,0xF81F,
  0x2124,0x18E3,0x18E3,0x18E3,0x18E3,0x18E3,0x18E3,0xF81F,0xF81F,0xF81F,0xF81F,0xF81F,0xF81F,0xF81F,0xF81F,0xF81F,
  0xF81F,0xF81F,0xF81F,0xF81F,0xF81F,0xF81F,0x1903,0x18E3,0x18E3,0x18E3,0x18E3,0x1903,0x18E3,0xF81F,0xF81F,0xF81F,
  0xF81F,0xF81F,0xF81F,0xF81F,0xF81F,0xF81F,0xF81F,0xF81F,0x2944,0x2103,0x2124,0x2124,0x1903,0x1903,0x18E3,0x18E3,
  0x2103,0x1903,0x1903,0xF81F,0xF81F,0xF81F,0x2945,0x2124,0x2964,0xF81F,0xF81F,0xF81F,0xF81F,0x2144,0x2103,0x18E3,
  0x1903,0x1903,0x1903,0xF81F,0xF81F,0xF81F,0xF81F,0xF81F,0xF81F,0xF81F,0x2124,0x2104,0x2103,0x2104,0x2104,0x1903,
  0x2104,0x2124,0x2124,0x1903,0x18E3,0x1903,0x1903,0xF81F,0x2124,0xF81F,0xF81F,0xF81F,0xF81F,0xF81F,0xF81F,0xF81F,
  0x2124,0x18E3,0x18E3,0x18E3,0x18E3,0x18E3,0x1903,0x2124,0x1903,0x18E3,0x1903,0x1904,0xF81F,0xF81F,0xF81F,0xF81F,
  0xF81F,0x2985,0xF81F,0xF81F,0xF81F,0xF81F,0xF81F,0xF81F,0xF81F,0x18E3,0x18E3,0x1903,0x2144,0xF81F,0xF81F,0x1903,
  0xF81F,0xF81F,0xF81F,0xF81F,0xF81F,0x2945,0x2124,0x2124,0xF81F,0xF81F,0xF81F,0xF81F,0xF81F,0xF81F,0xF81F,0x18E2,
  0x18E2,0x18E3,0xF81F,0xF81F,0xF81F,0x2104,0xF81F,0xF81F,0x2965,0x2124,0x2104,0x2103,0x2124,0x1923,0xF81F,0xF81F,
  0xF81F,0xF81F,0xF81F,0xF81F,0xF81F,0x3163,0x18C1,0x18C1,0x2102,0x2923,0x2102,0x20E2,0x2103,0x2123,0x2124,0x2124,
  0x1904,0x2124,0x1903,0xF81F,0xF81F,0xF81F,0xF81F,0xF81F,
};
const HdImage img_Shark_5 = { 172, 155, 22, 12, img_Shark_5_data };

static const uint16_t img_parachute_background_data[61120] = {
  0x29AC,0x216B,0x194A,0x194A,0x192A,0x194A,0x194A,0x194A,0x194B,0x196B,0x194B,0x194B,0x194B,0x194B,0x194B,0x194B,
  0x194B,0x194B,0x194B,0x194B,0x196B,0x194B,0x196B,0x194B,0x194B,0x194A,0x194A,0x194A,0x194A,0x194A,0x194B,0x194A,
  0x194A,0x194A,0x194A,0x194A,0x194A,0x194A,0x194A,0x194A,0x192A,0x194A,0x194A,0x196A,0x196A,0x194A,0x29CB,0x196A,
  0x194A,0x194A,0x194A,0x194A,0x196A,0x194A,0x194A,0x194A,0x194A,0x194A,0x194A,0x1129,0x320C,0x218B,0x192A,0x194A,
  0x194A,0x194A,0x194A,0x194A,0x194A,0x194A,0x194A,0x194A,0x194A,0x194A,0x194A,0x194A,0x194A,0x194A,0x194A,0x194A,
  0x1949,0x1949,0x1949,0x1949,0x1949,0x1949,0x1929,0x1929,0x1949,0x1929,0x1929,0x1929,0x1929,0x1929,0x1929,0x1929,
  0x1929,0x1929,0x1929,0x1929,0x1929,0x1128,0x1128,0x1128,0x1128,0x1128,0x1128,0x1129,0x1949,0x1128,0x1969,0x1949,
  0x1949,0x1949,0x1129,0x196A,0x1149,0x1128,0x1929,0x1949,0x1129,0x1149,0x1949,0x1129,0x1969,0x1929,0x1129,0x1949,
  0x1949,0x1129,0x1929,0x1128,0x1129,0x1128,0x1929,0x1949,0x1949,0x1128,0x1108,0x1949,0x1129,0x1129,0x1129,0x1129,
  0x1129,0x1109,0x1109,0x1128,0x1129,0x1109,0x1109,0x1129,0x1109,0x0909,0x0909,0x0909,0x0908,0x0909,0x0909,0x08E9,
  0x0909,0x08E8,0x08E8,0x1109,0x08E9,0x0909,0x0909,0x0909,0x0909,0x0908,0x0909,0x0909,0x0909,0x0909,0x114A,0x0909,
  0x1109,0x0908,0x08E9,0x08E8,0x08E8,0x08E9,0x08E8,0x1109,0x08E9,0x08E9,0x08E9,0x08E9,0x08E9,0x08E9,0x08E9,0x08E9,
  0x0909,0x0909,0x0909,0x0909,0x0909,0x08E9,0x0909,0x0909,0x08E9,0x08E9,0x08C8,0x08E8,0x08E9,0x08C8,0x08E8,0x08E8,
  0x08C8,0x08E8,0x08E8,0x08E9,0x10E8,0x08E8,0x08E8,0x08C7,0x08E9,0x10E9,0x10E8,0x1108,0x1108,0x1108,0x1108,0x1108,
  0x08E8,0x10E8,0x08E8,0x10E8,0x10E8,0x08E8,0x1108,0x1929,0x08C7,0x08E8,0x1108,0x08E7,0x10E8,0x1108,0x1108,0x1108,
  0x08E8,0x1108,0x1108,0x0908,0x08E8,0x1108,0x1108,0x10E8,0x08E8,0x0908,0x10E8,0x10E8,0x08E8,0x10E8,0x10E8,0x10E8,
  0x10E8,0x10E9,0x10E8,0x10E8,0x10E8,0x10E8,0x1108,0x1108,0x1108,0x1108,0x1108,0x1108,0x10E8,0x10E8,0x10E8,0x10E8,
  0x10E8,0x08E8,0x08E8,0x10C8,0x08E8,0x0887,0x73F2,0x1927,0x08A8,0x10E8,0x08C8,0x08C8,0x08C8,0x08C8,0x08C8,0x08C8,
  0x10E8,0x08E9,0x08C8,0x10C8,0x10E8,0x08C8,0x08C8,0x08E8,0x08E8,0x1109,0x08E8,0x10C8,0x10E8,0x08C8,0x08C8,0x08C8,
  0x08C8,0x08E9,0x08C8,0x08C8,0x10A8,0x08C8,0x08C8,0x08A8,0x10E9,0x08C8,0x08A8,0x10A8,0x10E9,0x192A,0x424E,0x31EC,
  0x218C,0x29ED,0x21CC,0x21CC,0x21CC,0x21CD,0x21CD,0x21CD,0x21CD,0x21CD,0x21CD,0x21CD,0x21CD,0x21CD,0x21CD,0x21CD,
  0x21CC,0x21CD,0x21CD,0x21CD,0x21CC,0x29CD,0x21CD,0x21CD,0x21CC,0x21CC,0x21CD,0x21CC,0x21CD,0x21CD,0x21CC,0x21CD,
  0x21CD,0x21CC,0x21CD,0x21CD,0x21CD,0x29CD,0x21CD,0x21CD,0x21CD,0x21AC,0x21CC,0x21CD,0x21CD,0x21CD,0x21CD,0x21CD,
  0x21CD,0x21CD,0x21CD,0x21CD,0x21CD,0x21CD,0x21CD,0x21CD,0x21CD,0x21CD,0x21CD,0x21CD,0x21CD,0x29ED,0x21CD,0x21CD,
  0x21CD,0x21CD,0x21CD,0x21CD,0x21CD,0x21CD,0x21CD,0x21CD,0x21CD,0x21CD,0x21CD,0x21CD,0x21CD,0x21CD,0x21CD,0x21AD,
  0x21CD,0x21CD,0x21AD,0x21AD,0x21AD,0x21CD,0x21AD,0x21AD,0x21AD,0x21AD,0x21AD,0x21AC,0x21AC,0x21AC,0x21AC,0x21AD,
  0x21AC,0x21AC,0x21AC,0x21AC,0x21AC,0x21AC,0x21AC,0x21AC,0x21AC,0x21AC,0x21AC,0x21AC,0x21CD,0x21AC,0x21CD,0x21CD,
  0x21CD,0x21AD,0x21CD,0x218C,0x21AD,0x21CD,0x21CD,0x21CD,0x21CD,0x21CD,0x21CD,0x21CD,0x29EE,0x29ED,0x29ED,0x21ED,
  0x29CD,0x29ED,0x29ED,0x29ED,0x29EE,0x21ED,0x29EE,0x29EE,0x2A0E,0x29ED,0x29ED,0x2A0E,0x21ED,0x29ED,0x29EE,0x21EE,
  0x21ED,0x21ED,0x21ED,0x21EE,0x21EE,0x21EE,0x21EE,0x21EE,0x21EE,0x21EE,0x21EE,0x21EE,0x21EE,0x21EE,0x21EE,0x21EE,
  0x21EE,0x21EE,0x21EE,0x21EE,0x21EE,0x21EE,0x21EE,0x21EE,0x21EE,0x21EE,0x21EE,0x220E,0x220E,0x21EE,0x21EE,0x21EE,
  0x21EE,0x21EE,0x21EE,0x21EE,0x21EE,0x21EE,0x21EE,0x220E,0x21EE,0x21EE,0x220E,0x21EE,0x21EE,0x220E,0x220E,0x220E,
  0x21EE,0x21EE,0x21EE,0x21EE,0x21EE,0x21EE,0x21EE,0x21EE,0x21EE,0x21EE,0x21EE,0x21EE,0x21EE,0x21EE,0x21EE,0x21EE,
  0x21ED,0x21ED,0x21CD,0x29ED,0x29ED,0x21CD,0x2A0E,0x29EE,0x21ED,0x29CD,0x29ED,0x29ED,0x29ED,0x29ED,0x29ED,0x29ED,
  0x29ED,0x29ED,0x29ED,0x29CD,0x29ED,0x29CD,0x29ED,0x29ED,0x21CD,0x21CD,0x29ED,0x29ED,0x29ED,0x29ED,0x21CD,0x29ED,
  0x21ED,0x29ED,0x29ED,0x21ED,0x29ED,0x29ED,0x29CD,0x29ED,0x29ED,0x21CD,0x21ED,0x21CD,0x21CD,0x29CD,0x29ED,0x29ED,
  0x29ED,0x21CD,0x29CD,0x29ED,0x29ED,0x29ED,0x29CD,0x21CD,0x21CD,0x21CD,0x21CD,0x21CD,0x21CD,0x21CD,0x29CD,0x29CD,
  0x21CD,0x21CD,0x21CD,0x29CD,0x29CD,0x21AD,0x29CC,0x21AC,0x29ED,0x29CD,0x21CD,0x21CD,0x29CD,0x21CD,0x21CD,0x21CD,
  0x29CD,0x21ED,0x21CD,0x29ED,0x29ED,0x21CD,0x21CD,0x21CD,0x29ED,0x29ED,0x21CD,0x29ED,0x29CD,0x29ED,0x29ED,0x29ED,
  0x29CD,0x2A0D,0x2A0D,0x21CD,0x29CD,0x21CD,0x21CD,0x29CD,0x21CD,0x21CD,0x21CD,0x21CD,0x21CD,0x21CD,0x320D,0x29CD,
  0x21AC,0x29CC,0x21AC,0x21AC,0x218C,0x21AC,0x21AC,0x21AC,0x21AC,0x21AC,0x21AC,0x21AC,0x21AC,0x21AC,0x21AC,0x21AC,
  0x21AC,0x21AC,0x21AC,0x21AC,0x21AC,0x21AC,0x21AC,0x218C,0x21AC,0x21AC,0x21AC,0x21AC,0x21AC,0x21AC,0x21AC,0x21AC,
  0x21AC,0x21AC,0x21AC,0x21AC,0x218C,0x21AC,0x21AC,0x21AC,0x21AC,0x21AC,0x21AC,0x21AC,0x21AC,0x21AC,0x218C,0x21AC,
  0x218C,0x21AC,0x21AC,0x21AC,0x21AC,0x21AC,0x21AC,0x21AC,0x21AC,0x21AC,0x21AC,0x21CC,0x21AC,0x21AC,0x21AC,0x21AC,
  0x21AC,0x21AC,0x21AC,0x21AC,0x21AC,0x21AC,0x21AC,0x21AC,0x21AC,0x21AC,0x21AC,0x21AC,0x21AC,0x21AC,0x21AC,0x218C,
  0x198C,0x198C,0x198C,0x198C,0x198C,0x198C,0x198C,0x198C,0x198C,0x198B,0x198B,0x198B,0x198B,0x198B,0x198B,0x198C,
  0x196B,0x196B,0x196B,0x196B,0x196B,0x196B,0x196B,0x196B,0x196B,0x196B,0x198B,0x198B,0x198B,0x198C,0x198C,0x198B,
  0x218C,0x218C,0x21AC,0x428F,0x198C,0x21AC,0x218C,0x21AC,0x218C,0x21AC,0x21AC,0x21AC,0x21AC,0x21AC,0x21AC,0x21AC,
  0x21AC,0x21AC,0x21AC,0x21AC,0x21AC,0x21AC,0x21AC,0x21AC,0x21AC,0x21AC,0x21AC,0x21AC,0x21AC,0x21AC,0x21AC,0x21AC,
  0x21AC,0x21AC,0x21AC,0x21AC,0x21AD,0x21AD,0x21AD,0x21CD,0x21AD,0x21AD,0x19AD,0x21AD,0x21CD,0x19AD,0x21CD,0x21CD,
  0x21CD,0x21CD,0x21CD,0x19AD,0x21CD,0x21AD,0x21CD,0x19CD,0x21CD,0x19AD,0x21AD,0x19CD,0x21CD,0x21CD,0x21CD,0x21CD,
  0x21CD,0x19AD,0x21AD,0x21CD,0x21CD,0x21CD,0x21CD,0x21CD,0x21CD,0x21CD,0x21CD,0x21CD,0x21EE,0x2A0E,0x19AD,0x21CD,
  0x21CD,0x21CD,0x21CD,0x21CD,0x21CD,0x21CD,0x21CD,0x21AD,0x21AD,0x21CD,0x21CD,0x21CD,0x21AD,0x21AD,0x21AD,0x21AD,
  0x21AC,0x21CD,0x322E,0x19AC,0x21AC,0x21AC,0x21AC,0x21AC,0x21AC,0x21AC,0x21AC,0x21AC,0x21AC,0x21AC,0x21AC,0x21AC,
  0x21AC,0x21AC,0x21AC,0x21AC,0x21AC,0x21AC,0x21AC,0x21AC,0x21AC,0x21AC,0x21AC,0x21AC,0x21AC,0x21AC,0x21AC,0x21AC,
  0x21AC,0x21AC,0x21AC,0x21AC,0x21AC,0x21AC,0x21AC,0x21AC,0x21AC,0x21AC,0x21AC,0x21AC,0x21AC,0x21AC,0x21AC,0x218C,
  0x21AC,0x21AC,0x21AC,0x21AC,0x21AC,0x21AC,0x21AC,0x21AC,0x218C,0x218C,0x218C,0x218C,0x218C,0x218C,0x218C,0x218C,
  0x21AC,0x21AC,0x21AC,0x218C,0x218C,0x21AC,0x218C,0x21AC,0x218C,0x218C,0x21AC,0x21AC,0x21AC,0x21AC,0x21AC,0x21AC,
  0x21AC,0x21AC,0x21AC,0x21AC,0x21AC,0x21AC,0x21AC,0x21AC,0x21AC,0x21AC,0x21AC,0x21AC,0x21AC,0x21AC,0x21AC,0x21AC,
  0x21AC,0x21AC,0x21AC,0x21AC,0x218C,0x21AC,0x21AC,0x218C,0x21AC,0x218C,0x21AC,0x21AC,0x21AC,0x21AC,0x198C,0x29CD,
  0x21AC,0x29CC,0x21AC,0x21AC,0x21AC,0x21AC,0x21AC,0x218C,0x21AC,0x21AC,0x21AC,0x218C,0x21AC,0x21AC,0x21AC,0x21AC,
  0x21AC,0x21AC,0x21AC,0x21AC,0x21AC,0x21AC,0x21AC,0x21CC,0x21AC,0x21AC,0x21AC,0x21AC,0x218C,0x21AC,0x218C,0x21AC,
  0x21AC,0x21AC,0x21AC,0x21AC,0x218C,0x218C,0x218C,0x21AC,0x218C,0x21AC,0x21AC,0x21AC,0x21AC,0x21AC,0x21AC,0x21AC,
  0x218C,0x218C,0x21AC,0x21AC,0x21AC,0x21AC,0x21AC,0x21AC,0x218C,0x21AC,0x21AC,0x21AC,0x21AC,0x21AC,0x21AC,0x21AC,
  0x21AC,0x21AC,0x21AC,0x21AC,0x21AC,0x21AC,0x21AC,0x21AC,0x21AC,0x21AC,0x21AC,0x21AC,0x21AC,0x21AC,0x21AC,0x218C,
  0x198C,0x198C,0x198C,0x198C,0x198C,0x198C,0x198C,0x218C,0x198C,0x198C,0x198B,0x198C,0x198C,0x198B,0x198C,0x198C,
  0x196B,0x196B,0x198B,0x198C,0x198C,0x196B,0x196B,0x196C,0x198B,0x198B,0x198C,0x198C,0x218C,0x218C,0x198C,0x218C,
  0x218C,0x21AC,0x21AC,0x29CC,0x21AC,0x198C,0x218C,0x21AC,0x21AC,0x21AC,0x21AC,0x21AC,0x21AC,0x21AC,0x21AC,0x21CD,
  0x21AC,0x21AC,0x21AC,0x21AC,0x21AC,0x21AC,0x21AC,0x21AC,0x21AC,0x21AC,0x21AC,0x21CC,0x21AC,0x21CD,0x21CD,0x21CD,
  0x21CD,0x21CD,0x21CD,0x21CD,0x21CD,0x21CD,0x21CD,0x21CD,0x21CD,0x21CD,0x21CD,0x21CD,0x21CD,0x21CD,0x21CD,0x21CD,
  0x21CD,0x21CD,0x21CD,0x21CD,0x21CD,0x21CD,0x21CD,0x21CD,0x21CD,0x21CD,0x21CD,0x21CD,0x21CD,0x21CD,0x21CD,0x21EE,
  0x21CD,0x2A0E,0x21EE,0x21CD,0x21CD,0x21CD,0x21CD,0x21CD,0x21CD,0x21CD,0x21CD,0x21CD,0x21CD,0x21CD,0x21CD,0x21CD,
  0x21CD,0x21CD,0x21CD,0x21CD,0x21CD,0x21CD,0x21CD,0x21CD,0x21CD,0x21CD,0x21CD,0x21CD,0x21CD,0x21CD,0x21CD,0x21CD,
  0x21AD,0x2A0E,0x29EE,0x19AC,0x21AC,0x21AC,0x21AC,0x21AC,0x21AC,0x21AC,0x21AC,0x21AC,0x21AC,0x21AC,0x21AC,0x21AC,
  0x21AC,0x21AC,0x21AC,0x21AC,0x21AC,0x21AC,0x21AC,0x21AC,0x21AC,0x21AC,0x21AC,0x21AC,0x21AC,0x21AC,0x21AC,0x21AC,
  0x21AC,0x21AC,0x21AC,0x21AC,0x21AC,0x21AC,0x21AC,0x21AC,0x21AC,0x21AC,0x21AC,0x21AC,0x21AC,0x21AC,0x21AC,0x21AC,
  0x21AC,0x21AC,0x21AC,0x21AC,0x21AC,0x21AC,0x21AC,0x21AC,0x21AC,0x21AC,0x21AC,0x218C,0x21AC,0x21AC,0x218C,0x21AC,
  0x218C,0x218C,0x218C,0x198C,0x218C,0x218C,0x21AC,0x21AC,0x21AC,0x21AC,0x21AC,0x21AC,0x21AC,0x21AC,0x21AC,0x21AC,
  0x21AC,0x218C,0x21AC,0x21AC,0x21AC,0x21AC,0x21AC,0x21AC,0x21AC,0x21AC,0x21AC,0x21AC,0x21AC,0x21AC,0x21AC,0x21AC,
  0x21AC,0x218C,0x21AC,0x21AC,0x21AC,0x218C,0x21AC,0x21AC,0x21AC,0x21AC,0x21AC,0x21AC,0x21AC,0x21AC,0x21AC,0x21CD,
  0x198C,0x29CD,0x21AC,0x21AC,0x21AC,0x21AC,0x21AC,0x21AC,0x21AC,0x21AC,0x21AC,0x21AC,0x21AC,0x218C,0x218C,0x218C,
  0x21AC,0x21AC,0x21AC,0x21AC,0x21AC,0x21AC,0x21AC,0x21AC,0x21AC,0x218C,0x21AC,0x21AC,0x21AC,0x218C,0x218C,0x21AC,
  0x21AC,0x21AC,0x21AC,0x21AC,0x218C,0x218C,0x21AC,0x218C,0x218C,0x218C,0x21AC,0x21AC,0x21AC,0x21AC,0x21AC,0x21AC,
  0x21AC,0x218C,0x21AC,0x21AC,0x21AC,0x21AC,0x21AC,0x21AC,0x21AC,0x21AC,0x21AC,0x21AC,0x21AC,0x21AC,0x21AC,0x21AC,
  0x21AC,0x21AC,0x21AC,0x21AC,0x21AC,0x21AC,0x21AC,0x21AC,0x21AC,0x21AC,0x21AC,0x21AC,0x21AC,0x21AC,0x21AC,0x218C,
  0x218C,0x218C,0x198C,0x218C,0x198C,0x198C,0x198C,0x198C,0x198C,0x198C,0x198C,0x198B,0x198C,0x198C,0x198C,0x198C,
  0x198C,0x196B,0x196B,0x196B,0x196B,0x196B,0x196B,0x196B,0x196B,0x198C,0x198C,0x198C,0x218C,0x218C,0x198C,0x198C,
  0x218C,0x198C,0x198C,0x198C,0x198C,0x198C,0x198C,0x21AC,0x21AC,0x198C,0x21AC,0x21AC,0x21AC,0x21AC,0x21AC,0x21AC,
  0x21AC,0x21AC,0x21AC,0x21AC,0x21AC,0x21AC,0x21AC,0x21AC,0x21AC,0x21AC,0x21CC,0x21AC,0x21AC,0x21AC,0x21AC,0x21CD,
  0x21AD,0x21CD,0x21CD,0x21CD,0x21AD,0x21CD,0x21CD,0x21CD,0x21CD,0x21CD,0x21CD,0x21CD,0x21CD,0x21CD,0x21CD,0x21CD,
  0x21CD,0x21CD,0x21CD,0x21CD,0x21CD,0x21CE,0x21CE,0x21CD,0x21CE,0x21CD,0x21ED,0x19CD,0x3A6F,0x21EE,0x21CD,0x21CD,
  0x21CD,0x2A0E,0x21EE,0x21CD,0x21CD,0x21CD,0x21CD,0x21CD,0x21CD,0x21CD,0x21CD,0x21CD,0x21CD,0x21CD,0x21CD,0x21CD,
  0x21CD,0x21CD,0x21CD,0x21CD,0x21CD,0x21CD,0x21CD,0x21CD,0x21CD,0x21CD,0x21CD,0x21CD,0x21CD,0x21EE,0x21CD,0x21CD,
  0x21CD,0x21AD,0x19AD,0x21AD,0x21CD,0x21AC,0x19AC,0x19AC,0x19AC,0x19AC,0x21AC,0x21AC,0x21AC,0x21AC,0x21AC,0x21AC,
  0x21AC,0x21AC,0x21AC,0x21AC,0x21AC,0x21AC,0x21AC,0x21AC,0x21AC,0x21AC,0x21AC,0x21AC,0x21AC,0x21AC,0x21AC,0x21AC,
  0x21AC,0x21AC,0x21AC,0x21AC,0x21AC,0x21AC,0x21AC,0x19AC,0x21AC,0x21AC,0x21AC,0x21AC,0x21AC,0x21AC,0x21AC,0x21AC,
  0x21AC,0x21AC,0x21AC,0x21AC,0x21AC,0x21AC,0x21AC,0x21AC,0x218C,0x21AC,0x218C,0x218C,0x218C,0x218C,0x21AC,0x198C,
  0x198C,0x21AC,0x21AC,0x21AC,0x21AC,0x21AC,0x198C,0x198C,0x218C,0x218C,0x198C,0x21AC,0x21AC,0x21AC,0x21AC,0x21AC,
  0x218C,0x218C,0x218C,0x218C,0x218C,0x19AC,0x218C,0x218C,0x218C,0x21AC,0x218C,0x198C,0x218C,0x218C,0x21AC,0x218C,
  0x21AC,0x21AC,0x218C,0x198C,0x198C,0x21AC,0x218C,0x21AC,0x21AC,0x218C,0x218C,0x21AC,0x21AC,0x21AC,0x21AC,0x21AC,
  0x29CD,0x29ED,0x21AC,0x21AC,0x21AC,0x21AC,0x21AC,0x21AC,0x21AC,0x21AC,0x21AC,0x21AC,0x21CC,0x21AC,0x21AC,0x21AC,
  0x21AC,0x21AC,0x21AC,0x21AC,0x21AC,0x21AC,0x21AC,0x198C,0x198C,0x21AC,0x21AC,0x21AC,0x21AC,0x21AC,0x21AC,0x21AC,
  0x21AC,0x21AC,0x21AC,0x21AC,0x21AC,0x21AC,0x21AC,0x21AC,0x21AC,0x21AC,0x21AC,0x21AC,0x21CC,0x21AC,0x21AC,0x21AC,
  0x21AC,0x21AC,0x21AC,0x21AC,0x21AC,0x21AC,0x21AC,0x21AC,0x21AC,0x21AC,0x21AC,0x21AC,0x21AC,0x21AC,0x21AC,0x21AC,
  0x21AC,0x21AC,0x21AC,0x21AC,0x21AC,0x21AC,0x21AC,0x21AC,0x21AC,0x21AC,0x21AC,0x21AC,0x21AC,0x21AC,0x21AC,0x21AC,
  0x21AC,0x21AC,0x198C,0x218C,0x198C,0x218C,0x218C,0x198C,0x198C,0x198C,0x198C,0x198C,0x198C,0x198C,0x198B,0x198B,
  0x198B,0x196B,0x196B,0x196B,0x196B,0x196B,0x196B,0x196B,0x196B,0x198C,0x198C,0x198C,0x198C,0x198C,0x21AC,0x198C,
  0x198C,0x198C,0x198C,0x198C,0x21AC,0x218C,0x19AC,0x21AC,0x21AC,0x21AC,0x21AC,0x21AC,0x21AC,0x21AC,0x21AC,0x21AC,
  0x21AC,0x21AC,0x21AC,0x21AC,0x21CC,0x21CC,0x21AC,0x21AC,0x21AC,0x21CD,0x21CD,0x21AD,0x21AC,0x21AC,0x21AC,0x21CC,
  0x21AD,0x21CD,0x21AD,0x21CD,0x21CD,0x21CD,0x21CD,0x21CD,0x21CD,0x21CD,0x21CD,0x21CD,0x21CD,0x21CD,0x21CD,0x21CD,
  0x21CD,0x21CD,0x21CD,0x21CD,0x21CD,0x21CE,0x21CD,0x21CE,0x21CE,0x21CD,0x21CD,0x21CD,0x21CD,0x21EE,0x21EE,0x21CD,
  0x2A0E,0x21CD,0x21CD,0x21EE,0x21CD,0x21EE,0x21CE,0x21CE,0x21CE,0x21CD,0x21CE,0x21CD,0x21CD,0x21CE,0x21CE,0x21CD,
  0x21CD,0x21CE,0x21CE,0x21CE,0x21CE,0x21CE,0x21CE,0x21CD,0x21CD,0x21CD,0x21CD,0x21CD,0x21CD,0x21AD,0x21CD,0x21CD,
  0x21CD,0x21CD,0x21AD,0x21AD,0x21CD,0x21AD,0x21AD,0x21AC,0x21AC,0x21AC,0x21AC,0x21AC,0x21AC,0x21AC,0x21AC,0x21AC,
  0x21AC,0x21AC,0x21AC,0x21AC,0x21AC,0x21AC,0x21AC,0x21AC,0x21AC,0x21AC,0x21AC,0x21AC,0x21AC,0x21AC,0x21AC,0x21AC,
  0x21AC,0x21AC,0x21AC,0x21AC,0x21AC,0x21AC,0x21AC,0x21AC,0x21AC,0x21AC,0x21AC,0x21AC,0x21AC,0x21AC,0x21AC,0x21AC,
  0x21AC,0x21AC,0x21AC,0x21AC,0x21AC,0x21AC,0x21AC,0x21AC,0x21AC,0x21AC,0x21AC,0x21AC,0x21AC,0x21AC,0x218C,0x21AC,
  0x21AC,0x21AC,0x218C,0x21AC,0x21AC,0x21AC,0x21AC,0x21AC,0x21AC,0x21AC,0x21AC,0x21AC,0x21AC,0x21AC,0x21AC,0x21AC,
  0x21AC,0x198C,0x21AC,0x21AC,0x21AC,0x198C,0x21AC,0x21AC,0x21AC,0x21AC,0x21AC,0x21AC,0x21AC,0x21AC,0x21AC,0x21AC,
  0x21AC,0x21AC,0x21AC,0x21AC,0x21AC,0x21AC,0x21AC,0x21AC,0x21AC,0x218C,0x21AC,0x21AC,0x21AC,0x21AC,0x21AC,0x29CC,
  0x196B,0x198C,0x218C,0x21AC,0x218C,0x196B,0x218C,0x21AC,0x21AC,0x21AC,0x198C,0x21AC,0x218C,0x21AC,0x21AC,0x21AC,
  0x21AC,0x21AC,0x21AC,0x21AC,0x21AC,0x21AC,0x198C,0x21AB,0x21AB,0x198C,0x21AC,0x198C,0x198C,0x196B,0x196B,0x196B,
  0x194B,0x196B,0x196B,0x196B,0x194B,0x114B,0x114B,0x116B,0x194B,0x114B,0x114B,0x114B,0x194B,0x196B,0x194B,0x114B,
  0x196B,0x198B,0x198C,0x196B,0x196B,0x196B,0x196B,0x198C,0x196B,0x198B,0x196B,0x196B,0x198B,0x218C,0x198C,0x196B,
  0x198B,0x198B,0x196B,0x198C,0x196B,0x198B,0x196B,0x198C,0x198C,0x198C,0x198B,0x196B,0x198C,0x198B,0x198C,0x198C,
  0x198C,0x198B,0x198C,0x198C,0x198B,0x198B,0x198C,0x198C,0x198C,0x198C,0x198C,0x198C,0x198B,0x196B,0x196B,0x198C,
  0x198B,0x196B,0x198C,0x196B,0x196B,0x198B,0x198B,0x198C,0x198C,0x198C,0x198C,0x196B,0x198C,0x198C,0x196B,0x198B,
  0x198C,0x198B,0x198C,0x198C,0x198C,0x21AC,0x198C,0x198C,0x198C,0x198C,0x198C,0x198C,0x198C,0x21AC,0x19AC,0x198C,
  0x198C,0x198C,0x198C,0x21AC,0x21AC,0x19AC,0x19AC,0x21AC,0x19AC,0x198C,0x19AC,0x19AC,0x19AC,0x19AC,0x19AC,0x19AC,
  0x19AC,0x19AC,0x21CD,0x19AD,0x21AD,0x19AC,0x19AC,0x19AD,0x19AD,0x19AD,0x19AD,0x19AC,0x19AD,0x19AD,0x19AD,0x19AD,
  0x19AD,0x19AD,0x19AD,0x19AD,0x19CD,0x19AD,0x19AD,0x19CD,0x19CD,0x19CD,0x19CD,0x19AD,0x21CE,0x21CD,0x19CD,0x19CD,
  0x19AD,0x19AD,0x19AD,0x19AD,0x19AD,0x19AD,0x19AD,0x19AD,0x19AD,0x198C,0x19AD,0x19AD,0x19CD,0x19AD,0x19AD,0x19AD,
  0x19CD,0x19CD,0x19AD,0x19AD,0x19AD,0x19CD,0x19CD,0x19AD,0x19AD,0x19AD,0x19AD,0x19AD,0x19AD,0x19AC,0x19AC,0x19AD,
  0x19AC,0x19AC,0x19AC,0x198C,0x198C,0x19AC,0x198C,0x19AC,0x19AC,0x198C,0x198C,0x198C,0x198C,0x198C,0x198C,0x19AC,
  0x198C,0x198C,0x198C,0x198C,0x198C,0x198C,0x198C,0x198C,0x198C,0x198C,0x198C,0x198C,0x198C,0x198C,0x21AC,0x198C,
  0x21AC,0x21AC,0x198C,0x21AC,0x198C,0x198C,0x198C,0x198C,0x198C,0x198C,0x198C,0x198C,0x198C,0x198C,0x198C,0x198B,
  0x198C,0x21AC,0x196B,0x198C,0x198C,0x198C,0x196B,0x198B,0x198C,0x198C,0x196B,0x198B,0x196B,0x196B,0x196B,0x196B,
  0x196B,0x196B,0x21CD,0x196B,0x196B,0x196B,0x198C,0x198C,0x196B,0x196B,0x198C,0x198C,0x196B,0x198B,0x196B,0x196B,
  0x196B,0x21AC,0x196B,0x198C,0x198B,0x198C,0x198C,0x196B,0x196B,0x196B,0x196B,0x196B,0x198B,0x196B,0x196B,0x196B,
  0x196B,0x196B,0x196B,0x196B,0x198B,0x196B,0x196B,0x196B,0x196B,0x196B,0x196B,0x196B,0x196B,0x198C,0x21AC,0x218C,
  0x6392,0x6353,0x52F1,0x4AD1,0x4AD1,0x5332,0x42B0,0x3A6F,0x4290,0x42B0,0x4AD1,0x4AD1,0x4AD1,0x4AF1,0x4AD1,0x42B1,
  0x4AD1,0x4AF1,0x4AD1,0x4AF1,0x4AF1,0x4AD1,0x3A70,0x5311,0x6372,0x4290,0x4AF1,0x5312,0x5332,0x5312,0x5B32,0x5B52,
  0x5332,0x5312,0x5332,0x5332,0x5332,0x5352,0x5B52,0x5332,0x5312,0x5332,0x5332,0x5B52,0x5332,0x5B32,0x5B52,0x5B32,
  0x5B52,0x5312,0x4AF1,0x5332,0x5332,0x4AF1,0x4AD1,0x42B0,0x42B1,0x4AD1,0x4AD1,0x4AD1,0x4290,0x42B0,0x42B1,0x3A90,
  0x3A70,0x42D1,0x4AF1,0x4AD1,0x4AD1,0x42D1,0x42D1,0x42D1,0x42B0,0x3A90,0x4AD1,0x4AF2,0x4290,0x42B0,0x3A70,0x3A6F,
  0x3A90,0x42B1,0x3A4F,0x3A70,0x3A70,0x3A70,0x3A70,0x3A4F,0x324F,0x3A70,0x326F,0x3A70,0x3A70,0x3A70,0x3A90,0x3250,
  0x3A50,0x3A50,0x3A50,0x3A4F,0x3A90,0x324F,0x324F,0x3A50,0x324F,0x322F,0x322F,0x3A6F,0x324F,0x322F,0x324F,0x324F,
  0x324F,0x324F,0x324F,0x322F,0x322F,0x322F,0x322F,0x322F,0x324F,0x322F,0x324F,0x322F,0x322F,0x322E,0x322E,0x322E,
  0x322E,0x324F,0x322F,0x322E,0x322E,0x322F,0x320E,0x322E,0x322E,0x322F,0x322E,0x322F,0x322E,0x2A2E,0x322F,0x322E,
  0x2A2E,0x2A2E,0x322E,0x322F,0x324F,0x322F,0x324F,0x2A2F,0x2A2F,0x322F,0x2A4F,0x2A2F,0x2A2F,0x322F,0x324F,0x324F,
  0x324F,0x324F,0x2A2F,0x324F,0x3250,0x324F,0x324F,0x324F,0x322F,0x324F,0x324F,0x3250,0x324F,0x2A2F,0x324F,0x324F,
  0x324F,0x3270,0x3250,0x324F,0x3270,0x3270,0x3270,0x3250,0x324F,0x3A90,0x3270,0x324F,0x324F,0x324F,0x324F,0x322F,
  0x322F,0x324F,0x324F,0x324F,0x3250,0x322F,0x322F,0x3250,0x322F,0x3250,0x322F,0x324F,0x322F,0x324F,0x324F,0x322F,
  0x322F,0x322F,0x324F,0x324F,0x324F,0x324F,0x324F,0x324F,0x324F,0x324F,0x324F,0x324F,0x322F,0x324F,0x322F,0x324F,
  0x322F,0x324F,0x324F,0x324F,0x324F,0x324F,0x324F,0x324F,0x324F,0x324F,0x324F,0x3A4F,0x324F,0x324F,0x324F,0x3A70,
  0x3A70,0x324F,0x324F,0x324F,0x3A4F,0x3A4F,0x3A4F,0x3A6F,0x324F,0x324F,0x324F,0x324F,0x324F,0x3A6F,0x3A6F,0x324F,
  0x324F,0x3A6F,0x324F,0x4AF1,0x3A70,0x324F,0x3A6F,0x3A6F,0x3A6F,0x3A6F,0x3A6F,0x3A6F,0x3A70,0x3A90,0x3A90,0x3A90,
  0x3A6F,0x4AD1,0x3A70,0x3A90,0x4AF1,0x3A4F,0x42B0,0x3A6F,0x3A90,0x3A6F,0x3A6F,0x3A6F,0x3A70,0x3A70,0x3A6F,0x3A6F,
  0x3A70,0x4AD1,0x324F,0x3A6F,0x3A6F,0x3A6F,0x3A4F,0x3A4F,0x3A6F,0x3A6F,0x3A70,0x3A4F,0x3A4F,0x3A6F,0x3A6F,0x3A6F,
  0x4290,0x4290,0x3A70,0x3A50,0x3A4F,0x3A70,0x3A4F,0x4290,0x3A90,0x3A70,0x3A70,0x3A70,0x3A4F,0x4270,0x4AF1,0x4AB0,
  0xAD79,0x6393,0x322E,0x4AD1,0x3A6F,0x3A6F,0x324F,0x3A50,0x3A70,0x4290,0x42B1,0x42B1,0x42B0,0x42B1,0x3A70,0x324F,
  0x324F,0x324F,0x3A70,0x3A70,0x3A70,0x3A70,0x4290,0x3A70,0x324F,0x3A70,0x3A50,0x4290,0x42B0,0x4AD1,0x4AD1,0x4AF1,
  0x5332,0x5332,0x5312,0x5B52,0x5B53,0x5332,0x5332,0x5B52,0x5332,0x5332,0x5332,0x5312,0x5332,0x4AF1,0x4AF1,0x4AF1,
  0x5311,0x42B0,0x3A6F,0x4AF1,0x42B0,0x42B0,0x42B1,0x42B0,0x42B0,0x42B0,0x42B0,0x4AD1,0x42B1,0x3A70,0x42B0,0x42B1,
  0x42B1,0x42D1,0x4AD1,0x4AD1,0x42D1,0x42B0,0x42B1,0x4AD1,0x4AD1,0x42B0,0x4AF2,0x4AD1,0x42B1,0x4290,0x3A90,0x3A90,
  0x3A90,0x3A90,0x3A6F,0x3A70,0x3A90,0x4290,0x324F,0x324F,0x3A4F,0x324F,0x324F,0x324F,0x3A50,0x3250,0x322F,0x3A4F,
  0x3A70,0x324F,0x324F,0x3250,0x324F,0x3250,0x3A50,0x322F,0x324F,0x324F,0x3A70,0x3A70,0x3A70,0x3A70,0x3A70,0x3A70,
  0x3A70,0x3A70,0x324F,0x3A6F,0x3A70,0x3A70,0x3A70,0x3A70,0x3A70,0x3A70,0x3A90,0x3A6F,0x3A70,0x3A70,0x324F,0x324F,
  0x326F,0x324F,0x42B0,0x324F,0x324F,0x3A4F,0x324F,0x324F,0x324F,0x324F,0x322F,0x322F,0x322F,0x324F,0x322F,0x322F,
  0x324F,0x324F,0x324F,0x324F,0x322F,0x322F,0x322F,0x322F,0x322F,0x2A2F,0x2A0F,0x2A2F,0x2A0E,0x2A0E,0x2A0E,0x2A0E,
  0x2A0F,0x2A0E,0x2A0E,0x2A0E,0x2A0E,0x2A0E,0x2A0F,0x2A0F,0x2A0E,0x2A0E,0x2A0E,0x2A0F,0x2A0F,0x2A0F,0x2A0E,0x2A0E,
  0x2A0E,0x2A0E,0x2A0E,0x2A0E,0x2A0E,0x2A0E,0x2A0E,0x2A0E,0x2A0E,0x2A0E,0x2A0F,0x2A0E,0x2A0E,0x2A0E,0x2A0E,0x2A0E,
  0x2A0E,0x2A0E,0x21EE,0x21EE,0x2A0E,0x2A0E,0x2A0E,0x2A0E,0x2A0E,0x2A0E,0x29EE,0x2A0E,0x29EE,0x2A0E,0x29EE,0x29EE,
  0x29EE,0x29EE,0x29EE,0x29EE,0x29EE,0x2A0E,0x29EE,0x2A0E,0x29EE,0x29EE,0x29EE,0x29EE,0x29EE,0x2A0E,0x2A0E,0x2A0E,
  0x29EE,0x2A0E,0x2A0E,0x2A0E,0x2A0E,0x2A0E,0x29EE,0x2A0E,0x2A0E,0x2A0E,0x29ED,0x29ED,0x29ED,0x29EE,0x29ED,0x2A0E,
  0x29EE,0x29EE,0x2A0E,0x29ED,0x29EE,0x29EE,0x29EE,0x29EE,0x29EE,0x2A0E,0x2A0E,0x29EE,0x2A0E,0x2A0E,0x320E,0x2A0E,
  0x2A0E,0x2A0E,0x322E,0x320E,0x322F,0x322F,0x324F,0x322E,0x322E,0x2A0E,0x322E,0x320E,0x320E,0x2A0E,0x2A0E,0x2A0E,
  0x322E,0x3A6F,0x29ED,0x2A0E,0x21CD,0x29ED,0x29ED,0x29ED,0x21CD,0x29ED,0x2A0E,0x29ED,0x29ED,0x29ED,0x2A0E,0x29ED,
  0x29CD,0x21AC,0x29CD,0x29CD,0x29CD,0x21CD,0x29ED,0x29ED,0x2A0E,0x29CD,0x2A0E,0x322E,0x322E,0x2A0E,0x320E,0x2A0D,
  0x2A0E,0x2A0E,0x2A0E,0x322E,0x2A0E,0x320E,0x320E,0x322E,0x320E,0x2A0E,0x320E,0x320E,0x322E,0x322E,0x42B0,0xB5BA,
  0x7C55,0x5B52,0x52F1,0x322E,0x4AD1,0x3A4F,0x31EC,0x29EC,0x29CC,0x29CC,0x29CC,0x31EC,0x31EC,0x31ED,0x320D,0x3A2E,
  0x322D,0x29ED,0x320D,0x3A4E,0x31ED,0x320D,0x29CC,0x29CC,0x29ED,0x320D,0x320D,0x29ED,0x320D,0x29CC,0x29EC,0x29CC,
  0x29AC,0x29CC,0x29CC,0x29AC,0x218B,0x21AB,0x21AB,0x218B,0x218B,0x196B,0x198B,0x218B,0x196B,0x198B,0x196B,0x218B,
  0x196B,0x21AC,0x29CC,0x198B,0x19AB,0x21AB,0x218B,0x21AC,0x218C,0x218B,0x218B,0x196B,0x21AC,0x218C,0x218C,0x196B,
  0x196B,0x196B,0x194B,0x196B,0x196B,0x196B,0x218C,0x198C,0x196B,0x196B,0x196B,0x198C,0x21AC,0x218C,0x19AC,0x198C,
  0x198C,0x198C,0x198C,0x21AC,0x198C,0x198C,0x198C,0x198C,0x198C,0x198C,0x198C,0x19AD,0x19AD,0x21CD,0x21CD,0x21AD,
  0x21AD,0x21CD,0x21CD,0x21CD,0x21CD,0x21AD,0x21CD,0x21AD,0x21AD,0x21AD,0x21AD,0x218C,0x218C,0x19AC,0x21CD,0x21AD,
  0x21AD,0x21CD,0x21CE,0x21AD,0x21CE,0x21AE,0x29CE,0x21AD,0x21AD,0x21CE,0x21AD,0x21AD,0x21CE,0x29CE,0x29CD,0x29CE,
  0x21CD,0x21AD,0x320E,0x21AD,0x29EE,0x29EE,0x29EE,0x21AD,0x29EE,0x29EE,0x29EE,0x21EE,0x21EE,0x29EE,0x29EF,0x21EE,
  0x2A2F,0x2A0F,0x29EE,0x29EF,0x21EF,0x21CE,0x21CE,0x21CE,0x21CE,0x21CE,0x19AE,0x19AD,0x19CE,0x19CE,0x19AE,0x19CE,
  0x19AE,0x19CE,0x21CE,0x19CE,0x19CE,0x21CE,0x21CE,0x21CE,0x19CE,0x21CE,0x21EE,0x21EE,0x21CE,0x21EE,0x21CE,0x21EE,
  0x21EE,0x21EE,0x2A0E,0x21EE,0x21EE,0x2A0E,0x2A0E,0x2A0E,0x2A0E,0x2A0E,0x2A0E,0x29EE,0x29EE,0x2A0F,0x29EE,0x2A0F,
  0x2A0E,0x21EF,0x2A0F,0x3A4E,0x21EE,0x2A0F,0x2A0F,0x2A0F,0x2A2F,0x2A2F,0x322F,0x322F,0x2A2F,0x2A2F,0x3250,0x3250,
  0x2A2F,0x3250,0x3230,0x322F,0x3250,0x3230,0x2A2F,0x2A30,0x3230,0x322F,0x3230,0x3230,0x322F,0x2A0F,0x2A2F,0x322F,
  0x322F,0x322F,0x322F,0x322F,0x322F,0x322F,0x322F,0x322F,0x2A0F,0x322F,0x322F,0x2A2F,0x3270,0x324F,0x322F,0x2A0E,
  0x2A0F,0x2A0F,0x2A0F,0x2A0F,0x322F,0x324F,0x320F,0x2A0E,0x2A0F,0x2A0F,0x2A0E,0x322F,0x324F,0x322F,0x322F,0x322F,
  0x2A0E,0x322F,0x322F,0x2A0E,0x322F,0x320F,0x322F,0x324F,0x2A0F,0x320F,0x2A0E,0x324F,0x322F,0x322F,0x322F,0x322F,
  0x322F,0x322F,0x3A4F,0x322F,0x3A4F,0x324F,0x322F,0x320F,0x322F,0x3A4F,0x322F,0x3A4F,0x3A70,0x3A90,0x3A70,0x3A70,
  0x3A70,0x3A4F,0x3A70,0x3A6F,0x324F,0x324F,0x324F,0x324F,0x324F,0x5332,0x42B0,0x324F,0x324F,0x322F,0x322F,0x3250,
  0x3A4F,0x324F,0x3250,0x3250,0x324F,0x3A70,0x322F,0x322F,0x322F,0x322F,0x3A70,0x3A70,0x3A4F,0x3A4F,0x4270,0xA558,
  0xA579,0x5311,0x4AD1,0x52F2,0x2969,0x632D,0xBE18,0xCEBA,0xCEBA,0xCEBA,0xD6DA,0xD6DB,0xD6DA,0xD6DA,0xCEBA,0xCEBA,
  0xCEBA,0xCEBA,0xCEBA,0xCEBA,0xCEBA,0xCEBA,0xCE9A,0xCEBA,0xCE9A,0xC69A,0xC679,0xC679,0xC659,0xBE59,0xC639,0xBE18,
  0xBE18,0xB5F8,0xB5F8,0xB5F8,0xBDF7,0xB5D7,0xADD7,0xB5D7,0xADB7,0xADB7,0xAD97,0xAD96,0xA596,0xA576,0xA576,0xA576,
  0xA576,0xA576,0xA575,0xA575,0xA575,0x9D55,0xA575,0xA555,0x9D35,0x9D35,0x9D34,0x9D14,0x94F4,0x94F4,0x94D4,0x94D3,
  0x94D3,0x94D3,0x94D4,0x94B3,0x8CB3,0x94B3,0x8CB3,0x8CB3,0x8CB3,0x94D3,0x94D3,0x8CD3,0x94D3,0x8CB3,0x8CD3,0x94D3,
  0x8CD3,0x8CB3,0x8CB3,0x8CD3,0x8CB3,0x8CB3,0x94D3,0x94D3,0x8CD3,0x8CB3,0x8CB2,0x8CB3,0x8CD3,0x8CB2,0x94B3,0x94B2,
  0x8CB2,0x94D3,0x94D3,0x8CB3,0x94B3,0x94B3,0x8CB3,0x94B3,0x94B3,0x8CB3,0x8C92,0x9492,0x9492,0x9493,0x94B3,0x8C92,
  0x9492,0x9493,0x94B3,0x9493,0x94B3,0x94B3,0x94B3,0x9493,0x9493,0x9493,0x9492,0x9493,0x9493,0x9493,0x9493,0x94B3,
  0x94B3,0x94B3,0x9493,0x94B3,0x94B3,0x94B3,0x8CB3,0x8C93,0x8CB3,0x8CB3,0x8CB3,0x8C93,0x8C93,0x8C93,0x8C93,0x8472,
  0x8C73,0x8472,0x8472,0x8C93,0x8C92,0x8C92,0x8C93,0x8C92,0x8C72,0x8C72,0x8C72,0x8452,0x8472,0x8451,0x8451,0x8431,
  0x8431,0x8411,0x8411,0x7C11,0x7BF0,0x7BF1,0x7BF1,0x7BF1,0x73D0,0x73F0,0x73F1,0x7C11,0x73F1,0x6BD1,0x6BD0,0x6BD0,
  0x6BD0,0x63B0,0x63B0,0x6390,0x638F,0x63AF,0x636F,0x636F,0x636F,0x5B6F,0x5B4E,0x5B4F,0x5B2E,0x5B2E,0x5B2E,0x5B0E,
  0x5B0E,0x530D,0x5B2D,0x6BAF,0x52ED,0x52ED,0x5B0D,0x52ED,0x52ED,0x530D,0x52CC,0x4ACC,0x52CC,0x4AAC,0x4AAB,0x4A8B,
  0x4A6B,0x4A8B,0x4A6B,0x4A8B,0x4A6B,0x4A6B,0x4A6A,0x4A6A,0x4A6A,0x4A6A,0x4A6A,0x4A6A,0x424A,0x424A,0x4A4A,0x424A,
  0x4A4A,0x4A4A,0x4A4A,0x4A4A,0x4A4A,0x422A,0x4A4A,0x4A4A,0x424A,0x4A4A,0x4A6A,0x4A6A,0x4A6B,0x4A8B,0x424B,0x422A,
  0x422A,0x422A,0x3A09,0x424B,0x4AAC,0x428B,0x31E9,0x31E9,0x31E9,0x31EA,0x31E9,0x31E9,0x31C9,0x31C9,0x31C9,0x31C9,
  0x31EA,0x31CA,0x31CA,0x31CA,0x31C9,0x31CA,0x31C9,0x31E9,0x31EA,0x31C9,0x31CA,0x320B,0x320A,0x31C9,0x31C9,0x31C9,
  0x31C9,0x29C9,0x29A9,0x31C9,0x31C9,0x31EA,0x29CA,0x31CA,0x31EA,0x3A0B,0x320B,0x3A0B,0x3A0A,0x428D,0x31CA,0x31CA,
  0x31EA,0x31EA,0x320B,0x31EB,0x320B,0x3A4C,0x31EA,0x320A,0x29A9,0x320A,0x31CA,0x29A9,0x2989,0x29A9,0x29AA,0x2989,
  0x2989,0x29AA,0x2189,0x2189,0x2189,0x2189,0x1968,0x1968,0x2168,0x1948,0x0064,0x3A2D,0x5312,0x322E,0x3A6F,0xAD99,
  0xA578,0x4AB0,0x428F,0x42B1,0x4A8B,0xFFFF,0xF7FF,0xEFFF,0xF7FF,0xF7FF,0xF7FF,0xF7FF,0xEFFF,0xF7FF,0xF7FF,0xEFFF,
  0xF7FF,0xF7FF,0xF7FF,0xF7FF,0xF7FF,0xF7FF,0xF7FF,0xF7FF,0xF7FF,0xEFFF,0xEFFF,0xF7FF,0xF7FF,0xF7FF,0xF7FF,0xF7FF,
  0xF7FF,0xEFFF,0xF7FF,0xEFFF,0xEFFF,0xF7FF,0xF7FF,0xFFFF,0xFFFF,0xEFFF,0xFFFF,0xF7FF,0xF7FF,0xF7FF,0xF7FF,0xFFFF,
  0xFFFF,0xF7FF,0xF7FF,0xF7FF,0xF7FF,0xF7FF,0xF7FF,0xF7FF,0xFFFF,0xF7FF,0xFFFF,0xF7FF,0xF7FF,0xF7FF,0xF7FF,0xFFFF,
  0xFFFF,0xFFFF,0xFFFF,0xFFFF,0xFFFF,0xFFFF,0xFFFF,0xF7FF,0xFFFF,0xFFFF,0xFFFF,0xFFFF,0xFFFF,0xFFFF,0xF7FF,0xFFFF,
  0xF7FF,0xFFFF,0xFFFF,0xFFFF,0xFFFF,0xFFFF,0xFFFF,0xFFFF,0xFFFF,0xFFFF,0xFFFF,0xFFFF,0xFFFF,0xFFFF,0xFFFF,0xFFFF,
  0xFFFF,0xFFFF,0xFFFF,0xFFFF,0xFFFF,0xFFFF,0xFFFF,0xFFFF,0xFFFF,0xFFFF,0xFFFF,0xFFFF,0xFFFF,0xFFFF,0xFFFF,0xF7FF,
  0xFFFF,0xFFFF,0xF7FF,0xFFFF,0xF7FF,0xF7FF,0xF7FF,0xFFFF,0xFFFF,0xFFFF,0xFFFF,0xFFFF,0xFFFF,0xFFFF,0xFFFF,0xF7FF,
  0xFFFF,0xFFFF,0xFFFF,0xFFFF,0xFFFF,0xFFFF,0xFFFF,0xFFFF,0xFFFF,0xFFFF,0xFFFF,0xFFFF,0xFFFF,0xFFFF,0xFFFF,0xFFFF,
  0xF7FF,0xFFFF,0xF7FF,0xFFFF,0xF7FF,0xFFFF,0xF7FF,0xF7FF,0xF7FF,0xF7FF,0xF7FF,0xF7FF,0xF7FF,0xF7FF,0xFFFF,0xF7FF,
  0xF7FF,0xF7FF,0xF7FF,0xF7FF,0xF7FF,0xF7FF,0xF7FF,0xF7FF,0xF7FF,0xF7FF,0xF7FF,0xF7FF,0xFFFF,0xF7FF,0xF7FF,0xF7FF,
  0xF7FF,0xF7FF,0xF7FF,0xF7FF,0xF7FF,0xF7FF,0xF7FF,0xF7FF,0xFFFF,0xF7FF,0xF7FF,0xF7FF,0xF7FF,0xF7FF,0xF7FF,0xF7FF,
  0xF7FF,0xF7FF,0xF7FF,0xEFDF,0xF7FF,0xF7FF,0xEFFF,0xF7FF,0xF7FF,0xF7FF,0xF7FF,0xEFFF,0xF7FF,0xEFFF,0xEFDF,0xE7BF,
  0xF7FF,0xF7FF,0xFFFF,0xF7FF,0xF7FF,0xF7FF,0xEFFF,0xF7FF,0xF7FF,0xF7FF,0xF7FF,0xF7FF,0xFFFF,0xF7FF,0xF7FF,0xF7FF,
  0xF7FF,0xF7FF,0xF7FF,0xF7FF,0xF7FF,0xFFFF,0xF7FF,0xF7FF,0xF7FF,0xFFFF,0xD77E,0xD75E,0xF7DF,0xEFDF,0xEFDF,0xEFDF,
  0xEFFF,0xEFDF,0xEFDF,0xE79E,0xE79E,0xE7BE,0xE7BE,0xE7BE,0xE7BE,0xE7BE,0xE7BE,0xE7BF,0xE79E,0xE79E,0xE7BE,0xE79E,
  0xE79E,0xE79E,0xE79F,0xE79E,0xE79E,0xE79E,0xE79E,0xE7BE,0xEF9E,0xE7BF,0xE79E,0xE77E,0xE79E,0xE79E,0xE77E,0xE77E,
  0xE77E,0xDF7E,0xDF7E,0xE79E,0xDF7E,0xDF5E,0xE77E,0xE79E,0xE79E,0xE79E,0xE77E,0xE77E,0xE77E,0xE77E,0xE79E,0xE77E,
  0xE79E,0xE77E,0xE77E,0xE77E,0xE77E,0xDF7E,0xE77E,0xE79E,0xDF7E,0xDF7E,0xDF7D,0xDF7D,0xDF5D,0xDF5D,0xDF3D,0xDF3D,
  0xDF3D,0xD73C,0xD71C,0xDF3C,0xD73C,0xD73C,0xDF3D,0xD73D,0xD73C,0xCEBA,0x8C71,0x08A5,0x4B12,0x320D,0x29EE,0xAD79,
  0xADB9,0x4AB0,0x3A4F,0x4AD0,0x73CF,0xFFFF,0xDFBF,0xE7DF,0xEFDF,0xEFDF,0xE7DF,0xE7DF,0xEFDF,0xE7DF,0xE7DF,0xE7DF,
  0xEFDF,0xE7DF,0xE7DF,0xE7DF,0xE7DF,0xE7DF,0xE7DF,0xE7DF,0xE7DF,0xEFDF,0xE7DF,0xE7DF,0xE7DF,0xE7DF,0xE7DF,0xE7BF,
  0xE7DF,0xE7DF,0xEFDF,0xE7DF,0xE7DF,0xE7DF,0xE7DF,0xE7DF,0xE7DF,0xE7BF,0xE7DF,0xE7DF,0xE7DF,0xE7DF,0xE7DF,0xE7DF,
  0xE7DF,0xE7BF,0xE7DF,0xE7DF,0xE7BF,0xE7DF,0xE7BF,0xD75E,0xE7BF,0xE7DF,0xE7BF,0xE7BF,0xE7BF,0xE7BF,0xE7BF,0xE7BF,
  0xE7BF,0xE7BF,0xE7BF,0xE7BF,0xE7BF,0xE7BF,0xE7BF,0xE7BF,0xE7BF,0xE7BF,0xE7BF,0xE7BF,0xE7BF,0xDFBF,0xE7BF,0xDFBF,
  0xE7BF,0xE7BF,0xE7BF,0xDFBF,0xDFBF,0xE7BF,0xE7BF,0xDFBF,0xE7BF,0xE7BF,0xE7BF,0xE7DF,0xE7BF,0xE7BF,0xE7BF,0xE7BF,
  0xE7BF,0xE7BF,0xE7BF,0xE7BF,0xE7BF,0xE7BF,0xE7BF,0xE7BF,0xE7BF,0xE7BF,0xE7BF,0xE7BF,0xE7BF,0xE7BF,0xE7BF,0xE7BF,
  0xE7BF,0xE7BF,0xDFBF,0xE7BF,0xE7BF,0xDF9E,0xE7DF,0xE7BF,0xE7BF,0xE7BF,0xDFBF,0xDFBF,0xE7BF,0xDFBF,0xE7BF,0xE7BF,
  0xE7BF,0xE7BF,0xE7BF,0xDFBF,0xE7BF,0xE7BF,0xE7BF,0xE7BF,0xDFBF,0xE7BF,0xE7DF,0xE7BF,0xE7BF,0xE7BF,0xE7BF,0xE7DF,
  0xDFBF,0xE7DF,0xE7BF,0xE7BF,0xE7BF,0xE7BF,0xE7BF,0xDFBF,0xE7DF,0xE7BF,0xDFBF,0xE7BF,0xE7BF,0xE7BF,0xE7DF,0xE7DF,
  0xE7DF,0xE7DF,0xE7BF,0xE7BF,0xE7DF,0xE7BF,0xE7BF,0xE7DF,0xE7DF,0xE7BF,0xE7DF,0xE7DF,0xE7DF,0xE7DF,0xE7DF,0xE7DF,
  0xE7DF,0xE7DF,0xDFDF,0xE7DF,0xE7DF,0xE7DF,0xE7DF,0xE7DF,0xE7DF,0xE7DF,0xE7DF,0xE7DF,0xE7DF,0xE7DF,0xE7DF,0xE7DF,
  0xE7DF,0xE7DF,0xE7DF,0xE7DF,0xE7DF,0xE7DF,0xE7DF,0xE7DF,0xE7BF,0xE7DF,0xE7DF,0xE7DF,0xE7DF,0xE7DF,0xDFBF,0xE7DF,
  0xE7DF,0xE7DF,0xE7DF,0xE7DF,0xE7DF,0xE7DF,0xE7DF,0xE7DF,0xE7DF,0xE7DF,0xE7DF,0xE7DF,0xE7DF,0xE7DF,0xE7DF,0xE7DF,
  0xE7DF,0xE7DF,0xE7DF,0xE7DF,0xE7DF,0xE7DF,0xE7DF,0xE7DF,0xE7DF,0xE7BF,0xE7BE,0xE7BF,0xEFDF,0xE7DF,0xE7DF,0xE7DF,
  0xE7DF,0xEFDF,0xE7DF,0xE7DF,0xE7FF,0xE7FF,0xE7DF,0xE7FF,0xEFFF,0xE7DF,0xE7FF,0xEFFF,0xEFFF,0xE7DF,0xEFFF,0xEFFF,
  0xE7FF,0xE7DF,0xEFFF,0xEFFF,0xE7DF,0xE7DF,0xE7DF,0xEFFF,0xE7DF,0xEFFF,0xEFFF,0xEFFF,0xEFFF,0xEFFF,0xEFFF,0xEFFF,
  0xEFDF,0xEFFF,0xEFFF,0xEFFF,0xEFFF,0xEFFF,0xEFFF,0xEFFF,0xEFFF,0xEFFF,0xEFFF,0xEFFF,0xEFFF,0xEFFF,0xEFFF,0xEFFF,
  0xEFFF,0xE7FF,0xEFFF,0xEFFF,0xEFFF,0xEFFF,0xEFFF,0xEFFF,0xEFFF,0xEFFF,0xEFFF,0xEFFF,0xEFFF,0xEFFF,0xEFFF,0xEFFF,
  0xEFFF,0xEFFF,0xEFFF,0xEFFF,0xEFFF,0xEFFF,0xEFFF,0xEFFF,0xEFFF,0xE7DF,0xFFFF,0x73AF,0x42B0,0x3A2E,0x29EE,0xAD79,
  0xAD99,0x52F1,0x426F,0x4AB0,0x7C10,0xF7FF,0xE7DF,0xEFFF,0xEFFF,0xEFDF,0xEFDF,0xEFFF,0xEFDF,0xEFFF,0xEFDF,0xEFFF,
  0xEFFF,0xEFFF,0xEFDF,0xEFDF,0xEFFF,0xEFDF,0xEFFF,0xEFFF,0xEFFF,0xEFFF,0xEFFF,0xEFFF,0xEFFF,0xE7DF,0xEFDF,0xE7DF,
  0xEFDF,0xEFDF,0xEFFF,0xEFDF,0xEFFF,0xEFDF,0xEFFF,0xEFFF,0xEFDF,0xEFFF,0xEFFF,0xEFFF,0xE7DF,0xEFFF,0xEFDF,0xE7DF,
  0xEFDF,0xEFFF,0xE7DF,0xEFFF,0xEFDF,0xE7DF,0xEFFF,0xEFFF,0xEFDF,0xE7DF,0xE7DF,0xE7DF,0xE7DF,0xE7DF,0xE7DF,0xE7DF,
  0xE7DF,0xE7DF,0xE7DF,0xE7DF,0xE7DF,0xE7DF,0xE7DF,0xE7DF,0xE7DF,0xE7DF,0xE7DF,0xE7DF,0xE7DF,0xE7DF,0xE7DF,0xE7DF,
  0xE7DF,0xE7DF,0xEFFF,0xE7DF,0xE7DF,0xE7DF,0xEFDF,0xE7DF,0xE7DF,0xE7DF,0xE7DF,0xE7FF,0xE7DF,0xEFFF,0xE7DF,0xE7DF,
  0xE7DF,0xE7DF,0xE7DF,0xE7DF,0xE7DF,0xE7DF,0xE7DF,0xE7DF,0xE7DF,0xE7DF,0xE7DF,0xE7DF,0xE7DF,0xE7DF,0xE7DF,0xE7DF,
  0xE7DF,0xE7DF,0xE7DF,0xE7DF,0xE7DF,0xE7DF,0xE7DF,0xE7DF,0xE7DF,0xE7DF,0xE7FF,0xE7DF,0xE7DF,0xE7DF,0xE7DF,0xE7DF,
  0xE7DF,0xE7DF,0xE7DF,0xE7DF,0xE7DF,0xE7DF,0xE7DF,0xE7FF,0xE7DF,0xE7DF,0xE7DF,0xE7DF,0xE7DF,0xE7DF,0xE7DF,0xE7FF,
  0xE7DF,0xE7DF,0xE7DF,0xE7DF,0xE7DF,0xE7DF,0xE7DF,0xE7DF,0xE7DF,0xE7DF,0xE7DF,0xE7DF,0xE7DF,0xE7DF,0xE7DF,0xE7DF,
  0xE7FF,0xE7DF,0xE7DF,0xE7DF,0xE7DF,0xE7DF,0xE7DF,0xE7DF,0xE7DF,0xE7DF,0xE7DF,0xE7DF,0xEFDF,0xE7DF,0xE7DF,0xE7DF,
  0xE7DF,0xE7DF,0xE7DF,0xE7DF,0xE7DF,0xE7DF,0xE7DF,0xE7DF,0xE7DF,0xE7DF,0xE7FF,0xE7DF,0xE7DF,0xE7DF,0xE7DF,0xE7DF,
  0xEFDF,0xEFDF,0xE7DF,0xE7DF,0xEFDF,0xE7DF,0xEFFF,0xEFDF,0xE7DF,0xE7DF,0xE7DF,0xEFFF,0xEFDF,0xEFFF,0xEFFF,0xE7DF,
  0xEFDF,0xE7DF,0xE7DF,0xEFDF,0xEFDF,0xE7DF,0xEFDF,0xEFDF,0xEFDF,0xEFDF,0xEFDF,0xEFDF,0xE7DF,0xEFFF,0xEFFF,0xE7DF,
  0xE7DF,0xEFDF,0xE7DF,0xEFFF,0xEFDF,0xE7DF,0xEFDF,0xE7DF,0xE7BF,0xE7BF,0xCF1D,0xAE7C,0xD77E,0xEFFF,0xE7DF,0xE7DF,
  0xE7DF,0xE7BF,0xE7DF,0xE7DF,0xE7DF,0xE7DF,0xE7DF,0xE7DF,0xE7DF,0xE7DF,0xE7DF,0xE7DF,0xE7DF,0xE7DF,0xE7DF,0xE7DF,
  0xEFDF,0xEFDF,0xE7DF,0xEFDF,0xE7DF,0xE7DF,0xEFFF,0xEFFF,0xE7DF,0xEFDF,0xEFDF,0xEFDF,0xEFDF,0xEFDF,0xEFDF,0xEFDF,
  0xE7DF,0xEFDF,0xE7DF,0xEFDF,0xE7DF,0xEFDF,0xEFDF,0xEFDF,0xE7DF,0xEFDF,0xEFDF,0xEFDF,0xEFDF,0xEFDF,0xE7DF,0xE7DF,
  0xEFDF,0xE7DF,0xEFDF,0xEFDF,0xEFDF,0xE7DF,0xEFDF,0xE7DF,0xE7DF,0xEFDF,0xE7DF,0xEFFF,0xEFDF,0xEFDF,0xE7DF,0xEFDF,
  0xE7DF,0xE7DF,0xEFDF,0xEFDF,0xE7DF,0xE7DF,0xE7DF,0xEFDF,0xDFBF,0xDF9E,0xF7FF,0xA556,0x3A2E,0x3A4F,0x31EE,0xB5BA,
  0xA558,0x5312,0x4290,0x4AF1,0x8431,0xFFFF,0xE7DF,0xEFFF,0xEFFF,0xEFFF,0xEFFF,0xEFDF,0xEFFF,0xEFFF,0xEFFF,0xEFFF,
  0xEFFF,0xEFFF,0xEFFF,0xEFDF,0xEFFF,0xEFFF,0xEFFF,0xE7DF,0xEFDF,0xEFDF,0xEFFF,0xEFFF,0xE7DF,0xEFDF,0xEFFF,0xEFFF,
  0xEFFF,0xEFFF,0xEFDF,0xEFFF,0xE7DF,0xEFFF,0xEFFF,0xE7DF,0xEFDF,0xE7FF,0xEFDF,0xEFFF,0xEFFF,0xEFFF,0xEFFF,0xE7DF,
  0xEFFF,0xEFDF,0xEFFF,0xE7FF,0xEFFF,0xE7DF,0xE7FF,0xE7DF,0xEFDF,0xE7DF,0xEFDF,0xE7DF,0xE7DF,0xE7DF,0xE7DF,0xE7DF,
  0xE7DF,0xE7DF,0xE7DF,0xE7DF,0xE7DF,0xE7DF,0xE7DF,0xE7DF,0xE7DF,0xE7DF,0xE7DF,0xE7DF,0xE7DF,0xE7DF,0xE7DF,0xE7DF,
  0xE7DF,0xE7DF,0xE7DF,0xE7DF,0xEFDF,0xE7DF,0xE7DF,0xE7DF,0xE7DF,0xEFDF,0xE7DF,0xE7DF,0xE7DF,0xEFFF,0xE7DF,0xE7DF,
  0xE7DF,0xE7DF,0xE7DF,0xE7DF,0xEFDF,0xE7DF,0xE7DF,0xE7DF,0xE7DF,0xE7DF,0xE7DF,0xE7DF,0xE7DF,0xE7DF,0xE7DF,0xE7DF,
  0xE7DF,0xE7DF,0xE7DF,0xE7DF,0xE7DF,0xE7DF,0xE7DF,0xE7DF,0xE7DF,0xE7DF,0xE7DF,0xE7DF,0xE7DF,0xE7DF,0xE7DF,0xE7DF,
  0xE7DF,0xE7DF,0xE7DF,0xE7DF,0xE7DF,0xE7DF,0xE7DF,0xE7DF,0xE7DF,0xE7DF,0xE7DF,0xE7DF,0xE7DF,0xE7DF,0xEFFF,0xE7DF,
  0xE7DF,0xE7DF,0xE7DF,0xE7DF,0xE7DF,0xE7DF,0xE7DF,0xE7DF,0xE7DF,0xE7DF,0xE7DF,0xE7DF,0xE7DF,0xE7DF,0xE7DF,0xE7DF,
  0xE7DF,0xE7DF,0xE7DF,0xE7DF,0xE7FF,0xE7DF,0xE7DF,0xE7DF,0xE7DF,0xE7DF,0xE7DF,0xE7DF,0xEFFF,0xE7DF,0xEFFF,0xE7DF,
  0xE7DF,0xE7DF,0xE7DF,0xE7DF,0xE7DF,0xE7DF,0xE7DF,0xE7DF,0xE7DF,0xE7DF,0xE7DF,0xE7DF,0xE7DF,0xE7FF,0xEFFF,0xE7DF,
  0xE7DF,0xE7DF,0xE7DF,0xEFDF,0xEFDF,0xE7DF,0xEFDF,0xE7FF,0xEFDF,0xEFDF,0xE7DF,0xE7DF,0xEFFF,0xEFDF,0xEFDF,0xEFDF,
  0xE7DF,0xE7DF,0xE7DF,0xE7DF,0xEFDF,0xE7DF,0xEFDF,0xEFFF,0xE7FF,0xEFFF,0xEFFF,0xEFFF,0xEFFF,0xEFFF,0xEFFF,0xE7DF,
  0xEFDF,0xE7DF,0xE7DF,0xEFFF,0xEFDF,0xEFDF,0xEFDF,0xEFDF,0xEFFF,0xEFFF,0xE7BF,0xCF5E,0xE7DF,0xEFDF,0xEFDF,0xE7DF,
  0xE7DF,0xE7DF,0xE7DF,0xE7FF,0xE7FF,0xEFDF,0xE7FF,0xEFDF,0xE7FF,0xEFDF,0xE7DF,0xEFDF,0xEFFF,0xEFDF,0xEFFF,0xEFDF,
  0xEFDF,0xE7DF,0xEFFF,0xEFDF,0xEFDF,0xEFDF,0xEFDF,0xEFFF,0xEFFF,0xEFDF,0xEFFF,0xEFDF,0xEFDF,0xEFFF,0xEFFF,0xEFFF,
  0xEFFF,0xEFDF,0xEFFF,0xEFFF,0xEFDF,0xEFFF,0xEFFF,0xEFFF,0xEFDF,0xEFDF,0xEFDF,0xEFDF,0xEFFF,0xEFFF,0xEFDF,0xEFFF,
  0xEFDF,0xEFFF,0xEFFF,0xEFDF,0xEFFF,0xEFFF,0xEFFF,0xEFFF,0xEFDF,0xEFFF,0xE7DF,0xEFDF,0xEFFF,0xEFFF,0xEFDF,0xEFDF,
  0xEFFF,0xEFFF,0xEFFF,0xEFDF,0xE7FF,0xE7DF,0xE7DF,0xEFDF,0xE7DF,0xE7BF,0xF7FF,0xAD97,0x320D,0x322E,0x320E,0xB5B9,
  0xA558,0x5311,0x3A6F,0x4AB0,0x8410,0xFFFF,0xE7DF,0xEFFF,0xEFFF,0xEFFF,0xEFDF,0xEFDF,0xEFFF,0xEFDF,0xEFFF,0xE7FF,
  0xEFDF,0xEFFF,0xEFFF,0xEFFF,0xEFFF,0xEFFF,0xEFFF,0xEFDF,0xEFDF,0xEFFF,0xE7DF,0xEFFF,0xEFDF,0xE7DF,0xEFFF,0xEFDF,
  0xEFDF,0xEFFF,0xEFFF,0xEFFF,0xEFFF,0xEFFF,0xEFDF,0xEFDF,0xEFDF,0xEFFF,0xEFFF,0xEFDF,0xEFDF,0xEFDF,0xEFFF,0xEFFF,
  0xE7DF,0xE7DF,0xEFFF,0xEFDF,0xEFDF,0xEFFF,0xE7DF,0xE7DF,0xEFFF,0xEFDF,0xEFFF,0xE7DF,0xE7DF,0xE7DF,0xE7DF,0xE7DF,
  0xE7DF,0xE7DF,0xE7DF,0xE7DF,0xE7DF,0xE7DF,0xE7DF,0xE7DF,0xE7DF,0xE7DF,0xE7DF,0xE7DF,0xE7DF,0xE7DF,0xE7DF,0xE7DF,
  0xE7DF,0xE7DF,0xE7DF,0xE7DF,0xEFDF,0xE7DF,0xE7DF,0xE7DF,0xE7DF,0xE7DF,0xE7DF,0xE7DF,0xEFDF,0xE7DF,0xE7DF,0xE7DF,
  0xE7DF,0xE7DF,0xE7DF,0xE7DF,0xE7DF,0xE7DF,0xE7DF,0xE7DF,0xE7FF,0xE7DF,0xE7DF,0xE7DF,0xE7DF,0xE7DF,0xEFDF,0xE7DF,
  0xE7DF,0xE7DF,0xE7DF,0xE7DF,0xE7BF,0xE7DF,0xE7DF,0xE7DF,0xE7DF,0xE7DF,0xE7DF,0xE7DF,0xE7DF,0xE7DF,0xE7DF,0xE7DF,
  0xE7DF,0xE7DF,0xE7DF,0xE7DF,0xE7DF,0xE7DF,0xE7DF,0xE7DF,0xE7DF,0xE7DF,0xE7DF,0xE7DF,0xE7DF,0xE7FF,0xD79F,0xDFBF,
  0xE7DF,0xDFDF,0xE7DF,0xE7DF,0xE7DF,0xE7DF,0xE7DF,0xE7DF,0xE7DF,0xE7DF,0xE7DF,0xE7DF,0xE7DF,0xE7DF,0xE7FF,0xE7FF,
  0xE7DF,0xE7DF,0xE7DF,0xE7DF,0xE7DF,0xE7DF,0xE7DF,0xE7DF,0xE7FF,0xE7DF,0xE7DF,0xE7DF,0xE7DF,0xE7DF,0xE7DF,0xE7DF,
  0xE7DF,0xE7DF,0xE7DF,0xE7DF,0xE7DF,0xE7DF,0xE7DF,0xE7DF,0xE7DF,0xE7DF,0xE7DF,0xE7DF,0xE7DF,0xEFDF,0xE7DF,0xE7DF,
  0xEFDF,0xE7DF,0xE7DF,0xE7FF,0xE7DF,0xEFFF,0xE7DF,0xE7DF,0xEFDF,0xE7DF,0xEFFF,0xEFFF,0xEFDF,0xEFDF,0xEFFF,0xEFFF,
  0xE7DF,0xEFDF,0xEFDF,0xEFFF,0xE7DF,0xEFFF,0xEFFF,0xEFFF,0xE7DF,0xE7DF,0xE7DF,0xEFDF,0xE7DF,0xE7DF,0xE7DF,0xEFDF,
  0xEFDF,0xE7DF,0xEFDF,0xE7DF,0xE7DF,0xEFDF,0xEFDF,0xE7DF,0xEFDF,0xEFDF,0xE7FF,0xF7FF,0xEFDF,0xE7DF,0xE7DF,0xE7DF,
  0xE7DF,0xEFFF,0xE7DF,0xE7DF,0xEFDF,0xE7DF,0xE7DF,0xE7DF,0xE7DF,0xE7DF,0xE7DF,0xEFDF,0xE7DF,0xEFFF,0xE7DF,0xE7DF,
  0xE7DF,0xE7DF,0xEFFF,0xE7DF,0xE7DF,0xE7DF,0xE7DF,0xEFFF,0xE7DF,0xEFFF,0xEFDF,0xEFDF,0xE7DF,0xEFFF,0xEFDF,0xEFDF,
  0xEFDF,0xEFDF,0xE7DF,0xEFDF,0xEFDF,0xEFFF,0xEFDF,0xEFDF,0xEFDF,0xEFFF,0xEFDF,0xEFDF,0xEFDF,0xEFFF,0xE7DF,0xEFDF,
  0xEFFF,0xEFFF,0xEFFF,0xEFFF,0xEFFF,0xEFDF,0xEFFF,0xE7FF,0xEFFF,0xEFDF,0xE7DF,0xEFFF,0xEFFF,0xE7DF,0xE7DF,0xEFFF,
  0xEFDF,0xE7DF,0xE7DF,0xEFFF,0xE7DF,0xE7DF,0xE7DF,0xE7DF,0xEFFF,0xE7DF,0xF7FF,0xA597,0x320D,0x322E,0x320E,0xAD99,
  0xA559,0x5311,0x3A4F,0x428F,0x8410,0xFFFF,0xE7DF,0xEFFF,0xEFFF,0xEFDF,0xEFFF,0xEFFF,0xEFFF,0xEFDF,0xEFFF,0xEFFF,
  0xEFFF,0xEFDF,0xEFFF,0xEFFF,0xEFFF,0xEFFF,0xE7FF,0xEFDF,0xEFDF,0xE7DF,0xEFFF,0xEFFF,0xE7FF,0xE7DF,0xEFFF,0xE7DF,
  0xE7DF,0xEFDF,0xEFFF,0xEFFF,0xEFDF,0xEFFF,0xE7DF,0xEFFF,0xEFFF,0xEFFF,0xEFFF,0xEFFF,0xEFDF,0xEFFF,0xEFFF,0xEFDF,
  0xEFDF,0xEFDF,0xE7DF,0xEFFF,0xE7DF,0xEFFF,0xEFFF,0xE7FF,0xE7FF,0xE7DF,0xE7DF,0xE7DF,0xE7DF,0xE7DF,0xE7DF,0xE7DF,
  0xE7DF,0xE7DF,0xE7DF,0xE7DF,0xE7DF,0xE7DF,0xE7DF,0xE7DF,0xE7DF,0xE7DF,0xE7DF,0xE7DF,0xE7DF,0xE7DF,0xE7DF,0xE7DF,
  0xE7DF,0xE7DF,0xE7DF,0xE7DF,0xE7DF,0xE7DF,0xE7DF,0xE7DF,0xE7DF,0xE7DF,0xE7DF,0xE7DF,0xE7DF,0xEFDF,0xE7DF,0xE7DF,
  0xE7DF,0xE7DF,0xE7DF,0xE7DF,0xE7DF,0xE7DF,0xE7DF,0xE7DF,0xE7FF,0xE7DF,0xE7DF,0xE7DF,0xE7DF,0xE7DF,0xE7DF,0xE7DF,
  0xE7DF,0xE7DF,0xE7DF,0xE7DF,0xE7DF,0xE7DF,0xE7DF,0xE7DF,0xE7DF,0xE7DF,0xE7DF,0xE7DF,0xE7DF,0xE7DF,0xE7DF,0xE7FF,
  0xE7DF,0xE7DF,0xE7DF,0xE7DF,0xE7DF,0xE7DF,0xE7DF,0xE7DF,0xE7DF,0xE7DF,0xE7DF,0xE7DF,0xE7FF,0xE7DF,0xD79F,0xEFDF,
  0xE7DF,0xE7BF,0xE7DF,0xE7DF,0xE7DF,0xE7DF,0xE7DF,0xE7DF,0xE7DF,0xE7DF,0xE7DF,0xE7DF,0xE7DF,0xE7DF,0xE7DF,0xE7DF,
  0xE7DF,0xE7DF,0xE7DF,0xE7DF,0xE7DF,0xE7DF,0xE7DF,0xE7DF,0xE7DF,0xE7DF,0xE7DF,0xE7DF,0xE7DF,0xE7DF,0xE7DF,0xE7DF,
  0xE7DF,0xE7DF,0xE7DF,0xE7DF,0xE7DF,0xE7DF,0xE7DF,0xE7DF,0xE7DF,0xE7DF,0xE7FF,0xE7DF,0xE7DF,0xE7DF,0xE7DF,0xE7DF,
  0xEFDF,0xE7DF,0xE7DF,0xEFDF,0xE7DF,0xE7DF,0xE7DF,0xE7DF,0xEFDF,0xEFDF,0xE7BF,0xEFDF,0xE7DF,0xE7DF,0xEFFF,0xE7DF,
  0xEFFF,0xEFFF,0xEFFF,0xEFDF,0xEFDF,0xE7DF,0xE7BF,0xEFDF,0xEFDF,0xEFDF,0xE7DF,0xE7DF,0xEFDF,0xE7DF,0xEFFF,0xEFDF,
  0xEFFF,0xEFFF,0xEFFF,0xE7DF,0xEFDF,0xEFDF,0xEFDF,0xEFFF,0xEFDF,0xEFFF,0xE7BF,0xE7DF,0xEFDF,0xE7DF,0xEFFF,0xE7DF,
  0xEFFF,0xE7DF,0xEFDF,0xEFDF,0xE7DF,0xE7DF,0xE7DF,0xE7DF,0xE7DF,0xE7DF,0xE7DF,0xE7DF,0xE7DF,0xE7DF,0xEFDF,0xE7DF,
  0xEFFF,0xEFFF,0xEFDF,0xEFDF,0xEFFF,0xEFFF,0xEFFF,0xEFFF,0xEFFF,0xEFFF,0xEFFF,0xEFDF,0xEFFF,0xEFDF,0xEFDF,0xEFFF,
  0xEFFF,0xEFDF,0xEFFF,0xEFDF,0xEFDF,0xEFFF,0xEFDF,0xEFDF,0xEFFF,0xEFDF,0xEFDF,0xEFDF,0xEFDF,0xEFDF,0xEFDF,0xEFFF,
  0xEFFF,0xEFFF,0xEFDF,0xEFDF,0xEFFF,0xEFDF,0xEFDF,0xEFDF,0xEFFF,0xEFFF,0xEFDF,0xEFFF,0xE7DF,0xE7DF,0xEFDF,0xEFFF,
  0xEFDF,0xE7DF,0xEFDF,0xEFFF,0xE7DF,0xEFDF,0xEFDF,0xE7DF,0xE7DF,0xE7BF,0xF7FF,0xAD97,0x320E,0x5B73,0x428F,0xA558,
  0x9D18,0x5311,0x3A4F,0x426F,0x7C10,0xFFFF,0xE7DF,0xEFDF,0xEFFF,0xEFFF,0xEFFF,0xEFFF,0xEFFF,0xEFDF,0xEFDF,0xEFFF,
  0xEFDF,0xEFFF,0xEFFF,0xEFFF,0xEFFF,0xEFDF,0xEFFF,0xEFDF,0xEFDF,0xEFDF,0xEFDF,0xEFDF,0xE7DF,0xEFDF,0xEFDF,0xEFDF,
  0xE7DF,0xEFDF,0xEFFF,0xE7FF,0xEFDF,0xEFFF,0xEFDF,0xEFFF,0xEFFF,0xE7FF,0xEFFF,0xEFDF,0xEFDF,0xEFFF,0xEFFF,0xEFFF,
  0xEFFF,0xEFFF,0xEFFF,0xE7DF,0xE7DF,0xE7DF,0xE7DF,0xE7DF,0xEFDF,0xE7DF,0xE7DF,0xE7DF,0xE7DF,0xE7DF,0xE7DF,0xE7DF,
  0xE7DF,0xE7DF,0xE7DF,0xE7DF,0xE7DF,0xE7DF,0xE7DF,0xE7DF,0xE7DF,0xE7DF,0xE7DF,0xE7DF,0xE7DF,0xE7DF,0xE7DF,0xE7DF,
  0xE7DF,0xE7DF,0xE7DF,0xE7DF,0xEFDF,0xE7DF,0xE7DF,0xEFDF,0xE7DF,0xE7FF,0xE7DF,0xE7DF,0xE7DF,0xE7DF,0xE7DF,0xE7DF,
  0xE7DF,0xE7DF,0xE7DF,0xEFDF,0xE7FF,0xE7DF,0xE7FF,0xE7DF,0xEFDF,0xE7DF,0xE7DF,0xE7DF,0xE7FF,0xE7DF,0xE7DF,0xE7DF,
  0xE7DF,0xE7DF,0xE7DF,0xE7DF,0xE7DF,0xE7DF,0xE7DF,0xE7DF,0xE7DF,0xE7DF,0xE7FF,0xE7DF,0xE7DF,0xE7DF,0xE7DF,0xDF9E,
  0xE7DF,0xE7DF,0xE7DF,0xE7DF,0xE7DF,0xE7DF,0xE7DF,0xE7DF,0xE7DF,0xE7DF,0xE7DF,0xE7DF,0xEFFF,0xD79F,0xDFBF,0xE7DF,
  0xDFBF,0xE7BF,0xE7DF,0xE7DF,0xE7DF,0xE7DF,0xE7DF,0xE7DF,0xE7DF,0xE7DF,0xE7DF,0xE7DF,0xE7DF,0xE7DF,0xE7DF,0xE7DF,
  0xE7DF,0xE7DF,0xE7DF,0xE7DF,0xE7DF,0xE7DF,0xE7DF,0xE7DF,0xE7DF,0xE7DF,0xE7DF,0xE7DF,0xE7DF,0xE7DF,0xE7DF,0xE7DF,
  0xE7DF,0xE7DF,0xE7DF,0xE7DF,0xE7DF,0xE7DF,0xE7DF,0xEFFF,0xE7DF,0xE7DF,0xE7DF,0xE7DF,0xE7FF,0xEFDF,0xE7DF,0xEFDF,
  0xE7DF,0xE7DF,0xE7DF,0xEFFF,0xEFDF,0xE7DF,0xE7DF,0xEFDF,0xE7DF,0xEFDF,0xE7DF,0xEFFF,0xEFFF,0xE7DF,0xEFDF,0xE7DF,
  0xEFDF,0xEFDF,0xE7DF,0xEFDF,0xEFDF,0xEFDF,0xE7DF,0xEFFF,0xEFDF,0xEFDF,0xEFFF,0xE7DF,0xEFDF,0xEFFF,0xEFDF,0xE7DF,
  0xEFDF,0xE7DF,0xE7DF,0xE7FF,0xEFFF,0xEFFF,0xEFDF,0xEFFF,0xEFFF,0xEFDF,0xE7DF,0xEFFF,0xE7DF,0xE7DF,0xEFFF,0xE7DF,
  0xEFDF,0xE7DF,0xE7DF,0xE7DF,0xE7DF,0xE7DF,0xE7DF,0xE7DF,0xE7DF,0xE7DF,0xE7DF,0xEFDF,0xE7DF,0xEFDF,0xE7DF,0xEFDF,
  0xEFFF,0xE7DF,0xEFDF,0xE7DF,0xEFDF,0xEFDF,0xEFDF,0xEFFF,0xEFFF,0xEFFF,0xEFDF,0xEFDF,0xEFFF,0xEFFF,0xEFDF,0xEFDF,
  0xEFFF,0xEFFF,0xEFFF,0xEFDF,0xEFDF,0xEFFF,0xEFDF,0xEFDF,0xEFFF,0xEFDF,0xEFDF,0xE7DF,0xEFFF,0xE7DF,0xEFFF,0xEFDF,
  0xEFDF,0xEFDF,0xEFDF,0xEFDF,0xEFDF,0xEFDF,0xEFFF,0xEFDF,0xEFDF,0xEFFF,0xE7FF,0xEFFF,0xEFFF,0xEFDF,0xEFFF,0xEFDF,
  0xEFFF,0xEFFF,0xEFFF,0xEFDF,0xEFFF,0xEFDF,0xEFFF,0xEFDF,0xEFDF,0xE7DF,0xF7FF,0xB5D9,0x42B0,0x4AD0,0x29ED,0xB5BA,
  0x9D38,0x5B11,0x3A4F,0x428F,0x7C10,0xFFFF,0xE7DF,0xEFFF,0xEFDF,0xEFDF,0xE7DF,0xEFFF,0xEFFF,0xE7DF,0xEFDF,0xEFDF,
  0xE7DF,0xE7DF,0xE7DF,0xEFFF,0xEFFF,0xEFFF,0xEFFF,0xEFDF,0xEFFF,0xEFFF,0xE7DF,0xEFFF,0xE7DF,0xE7DF,0xEFFF,0xEFDF,
  0xE7DF,0xEFDF,0xEFDF,0xEFFF,0xEFFF,0xE7DF,0xEFDF,0xEFDF,0xEFDF,0xE7DF,0xEFFF,0xEFFF,0xEFFF,0xE7DF,0xE7FF,0xEFFF,
  0xEFFF,0xE7DF,0xE7FF,0xEFDF,0xEFDF,0xEFDF,0xEFDF,0xEFFF,0xE7DF,0xEFDF,0xE7DF,0xE7DF,0xE7DF,0xE7DF,0xE7DF,0xE7DF,
  0xE7DF,0xE7DF,0xE7BF,0xDFBF,0xE7DF,0xE7DF,0xE7DF,0xDFBF,0xE7DF,0xE7DF,0xE7DF,0xE7DF,0xE7DF,0xE7DF,0xE7DF,0xE7DF,
  0xE7DF,0xE7DF,0xE7DF,0xE7DF,0xE7DF,0xE7DF,0xE7DF,0xE7BF,0xEFDF,0xE7DF,0xE7DF,0xE7DF,0xE7DF,0xE7DF,0xE7DF,0xE7DF,
  0xE7DF,0xE7DF,0xE7DF,0xEFDF,0xE7DF,0xE7DF,0xE7DF,0xE7DF,0xE7DF,0xE7DF,0xE7DF,0xE7DF,0xE7DF,0xE7DF,0xE7DF,0xE7DF,
  0xE7DF,0xE7DF,0xE7DF,0xE7DF,0xE7DF,0xE7DF,0xE7DF,0xE7DF,0xE7DF,0xE7DF,0xE7DF,0xE7DF,0xE7DF,0xE7DF,0xE7DF,0xE7DF,
  0xE7DF,0xE7DF,0xE7BF,0xE7DF,0xE7DF,0xE7DF,0xE7DF,0xE7DF,0xE7DF,0xE7DF,0xEFFF,0xDF9E,0xCF5E,0xDFBF,0xDFBF,0xE7DF,
  0xDFBF,0xE7DF,0xE7DF,0xE7DF,0xE7DF,0xE7DF,0xE7DF,0xE7DF,0xE7DF,0xE7DF,0xE7DF,0xE7DF,0xE7DF,0xEFFF,0xE7DF,0xE7DF,
  0xE7DF,0xE7DF,0xE7DF,0xE7DF,0xE7DF,0xE7DF,0xE7DF,0xE7DF,0xE7DF,0xE7DF,0xE7DF,0xE7DF,0xE7DF,0xE7DF,0xE7FF,0xE7DF,
  0xE7DF,0xE7DF,0xE7DF,0xE7DF,0xE7DF,0xE7DF,0xE7DF,0xE7DF,0xE7DF,0xE7FF,0xE7DF,0xE7DF,0xE7DF,0xE7DF,0xE7DF,0xE7DF,
  0xE7DF,0xE7DF,0xE7DF,0xEFDF,0xEFFF,0xE7DF,0xE7DF,0xEFDF,0xE7DF,0xE7DF,0xE7DF,0xE7DF,0xEFFF,0xEFDF,0xEFDF,0xE7DF,
  0xE7DF,0xE7DF,0xEFDF,0xEFFF,0xE7DF,0xE7DF,0xEFFF,0xEFDF,0xE7DF,0xEFDF,0xEFFF,0xEFFF,0xEFFF,0xEFDF,0xEFFF,0xEFDF,
  0xEFFF,0xEFDF,0xEFDF,0xEFFF,0xEFDF,0xE7DF,0xEFFF,0xEFFF,0xEFFF,0xEFFF,0xEFFF,0xE7DF,0xEFFF,0xE7BF,0xEFDF,0xEFFF,
  0xEFFF,0xEFFF,0xE7DF,0xE7DF,0xEFDF,0xE7DF,0xE7DF,0xE7DF,0xE7DF,0xE7DF,0xE7DF,0xE7DF,0xE7DF,0xE7DF,0xE7DF,0xE7DF,
  0xE7DF,0xE7DF,0xEFDF,0xEFFF,0xE7DF,0xE7DF,0xEFFF,0xEFDF,0xEFFF,0xEFDF,0xEFDF,0xEFFF,0xEFFF,0xEFDF,0xEFFF,0xEFDF,
  0xEFDF,0xE7BF,0xE7DF,0xEFDF,0xE7DF,0xE7DF,0xE7DF,0xE7DF,0xE7DF,0xE7DF,0xE7DF,0xE7DF,0xE7DF,0xEFDF,0xEFFF,0xEFFF,
  0xEFDF,0xEFDF,0xEFDF,0xEFDF,0xEFDF,0xEFDF,0xEFFF,0xEFFF,0xE7DF,0xEFDF,0xEFFF,0xE7DF,0xE7DF,0xE7DF,0xEFDF,0xEFFF,
  0xE7DF,0xEFDF,0xEFFF,0xEFFF,0xEFFF,0xE7DF,0xE7DF,0xE7DF,0xE7DF,0xE7DF,0xF7FF,0xADD8,0x426F,0x29ED,0x320E,0xB5DA,
  0x9D38,0x52F1,0x3A4E,0x4290,0x8431,0xFFFF,0xE7BF,0xEFFF,0xEFDF,0xE7DF,0xEFFF,0xEFFF,0xEFDF,0xEFFF,0xEFDF,0xEFDF,
  0xEFFF,0xEFFF,0xE7DF,0xEFFF,0xEFDF,0xEFFF,0xEFFF,0xEFDF,0xEFDF,0xEFFF,0xEFFF,0xEFFF,0xE7DF,0xEFFF,0xEFDF,0xE7DF,
  0xE7DF,0xEFFF,0xEFFF,0xE7DF,0xE7DF,0xE7FF,0xEFDF,0xEFFF,0xEFFF,0xEFDF,0xEFFF,0xE7DF,0xE7DF,0xEFDF,0xEFFF,0xEFFF,
  0xEFDF,0xE7DF,0xEFFF,0xEFDF,0xE7DF,0xEFFF,0xE7DF,0xEFFF,0xE7DF,0xE7DF,0xE7DF,0xE7DF,0xE7DF,0xE7DF,0xE7DF,0xE7DF,
  0xEFFF,0xEFFF,0xEFFF,0xEFFF,0xEFFF,0xEFFF,0xEFFF,0xEFFF,0xE7FF,0xEFFF,0xEFFF,0xEFFF,0xEFFF,0xEFFF,0xEFFF,0xEFFF,
  0xEFFF,0xEFFF,0xEFDF,0xEFFF,0xEFDF,0xEFFF,0xEFFF,0xE7DF,0xEFDF,0xEFFF,0xEFFF,0xEFDF,0xEFFF,0xEFFF,0xEFFF,0xEFFF,
  0xEFDF,0xE7DF,0xE7DF,0xEFFF,0xEFDF,0xEFFF,0xE7DF,0xEFFF,0xEFFF,0xE7DF,0xEFFF,0xEFFF,0xEFFF,0xE7DF,0xE7DF,0xE7DF,
  0xEFFF,0xE7DF,0xEFFF,0xEFFF,0xE7DF,0xEFFF,0xE7DF,0xEFFF,0xE7DF,0xEFDF,0xE7DF,0xEFFF,0xE7DF,0xE7DF,0xE7DF,0xE7DF,
  0xE7DF,0xEFFF,0xEFDF,0xE7BF,0xE7DF,0xE7DF,0xE7DF,0xE7DF,0xE7BF,0xE7DF,0xEFFF,0xE7BF,0xCF7E,0xCF7E,0xD77F,0xE7DF,
  0xE7FF,0xE7DF,0xE7BF,0xE7DF,0xE7DF,0xE7DF,0xE7DF,0xE7DF,0xE7DF,0xE7DF,0xE7DF,0xE7FF,0xE7DF,0xE7DF,0xE7FF,0xE7DF,
  0xEFDF,0xE7FF,0xE7DF,0xE7DF,0xE7DF,0xE7DF,0xEFDF,0xE7DF,0xE7DF,0xE7DF,0xE7DF,0xE7DF,0xE7DF,0xE7DF,0xE7DF,0xE7DF,
  0xE7DF,0xE7DF,0xE7FF,0xE7DF,0xEFFF,0xE7DF,0xE7DF,0xEFDF,0xE7DF,0xE7DF,0xE7DF,0xE7DF,0xE7DF,0xEFDF,0xE7DF,0xE7BF,
  0xEFDF,0xEFFF,0xEFDF,0xEFDF,0xEFDF,0xE7DF,0xEFDF,0xEFDF,0xE7BF,0xE7DF,0xEFDF,0xEFDF,0xE7DF,0xE7DF,0xE7DF,0xEFFF,
  0xE7DF,0xE7DF,0xE7DF,0xE7DF,0xEFDF,0xE7DF,0xE7DF,0xE7DF,0xE7DF,0xEFDF,0xEFFF,0xEFDF,0xEFFF,0xEFDF,0xEFFF,0xEFFF,
  0xEFDF,0xE7BF,0xEFDF,0xEFDF,0xE7BF,0xEFDF,0xE7DF,0xEFFF,0xE7DF,0xE7BF,0xEFDF,0xE7DF,0xE7DF,0xEFDF,0xEFFF,0xE7DF,
  0xEFDF,0xE7DF,0xEFDF,0xEFFF,0xE7BF,0xE7DF,0xE7DF,0xE7DF,0xE7DF,0xE7DF,0xE7DF,0xE7DF,0xEFFF,0xE7FF,0xEFFF,0xEFFF,
  0xEFDF,0xEFDF,0xE7DF,0xE7DF,0xEFDF,0xEFDF,0xEFDF,0xEFDF,0xEFFF,0xEFFF,0xEFFF,0xEFDF,0xEFDF,0xEFDF,0xEFDF,0xE7DF,
  0xEFFF,0xFFFF,0xFFFF,0xFFFF,0xF7FF,0xF7FF,0xFFFF,0xFFFF,0xFFFF,0xFFFF,0xFFFF,0xFFFF,0xFFFF,0xEFFF,0xE7DF,0xEFFF,
  0xEFDF,0xEFFF,0xEFFF,0xEFFF,0xEFFF,0xEFFF,0xEFDF,0xEFDF,0xEFFF,0xEFFF,0xE7DF,0xEFDF,0xEFFF,0xEFFF,0xEFDF,0xEFDF,
  0xEFFF,0xE7DF,0xE7DF,0xEFDF,0xE7DF,0xEFFF,0xEFFF,0xEFDF,0xEFDF,0xE7DF,0xF7FF,0xAD96,0x320D,0x322E,0x322E,0xB5BA,
  0x94D7,0x4AB0,0x3A6F,0x4290,0x8411,0xFFFF,0xE7DF,0xEFFF,0xEFFF,0xEFFF,0xEFFF,0xEFDF,0xEFDF,0xEFFF,0xEFFF,0xE7DF,
  0xEFDF,0xEFDF,0xEFFF,0xEFFF,0xEFFF,0xEFFF,0xE7DF,0xEFFF,0xEFFF,0xE7DF,0xE7DF,0xEFDF,0xEFFF,0xE7DF,0xEFDF,0xEFDF,
  0xEFDF,0xEFFF,0xEFFF,0xE7DF,0xEFDF,0xEFFF,0xEFFF,0xEFFF,0xEFFF,0xE7DF,0xE7DF,0xE7DF,0xEFDF,0xE7DF,0xEFFF,0xEFFF,
  0xEFFF,0xEFDF,0xEFFF,0xEFFF,0xE7DF,0xE7DF,0xEFFF,0xEFDF,0xE7DF,0xE7DF,0xE7DF,0xE7DF,0xE7DF,0xE7DF,0xEFDF,0xEFDF,
  0xD77E,0xC6FC,0xC6FC,0xC73D,0xCF5D,0xD75D,0xD75E,0xD77E,0xDF9E,0xDF9E,0xDF9E,0xDFBE,0xE7BF,0xE7DF,0xE7BF,0xE7DF,
  0xE7DF,0xE7DF,0xE7DF,0xE7DF,0xE7DF,0xE7DF,0xE7DF,0xE7DF,0xEFDF,0xE7DF,0xE7DF,0xE7DF,0xE7DF,0xE7DF,0xE7DF,0xE7DF,
  0xE7BF,0xEFDF,0xEFDF,0xEFDF,0xE7DF,0xE7DF,0xE7DF,0xE7DF,0xEFDF,0xE7DF,0xE7DF,0xE7DF,0xEFDF,0xE7DF,0xEFDF,0xEFDF,
  0xE7DF,0xE7DF,0xE7DF,0xE7DF,0xEFDF,0xEFDF,0xEFDF,0xE7DF,0xE7DF,0xE7DF,0xE7DF,0xE7DF,0xEFDF,0xE7DF,0xEFDF,0xE7DF,
  0xEFDF,0xE7DF,0xEFDF,0xE7BF,0xE79F,0xEFDF,0xE7DF,0xE7DF,0xEFDF,0xE7BF,0xEFDF,0xDF9F,0xE7BF,0xDF9F,0xD77E,0xE7DF,
  0xE7DF,0xEFDF,0xE7DF,0xE7DF,0xE7DF,0xE7DF,0xE7DF,0xE7DF,0xE7DF,0xEFDF,0xE7DF,0xE7BF,0xEFDF,0xE7DF,0xE7DF,0xE7DF,
  0xE7DF,0xEFDF,0xE7DF,0xEFDF,0xE7DF,0xE7DF,0xE7DF,0xE7DF,0xE7DF,0xE7BF,0xE7DF,0xE7DF,0xEFDF,0xEFDF,0xEFFF,0xEFDF,
  0xE7DF,0xE7DF,0xE7DF,0xE7DF,0xE7DF,0xE7DF,0xE7DF,0xE7DF,0xDF9E,0xE7DF,0xE7DF,0xE7DF,0xEFDF,0xE7DF,0xEFDF,0xE7BF,
  0xE7DF,0xEFDF,0xE7DF,0xEFDF,0xE7DF,0xEFDF,0xEFDF,0xEFDF,0xEFDF,0xEFDF,0xE7DF,0xEFDF,0xE7DF,0xE7DF,0xE7BE,0xEFDF,
  0xE7DF,0xE7DF,0xEFDF,0xEFDF,0xE7DF,0xE7DF,0xEFDF,0xE7DF,0xEFDF,0xEFDF,0xEFDF,0xEFDF,0xE7DF,0xEFDF,0xEFDF,0xEFDF,
  0xE7DF,0xE7BF,0xEFDF,0xE7DF,0xEFDF,0xEFDF,0xEFDF,0xE7FF,0xE7DF,0xEFDF,0xE79E,0xEFDF,0xEFDF,0xE7DF,0xEFDF,0xEFDF,
  0xEFFF,0xE7DF,0xEFDF,0xE7DF,0xE7BE,0xEFDF,0xE7DF,0xE7DF,0xE7DF,0xEFDF,0xE7DF,0xE7BF,0xDF9E,0xE77E,0xD75D,0xDF7E,
  0xE7DF,0xE7DF,0xEFFF,0xE7DF,0xE7DF,0xEFDF,0xEFDF,0xEFDF,0xEFFF,0xE7DF,0xEFDF,0xEFFF,0xEFDF,0xEFDF,0xE7DF,0xFFFF,
  0xE75C,0x94D3,0x73D0,0x52AB,0x4A6A,0x4A4A,0x4A6B,0x4A6A,0x52AB,0x4A8B,0x4A8B,0x73AF,0x9CD3,0xEF7D,0xFFFF,0xE7DF,
  0xEFFF,0xE7DF,0xEFDF,0xEFDF,0xEFFF,0xE7DF,0xE7DF,0xE7DF,0xEFDF,0xEFFF,0xEFDF,0xEFFF,0xEFDF,0xE7DF,0xEFDF,0xEFDF,
  0xEFDF,0xEFDF,0xEFDF,0xEFDF,0xEFFF,0xE7DF,0xEFFF,0xEFDF,0xE7DF,0xE7DF,0xEFFF,0xA576,0x3A4E,0x322E,0x3A2E,0xAD99,
  0xAD79,0x428F,0x4AB0,0x4AB0,0x7C10,0xFFFF,0xE7DF,0xEFDF,0xEFDF,0xEFFF,0xEFFF,0xE7FF,0xEFDF,0xEFFF,0xEFDF,0xE7DF,
  0xEFDF,0xEFFF,0xEFFF,0xEFDF,0xEFDF,0xEFFF,0xEFFF,0xEFFF,0xEFFF,0xEFFF,0xEFFF,0xE7FF,0xE7FF,0xEFFF,0xEFDF,0xEFDF,
  0xEFDF,0xEFDF,0xEFFF,0xEFDF,0xEFFF,0xEFFF,0xE7DF,0xEFFF,0xE7DF,0xEFFF,0xEFFF,0xE7DF,0xEFFF,0xEFFF,0xEFDF,0xEFFF,
  0xEFFF,0xEFDF,0xEFDF,0xE7DF,0xEFFF,0xEFFF,0xEFFF,0xE7DF,0xEFDF,0xE7DF,0xE7DF,0xE7DF,0xE7DF,0xE7DF,0xEFDF,0xE7DF,
  0xC73D,0xAE7B,0x8D98,0x8557,0x7D56,0x8577,0x8D97,0x95D8,0x9DF9,0xA63A,0xAE7A,0xAE7A,0xB69B,0xB69B,0xB6BB,0xBEDC,
  0xBEDC,0xBEDC,0xBEDC,0xC6FC,0xBEDC,0xBEFC,0xC6FC,0xC6FC,0xC71C,0xC6FC,0xC6FC,0xC71C,0xC71D,0xC71D,0xC71D,0xC71C,
  0xC71C,0xC71C,0xC71C,0xC71D,0xC71C,0xCF3D,0xC71C,0xC71D,0xC71D,0xC71C,0xC71D,0xC71D,0xC71D,0xC71D,0xC71D,0xCF1D,
  0xC71D,0xC71C,0xC71C,0xCF3D,0xC71D,0xC71D,0xC71D,0xCF1D,0xC71D,0xC71D,0xC71D,0xC71D,0xC71D,0xC71D,0xC71D,0xC71D,
  0xC71D,0xC71D,0xCF5D,0xC71D,0xC71D,0xCF3D,0xCF3D,0xC71D,0xC71D,0xCF3D,0xC71D,0xB6FD,0xAEFD,0xBF3E,0xB71D,0xBF1E,
  0xC73D,0xC73D,0xCF3D,0xCF3D,0xCF5D,0xCF3D,0xCF3D,0xC73D,0xCF3D,0xCF3D,0xCF3D,0xCF3D,0xCF3D,0xCF3D,0xCF3D,0xCF5D,
  0xCF5D,0xCF5D,0xCF5E,0xCF5D,0xCF3D,0xCF5D,0xCF5D,0xCF5D,0xCF3D,0xCF5D,0xCF5E,0xCF5D,0xCF3D,0xCF5D,0xCF5D,0xCF3D,
  0xCF5D,0xCF5D,0xCF5E,0xD75E,0xD75E,0xCF5D,0xCF5E,0xCF5E,0xD75E,0xCF5E,0xD75E,0xCF5E,0xD75D,0xCF5E,0xCF5D,0xD75E,
  0xCF5E,0xCF5E,0xCF5E,0xCF5D,0xCF5D,0xD75E,0xD75E,0xD75E,0xD77E,0xD77E,0xD75E,0xD77E,0xD77E,0xD75E,0xD77E,0xD77E,
  0xD77E,0xD77E,0xD77E,0xD77E,0xD77E,0xD77E,0xD77E,0xD77E,0xD77E,0xD77E,0xD77E,0xD77E,0xD77E,0xD79E,0xD77E,0xD77E,
  0xD77E,0xCF5E,0xD77E,0xD77E,0xD77E,0xD77E,0xD77E,0xD77E,0xD77E,0xD77E,0xDF7E,0xD79E,0xD75E,0xD77E,0xD77E,0xD75E,
  0xD77E,0xCF5E,0xCF3D,0xCF3D,0xC71D,0xC6FC,0xBEFC,0xBEBB,0xB67B,0xAE5A,0x9E19,0x8D97,0x8557,0x8D97,0x9DF9,0xBEBB,
  0xE7BF,0xEFFF,0xEFDF,0xE7DF,0xE7DF,0xEFDF,0xEFDF,0xEFFF,0xEFDF,0xEFDF,0xEFDF,0xEFDF,0xEFDF,0xE7DF,0xFFFF,0xAD34,
  0x39EA,0x320D,0x3A6F,0x4AD1,0x3A90,0x4290,0x42B0,0x4290,0x4AF1,0x4AB0,0x4AB0,0x42B0,0x3A2D,0x424B,0xB596,0xFFFF,
  0xE7DF,0xEFFF,0xEFFF,0xEFDF,0xEFFF,0xE7DF,0xEFDF,0xEFDF,0xE7DF,0xEFDF,0xEFFF,0xEFFF,0xE7DF,0xE7DF,0xEFDF,0xEFDF,
  0xEFDF,0xEFFF,0xE7DF,0xEFFF,0xEFFF,0xEFDF,0xE7DF,0xEFFF,0xEFFF,0xE7DF,0xF7FF,0xA576,0x426F,0x320E,0x3A4F,0x94F7,
  0x9D38,0x428F,0x4AB0,0x52D0,0x7BF0,0xFFFF,0xE7DF,0xEFDF,0xEFFF,0xEFDF,0xEFDF,0xEFFF,0xEFDF,0xEFDF,0xEFDF,0xEFDF,
  0xEFFF,0xEFFF,0xEFFF,0xEFDF,0xEFFF,0xEFFF,0xEFFF,0xEFDF,0xEFFF,0xEFFF,0xE7DF,0xEFFF,0xEFDF,0xEFFF,0xE7DF,0xE7DF,
  0xE7DF,0xEFFF,0xEFFF,0xEFFF,0xEFFF,0xEFFF,0xE7DF,0xEFFF,0xEFFF,0xEFFF,0xEFDF,0xE7DF,0xEFDF,0xE7DF,0xEFDF,0xEFFF,
  0xEFFF,0xEFDF,0xEFDF,0xEFDF,0xEFDF,0xEFDF,0xEFFF,0xE7DF,0xE7DF,0xE7DF,0xE7DF,0xE7DF,0xE7DF,0xE7DF,0xE7DF,0xE7DF,
  0xC71D,0xAE9B,0x9E19,0x8D98,0x8557,0x7D57,0x8577,0x8577,0x8D77,0x8577,0x8557,0x8D77,0x8557,0x8556,0x8556,0x8556,
  0x8557,0x8557,0x8D77,0x8D77,0x8577,0x8577,0x8577,0x8556,0x8577,0x8D97,0x8557,0x8556,0x8577,0x8D77,0x8557,0x8557,
  0x8557,0x8556,0x8577,0x8577,0x8557,0x8557,0x8557,0x8577,0x8577,0x8577,0x8577,0x8577,0x8557,0x8577,0x8577,0x8D77,
  0x8577,0x8577,0x8D97,0x8D97,0x8577,0x8D97,0x8577,0x8D77,0x8577,0x95B8,0x8D97,0x8577,0x8D98,0x8577,0x8D98,0x8D98,
  0x8D97,0x8D98,0x8577,0x8D97,0x8D97,0x8D98,0x8D98,0x95B8,0x8D98,0x8597,0x8DD8,0x8DD9,0x8DF9,0x95FA,0x95F9,0x8DB8,
  0x8598,0x8DB8,0x8D98,0x8598,0x8DB8,0x8598,0x8D98,0x8D98,0x8DB8,0x8DB8,0x8D98,0x8D98,0x8598,0x8DB8,0x8DB8,0x8598,
  0x8598,0x8598,0x8D98,0x8598,0x8DB8,0x8DB8,0x8598,0x8DB8,0x8DD8,0x8D98,0x8D98,0x8D98,0x8D98,0x8598,0x8598,0x8D98,
  0x8DB8,0x8DB8,0x8DB8,0x8DB8,0x8DB8,0x8DB8,0x8DB8,0x8D98,0x8D98,0x8598,0x8D98,0x8D98,0x8D98,0x8DB8,0x8DB8,0x8DB8,
  0x8D98,0x8D98,0x8DB8,0x95D8,0x8DB8,0x8D98,0x8D98,0x8DB8,0x95B8,0x95D8,0x95B8,0x95D8,0x95B8,0x95D8,0x95B8,0x95D8,
  0x95B8,0x95D8,0x95D9,0x9DF9,0x95B8,0x95D8,0x95D8,0x95D8,0x95D8,0x95F8,0x95D8,0x95D8,0x95D8,0x9DF8,0x9DF8,0x95D8,
  0x95D8,0x9DF9,0x95D8,0x95F8,0x95D8,0x95D8,0x95D8,0x9DD8,0x9DF8,0x95D8,0x9DF9,0x95D8,0x9DD8,0x95D8,0x95D8,0x95B8,
  0x95D8,0x9DD8,0x8D98,0x8D98,0x8D77,0x8D97,0x8577,0x8557,0x7D36,0x7D36,0x7516,0x74F5,0x7516,0x8577,0x9E19,0xB6BB,
  0xDF9E,0xEFFF,0xE7DF,0xE7DF,0xEFDF,0xE7DF,0xE7DF,0xE7DF,0xE7DF,0xEFDF,0xEFDF,0xEFDF,0xE7DF,0xFFFF,0x9CF4,0x3A2C,
  0x4AF1,0x5312,0x322D,0x216A,0x29CB,0x31EB,0x1928,0x1948,0x1907,0x2148,0x2989,0x2169,0x320D,0x5312,0x29CA,0xA576,
  0xFFFF,0xE7DF,0xEFDF,0xEFFF,0xEFFF,0xEFFF,0xEFFF,0xEFFF,0xEFDF,0xEFFF,0xEFDF,0xEFFF,0xEFFF,0xEFFF,0xEFDF,0xEFDF,
  0xEFDF,0xEFDF,0xE7DF,0xEFDF,0xEFFF,0xEFDF,0xE7DF,0xE7DF,0xE7DF,0xE7DF,0xF7FF,0xA556,0x428F,0x29ED,0x5B32,0x8456,
  0xA559,0x4AAF,0x4AD0,0x4AB0,0x7C10,0xFFFF,0xE7BF,0xEFDF,0xEFFF,0xEFDF,0xEFDF,0xEFDF,0xEFFF,0xEFFF,0xEFFF,0xEFFF,
  0xEFFF,0xEFFF,0xEFFF,0xEFFF,0xEFFF,0xEFDF,0xEFDF,0xEFFF,0xEFDF,0xEFFF,0xEFFF,0xEFFF,0xEFDF,0xEFDF,0xEFFF,0xEFDF,
  0xEFFF,0xEFFF,0xEFFF,0xEFDF,0xEFDF,0xEFDF,0xEFDF,0xEFFF,0xE7FF,0xEFDF,0xEFFF,0xEFDF,0xEFDF,0xEFFF,0xEFFF,0xE7DF,
  0xEFDF,0xEFDF,0xEFDF,0xE7DF,0xEFFF,0xEFFF,0xEFFF,0xEFFF,0xEFFF,0xE7DF,0xE7DF,0xE7DF,0xE7DF,0xE7DF,0xE7DF,0xDFBF,
  0xBF1D,0xB6BB,0xA65A,0x9DF9,0x95B8,0x8D77,0x8D77,0x8D97,0x9598,0x8D77,0x8D77,0x8D77,0x8D77,0x8D77,0x8577,0x8D77,
  0x8577,0x8D77,0x8D77,0x8D77,0x8D77,0x8D77,0x8D77,0x8577,0x8577,0x8577,0x8577,0x8557,0x8557,0x8557,0x8557,0x8556,
  0x8556,0x8557,0x8556,0x8557,0x8557,0x8557,0x8556,0x8557,0x8556,0x8577,0x8577,0x7D56,0x8556,0x8577,0x8557,0x7D57,
  0x8D97,0x8577,0x8577,0x8577,0x8557,0x8577,0x8577,0x8577,0x8577,0x8577,0x8577,0x8577,0x8557,0x8577,0x8577,0x8577,
  0x8577,0x8D97,0x8557,0x8D97,0x8577,0x8577,0x8D98,0x8577,0x8577,0x8577,0x8598,0x8D98,0x8DB9,0x8598,0x8577,0x7D77,
  0x8577,0x8577,0x8597,0x8577,0x8577,0x8577,0x8577,0x7D77,0x7D77,0x7D57,0x8577,0x7D77,0x8577,0x7D77,0x7D57,0x7D57,
  0x7D57,0x8577,0x7D57,0x7D77,0x7D77,0x8577,0x7D57,0x7D77,0x7D77,0x7D77,0x8577,0x8577,0x7D57,0x7D57,0x8577,0x7D77,
  0x8577,0x7D57,0x8D98,0x95B8,0x7D77,0x8577,0x8577,0x8577,0x7D57,0x7D77,0x7D57,0x7D57,0x8577,0x8577,0x7D57,0x8577,
  0x8577,0x7D57,0x7D57,0x7D57,0x7D57,0x7D57,0x7D36,0x7D36,0x7D36,0x7D56,0x7D36,0x8557,0x8556,0x7D36,0x7D16,0x7D36,
  0x7D36,0x7D16,0x8557,0x7D36,0x7D16,0x7D16,0x74F5,0x7D15,0x7D36,0x7D16,0x74F5,0x74F5,0x7D16,0x7D36,0x7D16,0x7D16,
  0x7515,0x7D16,0x74F5,0x74F5,0x7D16,0x74F5,0x74F5,0x7D16,0x74F5,0x7CF5,0x7515,0x74F5,0x74F5,0x7D15,0x7D15,0x7515,
  0x7D15,0x7D16,0x7D16,0x7D16,0x7D36,0x8556,0x8556,0x7D36,0x7D36,0x7D36,0x7D56,0x8557,0x8D98,0x9DF9,0xA63A,0xAE7A,
  0xCF3D,0xEFFF,0xE7DF,0xE7DF,0xEFDF,0xEFDF,0xEFDF,0xE7DF,0xEFDF,0xEFDF,0xEFFF,0xE7DF,0xF7FF,0xCE79,0x4A8D,0x5332,
  0x4AD0,0x08A4,0x1905,0x7BEF,0xA555,0xADB7,0xADD7,0xB5D7,0xB5F8,0xB5D7,0xB5D7,0x9D14,0x73AE,0x2168,0x5311,0x424B,
  0xDEFB,0xF7FF,0xE7DF,0xEFDF,0xEFFF,0xEFFF,0xEFDF,0xEFFF,0xEFFF,0xEFFF,0xEFDF,0xEFDF,0xEFDF,0xEFFF,0xEFFF,0xE7DF,
  0xEFDF,0xEFDF,0xEFDF,0xEFDF,0xE7FF,0xEFFF,0xEFFF,0xEFDF,0xEFFF,0xE7DF,0xF7FF,0xA556,0x3A6E,0x320E,0x322E,0xAD79,
  0x9D38,0x4AAF,0x4AD0,0x52F1,0x7BF0,0xFFFF,0xE7DF,0xEFFF,0xEFFF,0xEFFF,0xEFFF,0xEFDF,0xEFFF,0xEFFF,0xEFFF,0xE7FF,
  0xEFFF,0xEFFF,0xEFFF,0xEFFF,0xEFFF,0xEFFF,0xEFFF,0xEFDF,0xE7DF,0xEFDF,0xEFFF,0xEFDF,0xE7FF,0xEFFF,0xEFDF,0xE7DF,
  0xEFDF,0xEFDF,0xEFDF,0xEFFF,0xE7FF,0xEFDF,0xEFFF,0xEFFF,0xE7DF,0xE7FF,0xEFFF,0xEFDF,0xEFFF,0xE7DF,0xEFDF,0xEFDF,
  0xEFFF,0xEFDF,0xE7DF,0xEFDF,0xEFFF,0xEFDF,0xEFDF,0xE7DF,0xEFFF,0xEFDF,0xEFDF,0xEFDF,0xE7DF,0xE7DF,0xE7DF,0xD7BF,
  0xC73D,0xBEDC,0xB6BB,0xAE7A,0xA639,0x9DD8,0x95B8,0x8D98,0x8D97,0x8D77,0x8D77,0x8D77,0x8D77,0x8D77,0x8D77,0x8D97,
  0x8D77,0x8D77,0x8D97,0x8D77,0x8D77,0x8D97,0x8D77,0x8D77,0x8D77,0x8D77,0x8D77,0x8557,0x8557,0x8D77,0x8D77,0x8577,
  0x8577,0x8577,0x8577,0x8557,0x8577,0x8577,0x8577,0x8577,0x8D97,0x95D8,0x8577,0x8577,0x8577,0x8577,0x8577,0x8577,
  0x7D56,0x8D77,0x8D97,0x8D77,0x8577,0x8577,0x8577,0x8577,0x8577,0x8577,0x8D77,0x8577,0x8597,0x8577,0x8577,0x8577,
  0x8577,0x8577,0x8577,0x8D97,0x8597,0x8577,0x8597,0x8577,0x8597,0x8D98,0x8D98,0x8598,0x8577,0x8577,0x8598,0x8598,
  0x8598,0x8598,0x8598,0x8598,0x8598,0x8598,0x8598,0x8598,0x8598,0x8598,0x8578,0x8D98,0x8598,0x8598,0x8598,0x8578,
  0x8598,0x8598,0x8598,0x8577,0x8598,0x8DB8,0x8598,0x8598,0x8598,0x8D98,0x8598,0x8598,0x8598,0x8598,0x8598,0x8598,
  0x8598,0x8D98,0x8D98,0x8DB8,0x8D98,0x8597,0x8598,0x8598,0x8598,0x8598,0x8598,0x8598,0x8578,0x8D98,0x8D98,0x8D98,
  0x8D98,0x8598,0x8D98,0x8D98,0x8D97,0x8D98,0x8D98,0x8D97,0x8577,0x8D77,0x8577,0x8D97,0x8D97,0x8577,0x8577,0x8D77,
  0x8D77,0x8D77,0x8D97,0x8D77,0x8D77,0x8577,0x8577,0x8D77,0x8577,0x8577,0x8577,0x8577,0x8577,0x8D77,0x8577,0x8577,
  0x8577,0x8557,0x8577,0x8577,0x8D77,0x8577,0x8577,0x8557,0x8D77,0x95B8,0x8557,0x8D77,0x8D77,0x8D77,0x8D77,0x8577,
  0x8D77,0x8577,0x8D77,0x8577,0x8D77,0x8D77,0x8D77,0x8D77,0x8577,0x8D77,0x8DB8,0x9DD9,0xA639,0xAE5A,0xAE7A,0xB69B,
  0xC71D,0xE7DF,0xE7DF,0xE7DF,0xEFDF,0xEFFF,0xEFDF,0xEFDF,0xEFDF,0xEFDF,0xEFFF,0xE7DF,0xFFFF,0x8451,0x5331,0x5B52,
  0x0863,0x5B0C,0xE75D,0xEFBF,0xE75D,0xDF5D,0xDF3D,0xDF3D,0xDF3D,0xDF3D,0xDF3D,0xE75D,0xEFBF,0xBE18,0x31C9,0x4ACF,
  0x8431,0xFFFF,0xE7DF,0xEFDF,0xEFFF,0xEFFF,0xEFFF,0xEFFF,0xEFDF,0xEFDF,0xEFFF,0xEFFF,0xEFDF,0xEFDF,0xEFDF,0xE7DF,
  0xEFDF,0xE7DF,0xE7DF,0xE7DF,0xEFDF,0xEFFF,0xE7DF,0xE7DF,0xEFDF,0xE7DF,0xF7FF,0xA556,0x426F,0x29EE,0x322E,0xB5DA,
  0x9D58,0x4AD0,0x52F0,0x52F1,0x7BD0,0xFFFF,0xE7BF,0xEFDF,0xE7DF,0xEFDF,0xE7DF,0xE7DF,0xE7FF,0xE7DF,0xEFFF,0xE7DF,
  0xE7DF,0xE7DF,0xEFDF,0xEFDF,0xE7DF,0xE7DF,0xEFDF,0xEFDF,0xEFDF,0xEFFF,0xEFDF,0xEFFF,0xEFFF,0xEFFF,0xEFFF,0xEFFF,
  0xEFFF,0xEFDF,0xEFFF,0xE7FF,0xEFFF,0xEFFF,0xEFFF,0xEFDF,0xEFDF,0xEFFF,0xEFFF,0xEFDF,0xEFFF,0xEFFF,0xEFDF,0xE7DF,
  0xEFFF,0xEFDF,0xEFFF,0xEFFF,0xEFDF,0xEFDF,0xEFFF,0xEFFF,0xEFFF,0xE7DF,0xE7DF,0xEFDF,0xE7DF,0xE7DF,0xDFDF,0xCF9F,
  0xC73E,0xBEFD,0xB6DC,0xB6BB,0xB67A,0xAE3A,0x9DF9,0x9DD8,0x95B8,0x8D97,0x8D77,0x8D77,0x8D77,0x8556,0x8557,0x8557,
  0x8557,0x8556,0x8557,0x8556,0x8557,0x8557,0x8557,0x8556,0x8557,0x8557,0x8556,0x8556,0x7D36,0x8536,0x7D36,0x8556,
  0x7D56,0x7D36,0x7D36,0x74F5,0x7D36,0x7D36,0x7D36,0x7D36,0x7D36,0x7516,0x7D36,0x7D16,0x7D36,0x7D36,0x7D36,0x8577,
  0x8D97,0x8557,0x7D56,0x7D36,0x7D36,0x7D36,0x7D36,0x7D36,0x7D36,0x7D36,0x7D36,0x7D36,0x7D36,0x7D36,0x7D36,0x7D36,
  0x7D36,0x7D36,0x7D36,0x7D36,0x7D36,0x7D36,0x7D57,0x7D56,0x7D57,0x7D57,0x7D57,0x7D57,0x7D57,0x7D57,0x7D37,0x7D57,
  0x7D57,0x7D57,0x7D57,0x7D57,0x7D57,0x7D57,0x7D57,0x7D37,0x7D57,0x7D37,0x7D37,0x7D37,0x7D37,0x7D57,0x7D57,0x7D57,
  0x7D57,0x7D37,0x7D57,0x7D57,0x7D57,0x7D77,0x7D57,0x7D57,0x7D57,0x7D57,0x7D57,0x7D57,0x7D57,0x7D57,0x7D77,0x7D57,
  0x7D57,0x7D77,0x7D57,0x7D57,0x8577,0x7D77,0x7D57,0x7D77,0x7D57,0x8577,0x7D57,0x7D57,0x7D57,0x8577,0x8577,0x7D57,
  0x8577,0x8577,0x8557,0x8577,0x7D57,0x8577,0x8577,0x7D57,0x8557,0x8557,0x8557,0x8557,0x8557,0x7D56,0x8556,0x8557,
  0x7D56,0x8556,0x8556,0x8556,0x7D36,0x8536,0x8536,0x7D36,0x7D36,0x7D36,0x7D36,0x7D36,0x8536,0x8536,0x8556,0x8556,
  0x8556,0x8556,0x8536,0x8556,0x8557,0x8556,0x8556,0x8556,0x8556,0x8536,0x8556,0x8536,0x8557,0x8557,0x8557,0x8536,
  0x8556,0x8557,0x8557,0x8D77,0x8D77,0x8577,0x8D77,0x8D98,0x95B8,0x95D8,0x9DF9,0xAE5A,0xB69B,0xB6BB,0xB69B,0xBEBB,
  0xC6FC,0xDF9E,0xEFDF,0xE7DF,0xEFDF,0xEFFF,0xEFFF,0xEFDF,0xEFDF,0xEFDF,0xEFDF,0xEFFF,0xDF3C,0x5B0E,0x6373,0x3A4D,
  0x0862,0xE75E,0xDF3D,0xCEDB,0xD6DB,0xD6FC,0xD6FC,0xD6FB,0xD6FC,0xD6FC,0xD6DB,0xD6DB,0xCEBB,0xF7DF,0x94B3,0x3A2C,
  0x632E,0xEFBE,0xEFFF,0xE7DF,0xEFDF,0xEFDF,0xEFDF,0xEFDF,0xEFDF,0xEFDF,0xEFDF,0xEFFF,0xEFFF,0xE7DF,0xEFFF,0xEFFF,
  0xEFFF,0xEFDF,0xE7FF,0xE7DF,0xEFDF,0xE7DF,0xE7DF,0xE7DF,0xEFDF,0xE7DF,0xEFFF,0x9D55,0x428F,0x320E,0x322E,0xB5BA,
  0x9D39,0x5311,0x52F1,0x4AB0,0x7BF0,0xFFFF,0xE7DF,0xEFFF,0xEFFF,0xEFDF,0xEFFF,0xEFFF,0xEFFF,0xEFFF,0xEFFF,0xEFFF,
  0xEFFF,0xEFFF,0xEFFF,0xEFDF,0xEFFF,0xEFFF,0xEFFF,0xEFDF,0xEFDF,0xEFFF,0xEFDF,0xEFFF,0xEFFF,0xEFFF,0xEFFF,0xE7DF,
  0xE7FF,0xEFFF,0xEFFF,0xE7DF,0xEFDF,0xEFFF,0xEFDF,0xEFFF,0xE7DF,0xEFDF,0xEFFF,0xEFDF,0xEFDF,0xEFDF,0xEFDF,0xEFDF,
  0xEFDF,0xEFDF,0xEFDF,0xE7DF,0xEFDF,0xEFDF,0xE7DF,0xEFDF,0xEFFF,0xEFDF,0xE7DF,0xE7DF,0xE7DF,0xE7DF,0xD7BF,0xCF7F,
  0xC75E,0xC73E,0xBEFD,0xBEDC,0xB69B,0xB67A,0xAE5A,0xA619,0x9DF9,0x9DD8,0x9DD8,0x9DD8,0x9DD8,0x9DD8,0x95D8,0x95B8,
  0x95D8,0x95D8,0x95D8,0x95D8,0x9DD8,0x9DD8,0x9DF8,0x95D8,0x9DF9,0x9DF8,0x95D8,0x9DD8,0x9DF9,0x9DF8,0x9DF8,0x95F8,
  0x9DF8,0x95D8,0x9DF9,0x9E19,0x9DF8,0x9DF9,0x9DF9,0x9DF9,0x9E19,0x9DF9,0x9DF8,0x9DF9,0x9DF9,0x9DF9,0x9DF9,0x9E19,
  0xA619,0xA639,0xA619,0x9E19,0x9E19,0xA619,0x9E19,0x9DF8,0x9DF9,0x9E19,0x9DF9,0x9DF9,0x9DF9,0x9DF8,0x9DF9,0x9DF9,
  0x9DF9,0x9E19,0x9E19,0x9E19,0x9DF9,0x9DF9,0x9DF9,0x9E19,0x9DF9,0x95D8,0x95F9,0x9DF9,0x9DF9,0x95F9,0x9DF9,0x95F9,
  0x9DF9,0x9DF9,0x9DF9,0x95F9,0x95F9,0x95D8,0x9DF9,0x95F9,0x95F9,0x95F9,0x95D8,0x95D9,0x95D8,0x95D9,0x95D9,0x95D8,
  0x95D9,0x8DB8,0x95D8,0x95D8,0x8DB8,0x95D8,0x8DB8,0x8DB8,0x8DB8,0x8DB8,0x8DB8,0x8DB8,0x8DB8,0x8DB8,0x8DB8,0x8DB8,
  0x8D98,0x8DB8,0x8D98,0x8D98,0x8598,0x8D98,0x8D98,0x8D98,0x8D98,0x8D98,0x8D98,0x8D98,0x8D98,0x8D98,0x8D98,0x8D98,
  0x8D98,0x8597,0x8D98,0x8D98,0x8597,0x8577,0x8577,0x8597,0x8D97,0x8577,0x8577,0x8577,0x8D77,0x8577,0x8D77,0x8D97,
  0x8577,0x8D77,0x8D77,0x8577,0x8577,0x8D77,0x8557,0x8577,0x8577,0x8557,0x8556,0x8D77,0x8577,0x8556,0x8577,0x8D77,
  0x8577,0x8577,0x8556,0x8556,0x8556,0x8577,0x8556,0x8556,0x8557,0x8577,0x8556,0x8557,0x8556,0x8557,0x8557,0x8556,
  0x8557,0x8577,0x8D77,0x8D97,0x8D77,0x8D77,0x8D97,0x95B8,0x9DD8,0x9DF9,0xAE39,0xB67A,0xBEBB,0xBEDB,0xBEDB,0xC6FC,
  0xC6FC,0xD77E,0xE7DF,0xE7DF,0xEFFF,0xEFDF,0xEFDF,0xEFDF,0xEFDF,0xEFFF,0xEFDF,0xF7FF,0xD6FB,0x530F,0x6BD5,0x2148,
  0x4A6A,0xEFDF,0xD6FC,0xD6FC,0xD6FC,0xD6FC,0xD6FC,0xD6FC,0xD6FC,0xD6FC,0xD6FC,0xD6FC,0xD6FC,0xDF3D,0xCE9A,0x424C,
  0x426B,0xD6DB,0xF7FF,0xE7DF,0xEFFF,0xE7FF,0xEFFF,0xEFDF,0xE7DF,0xEFFF,0xEFFF,0xEFFF,0xEFDF,0xEFDF,0xEFDF,0xEFFF,
  0xEFFF,0xEFFF,0xE7DF,0xE7DF,0xE7DF,0xEFDF,0xE7DF,0xE7FF,0xEFFF,0xE7DF,0xF7FF,0xA555,0x42AF,0x320E,0x3A4E,0xB5FA,
  0xA559,0x52D0,0x4AD0,0x4AD0,0x73AF,0xFFFF,0xE7BF,0xEFFF,0xEFFF,0xEFFF,0xEFDF,0xE7DF,0xEFFF,0xEFFF,0xEFFF,0xEFDF,
  0xE7DF,0xE7DF,0xE7DF,0xE7DF,0xE7DF,0xE7DF,0xEFDF,0xE7DF,0xE7DF,0xE7DF,0xE7DF,0xE7DF,0xE7DF,0xE7DF,0xE7DF,0xE7DF,
  0xE7DF,0xEFDF,0xE7DF,0xE7DF,0xE7DF,0xE7DF,0xEFDF,0xE7DF,0xE7DF,0xE7DF,0xE7DF,0xE7DF,0xE7DF,0xE7DF,0xE7DF,0xE7DF,
  0xE7DF,0xE7DF,0xE7DF,0xE7DF,0xEFFF,0xEFFF,0xEFFF,0xEFFF,0xEFFF,0xE7FF,0xEFDF,0xEFFF,0xE7DF,0xE7DF,0xD7BF,0xC75F,
  0xC75F,0xC75E,0xC73D,0xBEFC,0xC71D,0xCF3D,0xCF3D,0xD75D,0xD75D,0xD73D,0xCF3D,0xCF3D,0xD73D,0xD73D,0xCF1D,0xD73D,
  0xD73D,0xD73D,0xD73D,0xD73D,0xD73D,0xD73D,0xD75D,0xD73D,0xD75D,0xD75D,0xD73D,0xD73D,0xD75D,0xD75D,0xD75D,0xD75D,
  0xD75D,0xD75D,0xD75D,0xD75D,0xD75D,0xD75D,0xD75D,0xD75D,0xD75D,0xD75D,0xD75D,0xD75D,0xD75D,0xD75D,0xD75D,0xD75D,
  0xD75D,0xD75D,0xD75D,0xDF5D,0xD75D,0xD75D,0xD75D,0xD75D,0xD75D,0xDF5D,0xD75D,0xD75D,0xDF7D,0xD75D,0xDF7E,0xD75D,
  0xD75D,0xD75D,0xD75D,0xD75D,0xD75D,0xD75D,0xD75D,0xD75D,0xD73D,0xD75D,0xD75D,0xD75D,0xD75D,0xD73D,0xD75D,0xD75D,
  0xD75D,0xD75D,0xD75D,0xDF5D,0xDF5D,0xD75D,0xD75D,0xD73D,0xCF3D,0xD73D,0xD73D,0xD73D,0xD73D,0xD73D,0xCF1D,0xCF3D,
  0xCF1C,0xD73D,0xCF1C,0xCF1C,0xD73D,0xCF1D,0xD71D,0xCF1D,0xD71C,0xCF1D,0xCF1D,0xCF1C,0xCF1C,0xCF3C,0xCF1D,0xCF1C,
  0xCF3D,0xCF1C,0xCF1D,0xCF3D,0xCF1C,0xCF1D,0xCF1D,0xCF1C,0xCF1C,0xCF1C,0xCF1C,0xCF1C,0xCF1C,0xCF1C,0xCF1C,0xCF1D,
  0xCF3D,0xCF1D,0xCF1C,0xCF3D,0xCF1D,0xCF1D,0xCF1D,0xCF1D,0xCF1D,0xCF1D,0xCF1D,0xCF1C,0xCF1C,0xCF1C,0xCF1C,0xCF1C,
  0xC6FC,0xCF1C,0xCEFC,0xCEFC,0xCEFC,0xC6FC,0xC6FC,0xCF1C,0xCEFC,0xC6FC,0xC6FC,0xC6DC,0xCF1C,0xC6FC,0xC6FC,0xC6FC,
  0xC6FC,0xC6FC,0xC6DC,0xC6DC,0xC6FC,0xC6DC,0xC6DB,0xC6DC,0xC6DB,0xC6DC,0xC6DC,0xC6DB,0xC6DC,0xC6DC,0xC6DC,0xBEDC,
  0xC6DC,0xC6FC,0xC6DC,0xC6FC,0xC6FC,0xCF1C,0xCF1C,0xC6FC,0xC6FC,0xCEFC,0xC6FC,0xC6FC,0xC6DC,0xC6DC,0xC6FC,0xC71C,
  0xBEDC,0xD75E,0xE7DF,0xEFDF,0xEFFF,0xEFFF,0xEFDF,0xEFDF,0xEFDF,0xEFDF,0xE7DF,0xF7FF,0xD6DB,0x6B91,0x6BF5,0x2169,
  0x4A8A,0xEFDF,0xD6FC,0xD6FC,0xD6FC,0xD6FC,0xD6FC,0xD6FC,0xD6FC,0xD6FC,0xD6FC,0xD6FC,0xD6FC,0xDF3D,0xCE7A,0x3A2C,
  0x422B,0xD6BA,0xF7FF,0xE7DF,0xEFDF,0xEFFF,0xEFFF,0xEFFF,0xEFFF,0xEFFF,0xEFFF,0xEFFF,0xEFFF,0xE7DF,0xEFFF,0xEFFF,
  0xE7DF,0xEFFF,0xE7DF,0xE7DF,0xE7DF,0xE7DF,0xEFDF,0xEFDF,0xEFFF,0xE7DF,0xF7FF,0xA556,0x42AF,0x29ED,0x3A4E,0xB5DA,
  0xA559,0x4AD0,0x4AB0,0x4AD0,0x73AF,0xFFFF,0xE7DF,0xEFFF,0xE7DF,0xEFDF,0xEFDF,0xEFDF,0xE7DF,0xEFFF,0xE7DF,0xEFFF,
  0xF7FF,0xF7FF,0xF7FF,0xF7FF,0xF7FF,0xF7FF,0xF7FF,0xF7FF,0xF7FF,0xF7FF,0xF7FF,0xF7FF,0xF7FF,0xF7FF,0xF7FF,0xF7FF,
  0xF7FF,0xF7FF,0xF7FF,0xF7FF,0xF7FF,0xF7FF,0xF7FF,0xF7FF,0xF7FF,0xF7FF,0xF7FF,0xF7FF,0xF7FF,0xF7FF,0xF7FF,0xF7FF,
  0xF7FF,0xF7FF,0xEFFF,0xEFDF,0xEFDF,0xEFFF,0xEFDF,0xEFFF,0xEFDF,0xEFFF,0xE7DF,0xE7DF,0xE7DF,0xEFFF,0xD79F,0xC75F,
  0xC75E,0xC75E,0xC75E,0xD79E,0xE7BE,0xEFBF,0xEFDF,0xEFDF,0xEFFF,0xEFFF,0xEFFF,0xEFDF,0xEFFF,0xF7FF,0xF7FF,0xF7FF,
  0xF7FF,0xF7FF,0xF7FF,0xEFFF,0xF7FF,0xF7FF,0xF7FF,0xF7FF,0xF7FF,0xF7FF,0xF7FF,0xF7FF,0xF7FF,0xF7FF,0xF7FF,0xF7FF,
  0xF7FF,0xEFFF,0xEFFF,0xF7FF,0xEFFF,0xEFFF,0xEFFF,0xEFFF,0xEFFF,0xF7FF,0xEFFF,0xEFFF,0xEFFF,0xEFFF,0xF7FF,0xF7FF,
  0xEFFF,0xF7FF,0xF7FF,0xEFFF,0xEFFF,0xEFFF,0xF7FF,0xEFFF,0xF7FF,0xEFDF,0xEFDF,0xF7FF,0xEFFF,0xEFFF,0xEFDF,0xEFFF,
  0xF7FF,0xF7FF,0xF7FF,0xEFFF,0xEFFF,0xF7FF,0xEFFF,0xF7FF,0xF7FF,0xEFFF,0xF7FF,0xEFFF,0xEFFF,0xEFDF,0xF7FF,0xEFFF,
  0xEFFF,0xEFFF,0xEFFF,0xEFFF,0xEFFF,0xEFFF,0xEFFF,0xEFFF,0xF7FF,0xEFDF,0xEFDF,0xEFFF,0xEFFF,0xEFFF,0xEFDF,0xEFFF,
  0xEFFF,0xEFFF,0xEFFF,0xEFFF,0xF7FF,0xEFFF,0xEFFF,0xEFFF,0xEFDF,0xEFFF,0xF7FF,0xEFFF,0xEFFF,0xEFFF,0xEFDF,0xF7FF,
  0xF7FF,0xEFDF,0xF7FF,0xEFFF,0xEFFF,0xEFFF,0xEFFF,0xEFFF,0xF7FF,0xF7FF,0xF7FF,0xEFFF,0xF7FF,0xF7FF,0xF7FF,0xEFFF,
  0xEFFF,0xEFFF,0xEFFF,0xEFFF,0xF7FF,0xF7FF,0xF7FF,0xF7FF,0xEFFF,0xEFFF,0xEFFF,0xF7FF,0xF7FF,0xEFFF,0xEFFF,0xF7FF,
  0xEFFF,0xEFFF,0xEFDF,0xF7FF,0xEFFF,0xF7FF,0xEFFF,0xF7FF,0xF7FF,0xEFFF,0xF7FF,0xF7FF,0xF7FF,0xF7FF,0xF7FF,0xF7FF,
  0xF7FF,0xF7FF,0xEFDF,0xEFFF,0xF7FF,0xF7FF,0xEFDF,0xEFDF,0xF7FF,0xF7FF,0xEFDF,0xF7FF,0xF7FF,0xF7FF,0xEFDF,0xEFDF,
  0xEFDF,0xEFFF,0xEFDF,0xEFBF,0xEFDF,0xEFDF,0xEFDF,0xEFDF,0xEFBF,0xEFDF,0xE7BF,0xE79E,0xDF7E,0xCF1C,0xCF1C,0xBEFC,
  0xBEDC,0xCF7E,0xEFFF,0xEFDF,0xEFDF,0xEFDF,0xEFDF,0xEFDF,0xEFDF,0xEFFF,0xEFDF,0xF7FF,0xD6FB,0x52CE,0x6394,0x4ACF,
  0x10A2,0xEF9E,0xD71C,0xD6FC,0xD6FC,0xD6FC,0xD6FC,0xD6FC,0xD6FC,0xD6FC,0xD6FC,0xD6FC,0xD6DB,0xE75D,0xB5D7,0x4AAD,
  0x5B0E,0xDF1C,0xEFFF,0xEFDF,0xEFDF,0xEFDF,0xEFDF,0xE7DF,0xE7DF,0xE7DF,0xEFDF,0xEFDF,0xE7DF,0xEFFF,0xEFDF,0xEFFF,
  0xEFFF,0xEFFF,0xEFFF,0xEFFF,0xEFDF,0xE7DF,0xEFFF,0xEFDF,0xEFFF,0xE7DF,0xF7FF,0xA555,0x4ACF,0x29ED,0x3A2E,0xB5FA,
  0x9D38,0x52F0,0x4AB0,0x52F1,0x73D0,0xFFFF,0xE7DF,0xEFFF,0xEFFF,0xEFDF,0xE7DF,0xEFDF,0xEFFF,0xE7DF,0xF7FF,0xE79E,
  0xC638,0xBDF7,0xC638,0xBE18,0xBE18,0xBE18,0xC638,0xC638,0xBE18,0xBE18,0xC658,0xBE18,0xBE18,0xBE18,0xBE18,0xBE18,
  0xBE18,0xC659,0xC659,0xC638,0xC679,0xCE79,0xCE79,0xCE7A,0xCE7A,0xC679,0xCE9A,0xCE9A,0xCE79,0xCE99,0xCEBA,0xCE9A,
  0xCE9A,0xCE9A,0xD6FC,0xF7FF,0xEFFF,0xEFDF,0xEFFF,0xEFDF,0xE7DF,0xE7DF,0xE7DF,0xE7FF,0xE7DF,0xEFDF,0xCF9F,0xBF5F,
  0xC77F,0xC77F,0xC75F,0xDFBF,0xF7FF,0xE7BF,0xE7BF,0xE7BF,0xE7DF,0xE7DF,0xE7DF,0xE7DF,0xEFDF,0xEFDF,0xEFDF,0xEFFF,
  0xEFDF,0xEFFF,0xEFDF,0xEFDF,0xEFFF,0xEFDF,0xEFDF,0xEFDF,0xEFDF,0xEFDF,0xEFDF,0xEFDF,0xEFDF,0xEFDF,0xE7DF,0xE7DF,
  0xE7DF,0xE7DF,0xE7DF,0xE7DF,0xE7DF,0xE7DF,0xEFDF,0xE7DF,0xE7DF,0xE7DF,0xE7DF,0xE7DF,0xE7DF,0xE7DF,0xE7DF,0xE7DF,
  0xE7DF,0xE7DF,0xE7DF,0xE7DF,0xE7DF,0xE7DF,0xE7DF,0xE7DF,0xEFDF,0xEFDF,0xE7DF,0xEFDF,0xEFDF,0xEFDF,0xE7BE,0xEFDF,
  0xE7DF,0xE7BF,0xEFFF,0xE7DF,0xE7DF,0xE7DF,0xE7DF,0xEFDF,0xEFDF,0xEFDF,0xEFDF,0xE7DF,0xE7DF,0xEFDF,0xEFDF,0xE7DF,
  0xEFDF,0xEFDF,0xE7DF,0xE7DF,0xE7DF,0xE7DF,0xE7DF,0xEFFF,0xE7DF,0xE7DF,0xEFDF,0xE7BF,0xE7DF,0xE7DF,0xE7DF,0xEFFF,
  0xE7DF,0xEFDF,0xEFFF,0xEFFF,0xE7DF,0xE7DF,0xEFDF,0xEFFF,0xE7DF,0xE7DF,0xEFFF,0xEFFF,0xE7FF,0xEFDF,0xEFDF,0xEFDF,
  0xEFFF,0xE7DF,0xEFDF,0xEFDF,0xEFDF,0xE7DF,0xEFDF,0xEFFF,0xEFFF,0xEFDF,0xEFFF,0xE7DF,0xE7DF,0xEFFF,0xEFFF,0xE7DF,
  0xEFFF,0xEFFF,0xEFDF,0xEFDF,0xEFDF,0xEFFF,0xEFFF,0xEFFF,0xEFDF,0xEFFF,0xEFDF,0xEFDF,0xEFFF,0xEFDF,0xEFDF,0xEFDF,
  0xEFDF,0xEFDF,0xE7DF,0xEFDF,0xE7DF,0xE7DF,0xEFDF,0xEFFF,0xE7DF,0xEFDF,0xE7DF,0xEFFF,0xEFFF,0xE7DF,0xEFFF,0xEFFF,
  0xEFFF,0xEFFF,0xEFFF,0xEFDF,0xEFFF,0xEFFF,0xE7DF,0xEFDF,0xEFFF,0xEFFF,0xEFFF,0xEFDF,0xEFFF,0xEFDF,0xE7BF,0xEFDF,
  0xEFFF,0xEFFF,0xEFFF,0xEFDF,0xEFFF,0xEFFF,0xEFDF,0xEFDF,0xEFFF,0xEFDF,0xF7DF,0xF7FF,0xF7DE,0xD75D,0xBEDC,0xBEDC,
  0xBEDC,0xCF3D,0xEFFF,0xEFDF,0xEFFF,0xEFDF,0xEFDF,0xEFDF,0xEFFF,0xEFDF,0xEFDF,0xEFDF,0xF7DE,0x6B6F,0x5B52,0x5B73,
  0x1927,0x7BEF,0xFFFF,0xDF3D,0xD6FC,0xD6FC,0xD6FC,0xD6FB,0xD6DC,0xD6DB,0xD6FB,0xD6FC,0xDF5D,0xF7DF,0x5AED,0x4ACF,
  0x5B0D,0xF7FF,0xE7DF,0xEFFF,0xEFFF,0xEFDF,0xEFFF,0xEFDF,0xEFFF,0xEFDF,0xEFFF,0xEFDF,0xEFFF,0xEFDF,0xEFFF,0xEFFF,
  0xEFFF,0xEFFF,0xE7DF,0xE7DF,0xE7DF,0xEFFF,0xEFFF,0xE7DF,0xE7DF,0xE7BF,0xF7FF,0x9D35,0x3A4E,0x29EE,0x3A4E,0xB5DA,
  0xA579,0x52F0,0x4AB0,0x4AB0,0x73D0,0xFFFF,0xE7DF,0xEFDF,0xEFDF,0xEFFF,0xEFFF,0xEFDF,0xE7DF,0xEFFF,0xDEFB,0x94D3,
  0xB5B6,0xBDD7,0xC5F7,0xBDF7,0xBDD6,0xBDB6,0xBDD7,0xC5F7,0xBDB6,0xBDD7,0xC617,0xBDF7,0xBDD7,0xBDD7,0xBDD7,0xBDD7,
  0xBDD7,0xBDD7,0xBDD7,0xBDD7,0xBDD7,0xBDD7,0xBDD7,0xBDF7,0xBDF7,0xBDD7,0xBDD7,0xBDD7,0xBDF7,0xBDD7,0xBDF7,0xBDF7,
  0xBDD7,0xBDF7,0x9CF3,0xAD96,0xF7FF,0xE7DF,0xEFDF,0xEFDF,0xEFFF,0xE7DF,0xEFDF,0xE7FF,0xE7DF,0xEFDF,0xD79F,0xBF5F,
  0xC77F,0xC77F,0xC77F,0xE7BF,0xF7FF,0xE7BE,0xE7BF,0xEFFF,0xEFFF,0xEFDF,0xEFDF,0xEFFF,0xE7DF,0xEFDF,0xE7DF,0xEFDF,
  0xE7DF,0xEFDF,0xEFFF,0xE7DF,0xE7DF,0xEFDF,0xEFDF,0xE7DF,0xEFDF,0xE7DF,0xEFDF,0xEFDF,0xEFDF,0xEFDF,0xEFDF,0xE7DF,
  0xEFDF,0xEFDF,0xEFFF,0xE7DF,0xEFDF,0xEFFF,0xEFDF,0xEFDF,0xE7DF,0xEFDF,0xEFFF,0xEFFF,0xE7DF,0xEFFF,0xEFDF,0xE7DF,
  0xEFFF,0xEFDF,0xE7DF,0xEFDF,0xEFFF,0xEFDF,0xE7DF,0xE7DF,0xEFDF,0xE7DF,0xEFDF,0xEFDF,0xEFFF,0xE7BF,0xE7DF,0xE7DF,
  0xE7BF,0xE7DF,0xE7BF,0xEFDF,0xEFDF,0xE7DF,0xEFFF,0xEFDF,0xE7DF,0xEFDF,0xE7DF,0xEFFF,0xE7DF,0xE7DF,0xEFFF,0xE7DF,
  0xEFDF,0xEFDF,0xE7DF,0xE7DF,0xE7DF,0xE7DF,0xE7DF,0xE7DF,0xEFDF,0xEFFF,0xE7DF,0xE7BF,0xE7DF,0xEFDF,0xE7FF,0xE7DF,
  0xE7DF,0xE7DF,0xE7DF,0xE7DF,0xE7DF,0xEFDF,0xE7DF,0xE7DF,0xEFDF,0xE7DF,0xE7DF,0xEFFF,0xE7DF,0xEFDF,0xE7DF,0xE7DF,
  0xE7DF,0xEFDF,0xE7DF,0xEFDF,0xEFDF,0xE7DF,0xEFDF,0xE7DF,0xE7DF,0xE7DF,0xEFFF,0xEFDF,0xE7DF,0xEFDF,0xEFDF,0xE7DF,
  0xE7DF,0xE7DF,0xEFDF,0xEFFF,0xEFDF,0xEFDF,0xEFDF,0xEFFF,0xE7DF,0xEFDF,0xE7DF,0xEFFF,0xE7DF,0xEFDF,0xEFDF,0xE7DF,
  0xE7DF,0xEFFF,0xEFDF,0xEFDF,0xEFDF,0xE7DF,0xEFFF,0xE7DF,0xEFFF,0xEFFF,0xE7DF,0xEFDF,0xEFDF,0xEFDF,0xEFDF,0xEFFF,
  0xE7DF,0xEFDF,0xEFDF,0xEFFF,0xEFDF,0xEFFF,0xEFFF,0xEFDF,0xEFFF,0xEFDF,0xEFDF,0xEFDF,0xEFDF,0xEFFF,0xEFFF,0xEFDF,
  0xEFDF,0xEFDF,0xEFDF,0xEFFF,0xEFDF,0xEFFF,0xEFDF,0xEFDF,0xEFDF,0xEFDF,0xE7BF,0xF7FF,0xF7DF,0xCF3C,0xBEDC,0xBEDC,
  0xBEDC,0xC73D,0xEFFF,0xEFDF,0xEFDF,0xEFFF,0xEFDF,0xEFDF,0xEFFF,0xEFFF,0xEFFF,0xE7DF,0xFFFF,0xA555,0x428E,0x5312,
  0x52F1,0x1927,0x7C10,0xD6DA,0xE75D,0xEF7E,0xEF9E,0xEF9E,0xEFBE,0xEFBE,0xEF9E,0xE73C,0xCE59,0x5AED,0x428F,0x3A2C,
  0x9D34,0xF7FF,0xE7DF,0xEFDF,0xEFFF,0xE7DF,0xEFDF,0xEFFF,0xEFFF,0xEFDF,0xEFDF,0xE7DF,0xEFDF,0xE7DF,0xEFFF,0xEFDF,
  0xE7DF,0xEFDF,0xE7DF,0xEFDF,0xE7DF,0xEFFF,0xE7DF,0xE7DF,0xE7DF,0xE7BF,0xF7FF,0x9D14,0x3A6F,0x2A0E,0x3A4F,0xB5DB,
  0xA559,0x4AD0,0x4290,0x4AD0,0x73B0,0xFFFF,0xE7BF,0xEFFF,0xEFDF,0xEFDF,0xEFFF,0xEFDF,0xE7FF,0xEFBE,0xADB7,0xFFDF,
  0xFFFF,0xFFFF,0xFFFF,0xFFFF,0xFFFF,0xFFFF,0xFFFF,0xFFFF,0xFFFF,0xFFFF,0xFFFF,0xFFFF,0xFFFF,0xFFFF,0xFFFF,0xFFFF,
  0xFFFF,0xFFFF,0xFFFF,0xFFFF,0xFFFF,0xFFFF,0xFFFF,0xFFFF,0xFFFF,0xFFFF,0xFFFF,0xFFFF,0xFFFF,0xFFFF,0xFFFF,0xFFFF,
  0xFFFF,0xFFFF,0xFFFF,0xC659,0xBE18,0xF7FF,0xE7DF,0xEFDF,0xEFDF,0xEFDF,0xE7DF,0xE7DF,0xE7DF,0xEFFF,0xCF9F,0xBF5F,
  0xCF7F,0xCF9F,0xC77F,0xE7DF,0xF7FF,0xE7DF,0xE7DF,0xEFFF,0xEFDF,0xEFFF,0xE7FF,0xEFFF,0xE7DF,0xEFDF,0xE7DF,0xEFDF,
  0xEFDF,0xE7DF,0xE7DF,0xEFDF,0xEFDF,0xEFFF,0xEFDF,0xEFDF,0xE7DF,0xEFDF,0xEFDF,0xEFFF,0xEFDF,0xEFDF,0xEFDF,0xEFFF,
  0xEFDF,0xE7DF,0xEFDF,0xE7DF,0xE7DF,0xE7DF,0xE7DF,0xEFDF,0xEFDF,0xEFDF,0xEFDF,0xEFFF,0xEFDF,0xEFDF,0xE7DF,0xEFDF,
  0xEFDF,0xEFDF,0xE7DF,0xE7DF,0xEFDF,0xE7DF,0xE7DF,0xEFFF,0xE7DF,0xEFDF,0xE7DF,0xEFFF,0xE7FF,0xE7DF,0xEFDF,0xEFDF,
  0xE7BF,0xE7BF,0xE7BF,0xEFFF,0xEFFF,0xEFDF,0xE7DF,0xEFDF,0xE7BF,0xE7BF,0xE7BF,0xE7DF,0xE7DF,0xEFDF,0xE7DF,0xE7DF,
  0xEFFF,0xEFDF,0xE7DF,0xE7BF,0xE7BF,0xE7BF,0xEFFF,0xE7DF,0xEFDF,0xE7DF,0xE7DF,0xE7DF,0xE7DF,0xE7DF,0xEFFF,0xE7DF,
  0xE7BF,0xE7DF,0xEFDF,0xE7DF,0xE7DF,0xEFDF,0xEFDF,0xEFDF,0xE7DF,0xE7DF,0xE7BF,0xE7DF,0xEFDF,0xE7DF,0xE7DF,0xE7DF,
  0xE7DF,0xE7BF,0xE7DF,0xE7DF,0xEFDF,0xE7DF,0xE7DF,0xE7DF,0xEFDF,0xE7DF,0xE7DF,0xEFDF,0xE7DF,0xE7DF,0xE7DF,0xEFDF,
  0xEFDF,0xE7DF,0xE7DF,0xE7DF,0xEFDF,0xEFDF,0xEFFF,0xE7DF,0xEFFF,0xE7DF,0xEFDF,0xE7FF,0xEFDF,0xEFFF,0xE7DF,0xE7DF,
  0xEFFF,0xEFDF,0xEFFF,0xEFDF,0xEFDF,0xEFFF,0xEFDF,0xE7DF,0xEFDF,0xEFDF,0xEFFF,0xEFFF,0xEFFF,0xEFDF,0xEFDF,0xEFDF,
  0xEFDF,0xEFDF,0xEFDF,0xE7DF,0xEFDF,0xEFDF,0xEFDF,0xEFDF,0xEFDF,0xEFDF,0xEFFF,0xEFDF,0xEFDF,0xEFFF,0xEFDF,0xEFDF,
  0xEFDF,0xEFDF,0xEFDF,0xEFDF,0xEFDF,0xEFDF,0xEFDF,0xEFFF,0xEFFF,0xEFDF,0xE7BF,0xF7FF,0xF7DF,0xCF1C,0xB6BB,0xBEDC,
  0xBEDC,0xCF3D,0xEFFF,0xEFDF,0xEFDF,0xEFDF,0xEFFF,0xEFDF,0xEFDF,0xEFDF,0xEFFF,0xEFDF,0xEFDF,0xF7DE,0x5B2E,0x4AB0,
  0x5312,0x4AF1,0x31EC,0x31CA,0x632F,0x634F,0x636F,0x6B6F,0x636F,0x634E,0x634F,0x52AC,0x2169,0x4AD0,0x5B52,0x5B0D,
  0xF7DF,0xE7DF,0xEFFF,0xE7DF,0xEFFF,0xEFDF,0xEFDF,0xEFDF,0xEFDF,0xEFDF,0xEFDF,0xEFDF,0xEFDF,0xE7DF,0xEFDF,0xEFFF,
  0xE7DF,0xEFDF,0xEFDF,0xEFFF,0xE7DF,0xEFFF,0xEFDF,0xEFFF,0xEFFF,0xE7DF,0xF7FF,0x9D15,0x428F,0x320E,0x3A4F,0xB5DA,
  0xA559,0x52F0,0x4AB0,0x4AD1,0x73B0,0xFFFF,0xE7DF,0xEFFF,0xEFFF,0xEFDF,0xEFDF,0xEFDF,0xF7FF,0xCEBB,0xCE9A,0xFFFF,
  0xFFBE,0xFFBE,0xFFFF,0xFFBE,0xC5F8,0xBDF7,0xF77D,0xFFFF,0xFFBE,0xFFDF,0xFFDF,0xFFDF,0xFFBF,0xFFFF,0xEF1B,0xFFBE,
  0xFFDF,0xFFDF,0xFFDF,0xFFBF,0xFFFF,0xEF5D,0xE6FB,0xFFDF,0xFFBE,0xFFFF,0xEF3C,0xDEBA,0xFFFF,0xD67A,0xC638,0xC618,
  0xC617,0xF77D,0xFFFF,0xFFFF,0xB5B6,0xEFDF,0xEFFF,0xEFDF,0xEFFF,0xEFFF,0xEFFF,0xE7FF,0xE7DF,0xEFFF,0xCF9F,0xBF5E,
  0xC77F,0xCF9F,0xC77F,0xE7DF,0xF7FF,0xE7BF,0xEFFF,0xEFDF,0xEFDF,0xEFDF,0xEFDF,0xEFFF,0xEFFF,0xEFDF,0xEFDF,0xEFDF,
  0xEFDF,0xEFDF,0xE7DF,0xE7DF,0xEFDF,0xEFDF,0xEFDF,0xEFDF,0xEFDF,0xEFDF,0xEFDF,0xEFDF,0xEFDF,0xEFDF,0xEFDF,0xEFFF,
  0xEFDF,0xEFDF,0xEFDF,0xEFFF,0xE7DF,0xE7DF,0xE7DF,0xE7DF,0xE7DF,0xE7DF,0xE7DF,0xE7DF,0xE7DF,0xE7DF,0xEFDF,0xEFFF,
  0xEFDF,0xEFDF,0xEFDF,0xEFDF,0xE7DF,0xEFDF,0xE7DF,0xEFFF,0xE7DF,0xEFDF,0xEFFF,0xE7FF,0xEFFF,0xE7DF,0xE7DF,0xEFDF,
  0xE7DF,0xE7DF,0xEFFF,0xE7DF,0xEFFF,0xE7DF,0xEFDF,0xE7FF,0xFFFF,0xFFFF,0xFFFF,0xEFFF,0xE7DF,0xE7DF,0xF7FF,0xEFFF,
  0xE7DF,0xEFFF,0xEFFF,0xFFFF,0xFFFF,0xFFFF,0xE7DF,0xE7DF,0xEFDF,0xEFFF,0xF7FF,0xE7DF,0xE7DF,0xEFDF,0xE7DF,0xF7FF,
  0xFFFF,0xF7FF,0xE7DF,0xEFFF,0xEFFF,0xE7DF,0xEFDF,0xEFFF,0xE7DF,0xEFFF,0xEFFF,0xE7DF,0xEFDF,0xEFFF,0xE7DF,0xF7FF,
  0xF7FF,0xEFFF,0xF7FF,0xEFFF,0xE7DF,0xEFFF,0xF7FF,0xF7FF,0xE7FF,0xE7DF,0xEFDF,0xE7DF,0xE7DF,0xE7DF,0xEFFF,0xE7DF,
  0xEFFF,0xEFDF,0xEFFF,0xEFFF,0xE7DF,0xE7DF,0xEFFF,0xEFDF,0xEFFF,0xEFDF,0xE7DF,0xEFDF,0xEFDF,0xEFFF,0xEFFF,0xE7DF,
  0xEFDF,0xEFDF,0xEFFF,0xEFDF,0xE7DF,0xE7DF,0xEFFF,0xEFFF,0xEFFF,0xEFFF,0xEFDF,0xEFDF,0xEFDF,0xEFDF,0xEFFF,0xEFDF,
  0xEFFF,0xEFDF,0xE7DF,0xE7DF,0xE7DF,0xEFDF,0xEFDF,0xEFDF,0xEFFF,0xEFFF,0xEFDF,0xEFFF,0xEFFF,0xEFFF,0xE7DF,0xEFDF,
  0xEFDF,0xEFDF,0xEFDF,0xEFDF,0xEFFF,0xEFDF,0xEFDF,0xEFDF,0xEFDF,0xEFFF,0xE7BF,0xF7FF,0xF7DF,0xCF1C,0xBEDC,0xBEDC,
  0xB6BB,0xCF3D,0xEFFF,0xEFDF,0xEFFF,0xEFDF,0xEFFF,0xEFDF,0xEFDF,0xEFFF,0xEFDF,0xEFFF,0xEFDF,0xEFFF,0xEF7D,0x5B0D,
  0x320C,0x4AD1,0x5332,0x4AF2,0x42B1,0x42B1,0x42D1,0x4290,0x3A8F,0x4290,0x3A6F,0x42B1,0x4AD1,0x4AAF,0x5B4E,0xEF7D,
  0xEFFF,0xE7DF,0xEFDF,0xE7DF,0xEFDF,0xEFDF,0xEFDF,0xE7DF,0xE7DF,0xEFDF,0xEFDF,0xE7DF,0xE7DF,0xE7DF,0xE7DF,0xE7DF,
  0xEFFF,0xE7DF,0xE7DF,0xEFDF,0xEFFF,0xE7DF,0xE7DF,0xE7DF,0xEFDF,0xE7BF,0xF7FF,0x9D14,0x3A4F,0x322E,0x3A4E,0xADBA,
  0xA559,0x52F0,0x428F,0x52F1,0x73B0,0xFFFF,0xE7DF,0xEFFF,0xE7DF,0xE7DF,0xEFFF,0xE7DF,0xEFFF,0xCEBB,0xD6DB,0xFFFF,
  0xFFDF,0xFFFF,0xAD55,0x18A2,0x18A2,0x18C3,0x18A2,0x9C91,0xFFFF,0xFFDF,0xFFDF,0xFFDF,0xFFFF,0xBDF7,0x1861,0xC5F7,
  0xFFFF,0xFFDF,0xFFBE,0xFFDF,0xEF7D,0x3186,0x4A28,0xFFFF,0xFFDF,0xF79E,0x3166,0x3186,0xF7DF,0x3165,0x0000,0x1082,
  0x1082,0xC638,0xFFFF,0xFFBE,0xC618,0xEFDF,0xEFFF,0xEFDF,0xEFFF,0xEFFF,0xEFFF,0xE7DF,0xE7DF,0xEFFF,0xD79F,0xBF5F,
  0xC77F,0xC77F,0xBF5F,0xEFDF,0xF7FF,0xE7BF,0xE7DF,0xEFFF,0xEFFF,0xEFDF,0xE7DF,0xE7DF,0xE7DF,0xE7FF,0xEFFF,0xE7FF,
  0xE7DF,0xE7FF,0xE7FF,0xE7DF,0xE7DF,0xE7DF,0xE7DF,0xE7DF,0xE7DF,0xE7BF,0xE7DF,0xE7DF,0xE7DF,0xE7DF,0xE7BF,0xE7DF,
  0xE7BF,0xE7BF,0xE7DF,0xE7DF,0xE7BF,0xE7BF,0xE7BF,0xE7BF,0xE7BF,0xE7DF,0xE7BF,0xE7BF,0xE7DF,0xE7BF,0xE7BF,0xE7BF,
  0xE7BF,0xE7BF,0xE7BF,0xE7BF,0xE7BF,0xE7BF,0xE7BF,0xE7BF,0xE7BF,0xE7BF,0xE7DF,0xE7BF,0xE7BF,0xE7DF,0xE7BF,0xE7BF,
  0xE7BE,0xE7BF,0xE7BF,0xE7BF,0xE7BF,0xE7BF,0xE7DF,0xEFDF,0x9CF3,0x7BAE,0x7BCF,0xD6DB,0xEFFF,0xF7FF,0xB5B6,0xD6FB,
  0xEFFF,0xEFFF,0xE75D,0x8C92,0x8C71,0xA534,0xF7FF,0xE7DF,0xEFFF,0xE79E,0xAD75,0xEFFF,0xE7DF,0xE7DF,0xF7FF,0xBDF8,
  0x8C71,0xC679,0xFFFF,0xE77D,0xD6BA,0xEFDF,0xEFFF,0xDEFB,0xE7BE,0xE77E,0xDF5D,0xEFFF,0xEFDF,0xDF3C,0xEFFF,0xCE9A,
  0xC638,0xD6BA,0xC638,0xDF3C,0xF7FF,0xD6BA,0xBE38,0xC638,0xE79E,0xEFDF,0xEFDF,0xE7BF,0xE7BF,0xE7DF,0xE7DF,0xE7BF,
  0xE7BF,0xE7DF,0xE7DF,0xE7DF,0xE7BF,0xE7DF,0xE7DF,0xE7DF,0xE7DF,0xE7DF,0xE7DF,0xE7DF,0xE7DF,0xEFDF,0xE7BF,0xE7DF,
  0xE7DF,0xE7DF,0xE7DF,0xE7DF,0xE7DF,0xE7DF,0xE7DF,0xE7DF,0xE7DF,0xE7DF,0xE7DF,0xE7DF,0xE7DF,0xE7DF,0xE7DF,0xEFDF,
  0xE7DF,0xEFDF,0xE7DF,0xE7DF,0xE7DF,0xE7DF,0xEFDF,0xEFDF,0xEFDF,0xEFDF,0xEFDF,0xEFDF,0xEFDF,0xE7DF,0xEFDF,0xE7DF,
  0xE7DF,0xEFDF,0xEFDF,0xEFDF,0xEFFF,0xEFDF,0xEFDF,0xEFFF,0xEFDF,0xEFFF,0xEFDF,0xF7FF,0xF7DF,0xCEFC,0xBEDC,0xC71D,
  0xB69B,0xCF3D,0xF7FF,0xEFDF,0xEFDF,0xEFDF,0xEFDF,0xEFDF,0xEFDF,0xEFDF,0xEFFF,0xEFDF,0xE7DF,0xEFDF,0xF7FF,0xF7FF,
  0x94D3,0x4A8C,0x3A2C,0x29AB,0x31CB,0x31EC,0x29AB,0x31EC,0x29CB,0x298A,0x218A,0x3A2C,0x424B,0x8C92,0xEFDF,0xEFFF,
  0xE7DF,0xEFFF,0xEFFF,0xEFFF,0xEFDF,0xE7DF,0xEFDF,0xEFFF,0xEFFF,0xEFFF,0xE7DF,0xEFFF,0xEFFF,0xEFFF,0xEFFF,0xE7DF,
  0xEFFF,0xE7DF,0xEFDF,0xEFFF,0xE7DF,0xEFDF,0xEFFF,0xEFDF,0xEFFF,0xE7BF,0xF7FF,0x9CF4,0x3A4F,0x322E,0x322E,0xAD9A,
  0xA559,0x52D0,0x4A8F,0x4AD1,0x6B90,0xFFFF,0xE7DF,0xE7DF,0xEFDF,0xE7DF,0xEFFF,0xE7DF,0xEFFF,0xCEBB,0xDEDB,0xFFFF,
  0xFFFF,0xBDF7,0x0820,0x9CD3,0xF7BE,0xFFFF,0xAD76,0x1082,0x9CB2,0xFFFF,0xFFBE,0xFFDF,0xF79E,0x39C7,0x1082,0xB5B6,
  0xFFFF,0xFFDF,0xF7BE,0xFFFF,0x736D,0x1082,0x4228,0xFFFF,0xFFFF,0x738E,0x1061,0x39E7,0xFFFF,0x3165,0x83EF,0xEF5D,
  0xEF3C,0xFFDF,0xFFFF,0xFFFF,0xBDF8,0xEFDF,0xEFFF,0xE7BF,0xE7DF,0xEFFF,0xEFFF,0xE7DF,0xE7DF,0xE7DF,0xCF9F,0xBF7F,
  0xC77F,0xCF9F,0xBF5E,0xEFDF,0xF7FF,0xE79F,0xEFDF,0xEFDF,0xEFFF,0xE7DF,0xF7FF,0xFFFF,0xF7FF,0xEFFF,0xEFDF,0xEFDF,
  0xEFDF,0xF7FF,0xF7FF,0xF7FF,0xFFFF,0xFFFF,0xFFFF,0xFFFF,0xFFFF,0xFFFF,0xFFFF,0xFFFF,0xFFFF,0xFFFF,0xFFFF,0xFFFF,
  0xFFFF,0xFFFF,0xFFFF,0xFFFF,0xFFFF,0xFFFF,0xFFFF,0xFFFF,0xFFFF,0xFFFF,0xFFFF,0xFFFF,0xFFFF,0xFFFF,0xFFFF,0xFFFF,
  0xFFFF,0xFFFF,0xFFFF,0xFFFF,0xFFFF,0xFFFF,0xFFFF,0xFFFF,0xFFFF,0xFFFF,0xFFFF,0xFFFF,0xFFFF,0xFFFF,0xFFFF,0xFFFF,
  0xFFFF,0xFFFF,0xFFFF,0xFFFF,0xFFFF,0xF7FF,0xEFFF,0xDF3C,0x2145,0xB5B6,0xAD75,0x4208,0xEFBE,0xD6FB,0x1082,0x52AA,
  0xF7FF,0xFFFF,0x8471,0x4A69,0x94D3,0x5B0C,0x7BCF,0xF7FF,0xF7FF,0x8C51,0x0020,0xB5D7,0xF7FF,0xFFFF,0x7BF0,0x4229,
  0x8C51,0x3A08,0xB5B6,0xC679,0x528A,0xFFFF,0xF7FF,0x52AA,0xCEBA,0xA575,0x73AE,0xFFFF,0xE79E,0x4A8A,0xE77D,0x94B2,
  0x52AA,0x18C3,0x630C,0xBDF7,0xCE9A,0x2145,0x6B4D,0x634D,0xD6FB,0xEFFF,0xF7FF,0xFFFF,0xF7FF,0xFFFF,0xF7FF,0xF7FF,
  0xF7FF,0xF7FF,0xF7FF,0xF7FF,0xF7FF,0xF7FF,0xF7FF,0xF7FF,0xF7FF,0xF7FF,0xF7FF,0xF7FF,0xF7FF,0xF7FF,0xF7FF,0xF7FF,
  0xF7FF,0xF7FF,0xF7FF,0xF7FF,0xF7FF,0xE7FF,0xEFFF,0xEFFF,0xEFFF,0xEFFF,0xEFFF,0xEFFF,0xEFFF,0xEFFF,0xEFFF,0xEFFF,
  0xEFFF,0xEFFF,0xEFFF,0xEFFF,0xEFFF,0xEFFF,0xEFFF,0xEFFF,0xEFFF,0xEFFF,0xEFFF,0xEFFF,0xEFFF,0xEFFF,0xEFFF,0xEFFF,
  0xEFFF,0xEFFF,0xEFFF,0xEFDF,0xE7BF,0xEFDF,0xEFDF,0xEFDF,0xEFDF,0xEFDF,0xEFDF,0xF7FF,0xF7DF,0xC6FC,0xBEDC,0xC71C,
  0xAE9B,0xCF3D,0xEFFF,0xEFDF,0xEFFF,0xEFDF,0xEFDF,0xEFDF,0xEFDF,0xEFDF,0xEFFF,0xEFDF,0xE7BF,0xEFDF,0xEFDF,0xEFFF,
  0xFFFF,0xF7DF,0xC659,0xADB7,0x9D76,0x9514,0x9514,0x9514,0xADD7,0xB5D7,0xBDF7,0xCE9A,0xEFDF,0xFFFF,0xEFFF,0xE7DF,
  0xEFFF,0xEFDF,0xE7FF,0xEFFF,0xEFDF,0xEFFF,0xEFFF,0xEFFF,0xEFFF,0xE7DF,0xF7FF,0xEFBF,0xDF5D,0xE77D,0xF7FF,0xEFFF,
  0xEFDF,0xEFFF,0xEFFF,0xE7DF,0xEFDF,0xEFFF,0xE7DF,0xEFDF,0xEFFF,0xE7BF,0xF7FF,0x9D14,0x4AAF,0x2A0E,0x322E,0xAD79,
  0x9D38,0x52F0,0x4A8F,0x4AB0,0x6B90,0xFFFF,0xE7BF,0xE7DF,0xEFDF,0xE7DF,0xEFFF,0xE7DF,0xEFFF,0xCEBB,0xD6DB,0xFFFF,
  0xFFFF,0x31A6,0x9472,0xFFFF,0xFFDF,0xFFFF,0xFFFF,0xE75D,0xCE59,0xFFFF,0xFFBE,0xFFFF,0x6B4D,0x18C3,0x2104,0xB596,
  0xFFFF,0xF79E,0xFFFF,0xBDD7,0x0861,0x2924,0x39A7,0xFFFF,0xB5B6,0x0820,0x2924,0x3186,0xFFFF,0x2925,0x9CD3,0xFFFF,
  0xFFFF,0xFFFF,0xFFFF,0xFFDF,0xBE18,0xEFDF,0xEFFF,0xE7DF,0xEFDF,0xEFFF,0xEFDF,0xE7DF,0xE7DF,0xEFDF,0xCF9F,0xBF7F,
  0xC77F,0xC77F,0xBF5E,0xEFDF,0xEFFF,0xE7BF,0xE7BF,0xE7DF,0xE7DF,0xF7FF,0xCE9A,0x6B4D,0x39C7,0x3186,0x2945,0x2945,
  0x3185,0x3186,0x3186,0x39E7,0x39E7,0x4228,0x4208,0x4228,0x4228,0x4A28,0x4228,0x4228,0x4228,0x4229,0x4228,0x4228,
  0x4228,0x4228,0x4228,0x4208,0x4228,0x4228,0x4208,0x4208,0x4228,0x4228,0x4228,0x4208,0x4A48,0x4208,0x4208,0x4228,
  0x4228,0x4A49,0x4A28,0x4A29,0x4A49,0x4A69,0x4A69,0x4A69,0x5289,0x5289,0x4A69,0x4A69,0x528A,0x5ACB,0x5ACA,0x5AAA,
  0x630C,0x5AAA,0x6B4C,0x630C,0x528A,0x8410,0xFFFF,0xCEDB,0x4249,0xDF1C,0xCE9A,0x2124,0xEFBE,0x73CF,0xB5D7,0x6B4D,
  0xC659,0xFFFF,0x73F0,0x8451,0xEF7D,0xA534,0x4A8A,0xFFFF,0xDF5D,0x5B0C,0xBE38,0x5B0C,0xFFFF,0xD71C,0x4229,0xF7FF,
  0xFFFF,0xE79E,0xD6FB,0xCEBA,0x4A69,0xE73C,0xE75D,0x4249,0xCEFB,0xAD75,0x7BEF,0xFFFF,0xE77E,0x528A,0xDF5D,0xFFFF,
  0xE77D,0x52AA,0xFFFF,0xFFFF,0xA555,0x630C,0xFFFF,0xF7FF,0xEFFF,0xEFFF,0xBE18,0xAD55,0xADB6,0xAD95,0xAD75,0xAD96,
  0xB5B6,0xB5D6,0xB5D6,0xBDF7,0xB5B6,0xB5D7,0xB5F7,0xBE38,0xC659,0xBE38,0xC659,0xC679,0xC679,0xC679,0xC679,0xBE38,
  0xCE79,0xC679,0xC69A,0xC679,0xCE9A,0xD6DB,0xCE9A,0xCE9A,0xCEBA,0xD6DA,0xD6DA,0xD6DB,0xD6DB,0xD6DB,0xD6BA,0xD6FB,
  0xDEFB,0xDF3C,0xD6DB,0xDEFB,0xDF1C,0xDF1C,0xE73C,0xE75D,0xE73C,0xE75D,0xE75D,0xE77D,0xE77D,0xE73C,0xDF3C,0xDF3C,
  0xDF1C,0xD6FB,0xE75D,0xEFDF,0xFFFF,0xEFFF,0xE7DF,0xEFFF,0xEFDF,0xEFDF,0xEFDF,0xF7FF,0xF7DF,0xCEFC,0xBEDC,0xC6FC,
  0xB6BB,0xCF5E,0xF7FF,0xEFDF,0xEFFF,0xEFDF,0xEFFF,0xEFDF,0xEFDF,0xEFFF,0xEFDF,0xEFDF,0xEFFF,0xEFDF,0xE7BF,0xE7DF,
  0xE7DF,0xEFDF,0xF7FF,0xFFFF,0xFFFF,0xFFFF,0xFFFF,0xFFFF,0xF7FF,0xFFFF,0xF7FF,0xF7FF,0xE7DF,0xDF7E,0xE7DF,0xE7DF,
  0xE7DF,0xE7BF,0xEFFF,0xEFFF,0xEFDF,0xEFDF,0xEFFF,0xEFFF,0xEFFF,0xF7FF,0xDF1C,0xC65A,0xC67A,0xB5F8,0xB5F8,0xF7DF,
  0xEFDF,0xEFFF,0xEFFF,0xEFDF,0xEFDF,0xEFDF,0xE7FF,0xE7DF,0xEFFF,0xE7DF,0xEFFF,0x9D14,0x428E,0x320E,0x322E,0xAD99,
  0xA559,0x5B31,0x428F,0x4AB0,0x7390,0xFFFF,0xE7DF,0xEFDF,0xEFDF,0xEFDF,0xEFFF,0xE7DF,0xF7FF,0xC6BB,0xD6BA,0xFFFF,
  0xEF5D,0x2965,0xEF7D,0xFFDF,0xFFDF,0xF77D,0xE6FB,0xF75C,0xF79D,0xFFBE,0xFFFF,0xB5B6,0x0861,0xDEFB,0x3186,0xA514,
  0xFFFF,0xFFDF,0xF79E,0x18C3,0x8C51,0x94D3,0x2945,0xEF5D,0x1061,0x7BEF,0xAD75,0x20E3,0xFFFF,0x4A28,0x3165,0x5ACB,
  0x528A,0xD679,0xFFFF,0xFFDF,0xBE18,0xEFDF,0xEFFF,0xEFFF,0xEFFF,0xE7DF,0xE7DF,0xE7DF,0xE7DF,0xEFFF,0xD79F,0xBF5F,
  0xC77F,0xC77F,0xBF5E,0xEFDF,0xF7FF,0xE7DF,0xEFDF,0xE7BF,0xFFFF,0xAD76,0x0000,0x2124,0x5B2D,0x6BAE,0x73AE,0x73CF,
  0x73AF,0x6BAE,0x6BAE,0x6BAE,0x638E,0x6B8E,0x636E,0x636D,0x636E,0x636D,0x636D,0x6B6D,0x634D,0x5B2D,0x634D,0x632D,
  0x634D,0x6B6D,0x636D,0x634D,0x632C,0x6B6D,0x632C,0x5AEB,0x630C,0x5B0C,0x4A8A,0x52CB,0x52EB,0x632C,0x52EB,0x4AAA,
  0x4A8A,0x52CB,0x4AAB,0x4A6A,0x52AB,0x4A6A,0x3A29,0x4249,0x3A08,0x31C7,0x4229,0x3A29,0x4229,0x3A29,0x3A09,0x4249,
  0x31E8,0x31A7,0x31C8,0x31C8,0x31A7,0x634D,0xFFFF,0xD71C,0x2165,0x5B2D,0x52EC,0xB5D7,0xF7DF,0x2124,0xC638,0x632C,
  0x7BEF,0xFFFF,0x73EF,0x31C7,0x4A69,0x0882,0xDF3C,0xFFFF,0xA555,0x4A69,0xD6BA,0x2965,0xE77D,0xC659,0x52EC,0xFFFF,
  0xDF9E,0xEFFF,0xFFFF,0xC679,0x18E3,0x52AA,0x528A,0x10C3,0xDF3D,0xA555,0x8430,0xFFDF,0xDF7E,0x4A8A,0xDF3D,0xEFFF,
  0xCEBA,0x4A69,0xEFDF,0xF7FF,0xB5D7,0x18E3,0x4A69,0x4A8A,0xDF5D,0xFFFF,0x4208,0x0021,0x10A3,0x0861,0x0000,0x0021,
  0x0000,0x0020,0x0000,0x0000,0x0000,0x0000,0x0020,0x0841,0x0841,0x0040,0x0841,0x0041,0x0041,0x0041,0x0861,0x0021,
  0x0041,0x0041,0x0041,0x0041,0x0841,0x0841,0x0041,0x0841,0x0861,0x0861,0x0841,0x0861,0x0861,0x1061,0x1081,0x1082,
  0x1082,0x1082,0x0861,0x18A2,0x1081,0x1082,0x18E3,0x18A2,0x10A2,0x18C3,0x1082,0x1082,0x10A2,0x1082,0x1082,0x1082,
  0x10A2,0x18C3,0x18C3,0x10A2,0x5AEB,0xDF1C,0xFFFF,0xE7DF,0xEFDF,0xEFDF,0xEFDF,0xF7FF,0xF7FF,0xC6FC,0xBEDC,0xC6FC,
  0xB69B,0xCF5D,0xEFFF,0xEFDF,0xEFFF,0xEFDF,0xEFFF,0xEFDF,0xEFDF,0xEFDF,0xEFDF,0xEFFF,0xE7DF,0xF7FF,0xFFFF,0xF7FF,
  0xEFDF,0xEFFF,0xF7FF,0xE7DF,0xEFFF,0xF7FF,0xE7BF,0xEFFF,0xEFFF,0xE7DF,0xF7FF,0xEFFF,0xEFFF,0xEFDF,0xEFFF,0xE7DF,
  0xF7FF,0xFFFF,0xE7DF,0xE7DF,0xEFFF,0xEFDF,0xEFDF,0xE7DF,0xEFFF,0xDF3C,0xCEBB,0xB5D8,0x8CD4,0xDF3D,0xC67A,0xB5F8,
  0xF7FF,0xE7DF,0xEFFF,0xEFDF,0xE7FF,0xEFFF,0xEFDF,0xE7DF,0xE7DF,0xE7BF,0xF7FF,0x94F4,0x428F,0x322E,0x3A2E,0xA559,
  0x9D38,0x5B31,0x426F,0x4AD1,0x6B90,0xFFFF,0xE7BF,0xEFFF,0xEFDF,0xE7DF,0xEFDF,0xE7DF,0xF7FF,0xCEBB,0xD6BB,0xFFFF,
  0xEF5D,0x2965,0xEF7D,0xFFDF,0xFFFF,0x528A,0x0800,0x20E3,0x20C3,0xD69A,0xFFDF,0x20E3,0x738E,0xEF5D,0x2104,0xA4F3,
  0xFFFF,0xFFFF,0x6B2D,0x2124,0xFFFF,0x9CF3,0x20E3,0x39C7,0x2965,0xFFFF,0xB5B6,0x18C3,0xFFFF,0x4A49,0x2124,0x52AA,
  0x4A8A,0xCE59,0xFFFF,0xFFBE,0xBE18,0xEFDF,0xEFFF,0xEFFF,0xE7FF,0xEFDF,0xE7DF,0xE7DF,0xE7DF,0xEFFF,0xCF9F,0xC77F,
  0xC77F,0xC77F,0xC75F,0xEFDF,0xF7FF,0xE7BF,0xE7DF,0xF7FF,0xC67A,0x0041,0x8430,0xFFFF,0xFFFF,0xFFFF,0xFFFF,0xFFFF,
  0xFFFF,0xFFFF,0xFFFF,0xFFFF,0xFFFF,0xFFFF,0xFFFF,0xFFFF,0xFFFF,0xFFFF,0xFFFF,0xFFFF,0xFFFF,0xFFFF,0xFFFF,0xFFFF,
  0xFFFF,0xFFFF,0xFFFF,0xFFFF,0xFFFF,0xFFFF,0xFFFF,0xFFFF,0xFFFF,0xFFFF,0xFFFF,0xFFFF,0xFFFF,0xFFFF,0xFFFF,0xFFFF,
  0xFFFF,0xFFFF,0xFFFF,0xFFFF,0xFFFF,0xFFFF,0xFFFF,0xFFFF,0xFFFF,0xFFFF,0xFFFF,0xFFFF,0xFFFF,0xFFFF,0xFFFF,0xFFFF,
  0xFFFF,0xFFFF,0xFFFF,0xFFFF,0xFFFF,0xFFFF,0xEFFF,0xD6FB,0x3A28,0xF7FF,0xF7FF,0xFFFF,0xA575,0x2145,0x738E,0x52AA,
  0x31A6,0xFFFF,0x6BAE,0x9D34,0xFFFF,0x5AEC,0x9D34,0xFFFF,0x4A8A,0x4A49,0x6B4D,0x2145,0x94D3,0xEFBE,0x29A6,0xDF1C,
  0xFFFF,0xCE9A,0xBDF7,0xC659,0x52CB,0xFFFF,0xFFFF,0x5AEC,0xD6FC,0xAD75,0x632C,0xFFFF,0xE79E,0x39E8,0xE77D,0xF7FF,
  0xCEBA,0x4A69,0xEFDF,0xF7FF,0x9D34,0x6B6D,0xFFFF,0xFFFF,0xF7FF,0xEFDF,0xE77E,0xDF7E,0xE79E,0xE77E,0xDF5D,0xDF5D,
  0xDF3D,0xDF3D,0xDF3C,0xDF1C,0xDF3C,0xDF1C,0xDF1C,0xDF1C,0xDF1C,0xDF1C,0xDF1C,0xD71C,0xD6FC,0xD71C,0xD71C,0xDF1C,
  0xD71C,0xD6FC,0xD6FB,0xD6FB,0xD6FB,0xD6DB,0xD6DB,0xD6FB,0xD6FB,0xD6DB,0xD6BB,0xD6DB,0xD6DB,0xCEBB,0xCEBB,0xCEBA,
  0xCEBA,0xCEBA,0xCEBA,0xCE9A,0xCE9A,0xC69A,0xCE9A,0xCE7A,0xCEBA,0xCE9A,0xD6BA,0xCE9A,0xCE9A,0xCE79,0xCE79,0xC679,
  0xC679,0xC659,0xB5D7,0x8C51,0x3186,0x10A3,0xCE79,0xF7FF,0xE7DF,0xEFDF,0xEFDF,0xF7FF,0xF7DF,0xC6DC,0xBEBB,0xBEDC,
  0xB69B,0xCF3D,0xEFFF,0xEFDF,0xEFDF,0xE7DF,0xEFDF,0xEFFF,0xEFDF,0xEFDF,0xEFFF,0xE7DF,0xF7FF,0xCE79,0x73AE,0xB5F7,
  0xF7FF,0xDF5D,0xAD96,0xFFFF,0xDF5D,0xC618,0xF7FF,0xE75D,0xCE9A,0xF7FF,0xBE38,0xBE38,0xDEFB,0xEFFF,0xE7DF,0xFFFF,
  0xAD75,0x634D,0xFFFF,0xE7DF,0xEFFF,0xEFDF,0xE7DF,0xEFFF,0xEFFF,0xCE9B,0xEF7E,0xCEBB,0xD6FC,0xEFBE,0xEF9E,0xAD96,
  0xE77D,0xEFFF,0xE7DF,0xEFFF,0xE7FF,0xE7DF,0xE7DF,0xEFDF,0xEFDF,0xE7DF,0xF7FF,0x94D4,0x428F,0x320E,0x320E,0xA539,
  0x9D18,0x52F0,0x428F,0x4AF1,0x6BB0,0xFFFF,0xE7BF,0xEFDF,0xEFFF,0xEFDF,0xEFFF,0xE7DF,0xF7FF,0xCEDB,0xDEDB,0xFFFF,
  0xFFFF,0x4228,0x7BCF,0xFFFF,0xFFFF,0xDEFB,0xD6BA,0x738E,0x18A3,0xFFFF,0x73AE,0x0821,0x20E3,0x1082,0x1082,0xAD55,
  0xFFFF,0xBDF7,0x0020,0xCE79,0xFFFF,0xA514,0x18C3,0x1082,0xBDF7,0xFFFF,0xB596,0x18E3,0xFFFF,0x31A6,0x9CD3,0xFFFF,
  0xFFFF,0xFFFF,0xFFFF,0xFFDF,0xC638,0xEFDF,0xEFFF,0xEFDF,0xEFFF,0xE7DF,0xEFFF,0xEFFF,0xE7DF,0xEFFF,0xCF9F,0xC77F,
  0xC77F,0xCF9F,0xBF5E,0xEFDF,0xF7FF,0xE7BF,0xE7DF,0xFFFF,0x4249,0x4A8A,0xFFFF,0xEFDF,0xE7BF,0xE7BF,0xE7BF,0xE7DF,
  0xE7DF,0xE7DF,0xE7DF,0xE7DF,0xE7BF,0xE7DF,0xE7DF,0xE7BF,0xE7BF,0xE7BF,0xE7BF,0xE7BF,0xE7BF,0xE7BF,0xE7BF,0xE7BF,
  0xE7BF,0xE7BF,0xE7BF,0xE7BF,0xE7BF,0xDFBF,0xE7BF,0xE7BF,0xE7BF,0xE7BF,0xE7BF,0xE7BF,0xE7BF,0xE7BF,0xE7BF,0xE7BF,
  0xE7BF,0xE7BF,0xE7BF,0xE7BF,0xE7BF,0xE7BF,0xE7BF,0xE7BF,0xE7DF,0xE7DF,0xE7BF,0xE7BF,0xE7BF,0xE7DF,0xDFBF,0xE7BF,
  0xE7DF,0xE7BF,0xDFBF,0xE7DF,0xDFBF,0xE7BF,0xEFFF,0xD71C,0x5B0C,0xEFDF,0xDFBF,0xF7FF,0x636D,0xBE18,0xFFFF,0xFFFF,
  0x52CB,0xD6BB,0x8472,0x9D34,0xFFFF,0xDF3D,0x4A8A,0xCE9A,0x52CB,0xF7FF,0xF7FF,0xCEBA,0x4A8A,0xFFFF,0xA534,0x31A7,
  0x738E,0x31A7,0xBDF8,0xBE39,0x52AA,0xFFFF,0xEFFF,0x52CB,0xC67A,0xEF9E,0x4249,0x6B6D,0x4249,0x73CF,0xF7FF,0xEFFF,
  0xCE9A,0x4228,0xF7FF,0xF7FF,0xB5B6,0x18E3,0x73AE,0x6B8E,0xCEBB,0xEFFF,0xEFFF,0xEFFF,0xEFFF,0xEFFF,0xEFFF,0xEFFF,
  0xEFFF,0xEFFF,0xEFFF,0xEFFF,0xEFFF,0xEFFF,0xEFFF,0xEFFF,0xEFFF,0xEFFF,0xF7FF,0xF7FF,0xF7FF,0xF7FF,0xF7FF,0xEFFF,
  0xEFFF,0xF7FF,0xEFFF,0xEFFF,0xEFFF,0xF7FF,0xF7FF,0xEFFF,0xF7FF,0xEFFF,0xF7FF,0xEFFF,0xF7FF,0xF7FF,0xF7FF,0xF7FF,
  0xF7FF,0xF7FF,0xF7FF,0xEFFF,0xF7FF,0xF7FF,0xF7FF,0xF7FF,0xF7FF,0xF7FF,0xF7FF,0xF7FF,0xF7FF,0xF7FF,0xF7FF,0xF7FF,
  0xF7FF,0xF7FF,0xF7FF,0xFFFF,0xFFFF,0x5AEB,0x1904,0xEF9E,0xEFFF,0xEFDF,0xE7DF,0xF7FF,0xF7DF,0xBEDB,0xBEDB,0xBEFC,
  0xB69B,0xCF3D,0xF7FF,0xE7DF,0xEFDF,0xEFDF,0xEFDF,0xEFDF,0xEFDF,0xEFDF,0xEFDF,0xF7FF,0xDF1C,0x6B8E,0xB5B6,0xADB7,
  0xFFFF,0x8CB2,0x31C7,0xF7BE,0x9D35,0x0841,0xF7DF,0x634D,0x4228,0xD6DB,0x52CB,0xAD55,0xBE39,0xF7FF,0xE7DF,0xF7BE,
  0x634D,0x4249,0xCEBA,0xF7FF,0xE7DF,0xE7DF,0xE7DF,0xE7FF,0xEFDF,0xC659,0xEF9E,0xCE7A,0xB5F8,0xE75D,0xF7BF,0x8CB3,
  0xC69A,0xF7FF,0xEFDF,0xEFDF,0xEFDF,0xEFDF,0xEFFF,0xEFFF,0xE7FF,0xE7DF,0xF7FF,0x94F4,0x428F,0x320E,0x320E,0xA579,
  0x8C96,0x5B31,0x4AD0,0x4AB0,0x6B70,0xFFFF,0xE7DF,0xEFFF,0xEFDF,0xEFDF,0xEFDF,0xE7DF,0xF7FF,0xCEBB,0xD6DB,0xFFFF,
  0xFFFF,0xD69A,0x1082,0x83EF,0xE71C,0xF7BE,0xAD55,0x1082,0xA534,0xC618,0x0000,0xBDD7,0xCE9A,0xCE79,0x18E3,0x9CB2,
  0xF7BE,0x1082,0x7BEF,0xFFFF,0xFFFF,0xA534,0x0000,0x7BEF,0xFFFF,0xFFFF,0xBDF7,0x1061,0xFFFF,0x4A28,0x41C7,0x9CF3,
  0x94B2,0xE6FB,0xFFFF,0xFFDF,0xC638,0xEFDF,0xEFDF,0xEFDF,0xEFFF,0xE7DF,0xEFFF,0xEFDF,0xEFDF,0xEFFF,0xCF9F,0xBF7F,
  0xC77F,0xCF7F,0xBF5F,0xEFDF,0xF7FF,0xE7BF,0xEFFF,0xE75D,0x0041,0xB5B6,0xF7FF,0xE7BF,0xEFFF,0xEFDF,0xE7DF,0xEFDF,
  0xE7BF,0xE7DF,0xE7FF,0xE7FF,0xEFFF,0xE7FF,0xE7FF,0xEFFF,0xEFFF,0xE7FF,0xEFFF,0xEFFF,0xE7FF,0xEFFF,0xE7FF,0xEFFF,
  0xEFFF,0xEFFF,0xEFFF,0xE7FF,0xEFFF,0xE7FF,0xE7FF,0xEFFF,0xEFFF,0xE7FF,0xE7FF,0xE7DF,0xE7DF,0xE7FF,0xE7DF,0xEFDF,
  0xE7DF,0xE7DF,0xE7DF,0xE7DF,0xE7DF,0xEFFF,0xE7DF,0xE7DF,0xE7DF,0xE7DF,0xE7FF,0xE7DF,0xE7DF,0xE7DF,0xE7DF,0xE7DF,
  0xE7DF,0xE7DF,0xE7DF,0xE7DF,0xE7DF,0xE7DF,0xE7DF,0xEFDF,0xEFFF,0xE7DF,0xE7DF,0xE7DF,0xE79E,0xEFFF,0xDFBF,0xE7DF,
  0xE79E,0xE79E,0xEFDF,0xE7DF,0xE7DF,0xEFFF,0xE79E,0xE79E,0xDF7E,0xE7DF,0xDFBF,0xE7DF,0xD71C,0xE7BF,0xF7FF,0xD71C,
  0xADD7,0xDF5D,0xEFFF,0xDF7D,0xCEDB,0xE7DF,0xE7DF,0xCEFC,0xE79E,0xEFDF,0xE7BE,0x9D35,0xB5B7,0xF7FF,0xE7BF,0xE7DF,
  0xE79E,0xCE9A,0xE7BF,0xE7BF,0xE7BE,0xADB6,0x9D14,0x9D14,0xD71C,0xE7DF,0xE7BF,0xE7BF,0xDFBF,0xE7BF,0xE7BF,0xE7BF,
  0xE7BF,0xE7BF,0xE7BF,0xE7BE,0xE7BF,0xE7BE,0xE7BF,0xE7BF,0xDFBF,0xE7BF,0xE7BF,0xE7BF,0xDFBF,0xE7BF,0xE7BF,0xE7BF,
  0xE7BE,0xE7BF,0xE7BF,0xE7BF,0xDFBE,0xE7BF,0xDFBE,0xDF9E,0xE7BF,0xE7BE,0xE7BF,0xDFBF,0xE7BF,0xE7BF,0xE7BE,0xE7BE,
  0xE7BE,0xDF9E,0xDF9E,0xE7BE,0xE7BE,0xE7BE,0xDFBE,0xE7BE,0xE7BE,0xE7BF,0xE7BE,0xE7BE,0xE7BF,0xE7BF,0xE7BF,0xE7DF,
  0xE7BF,0xE7BF,0xE7DF,0xE7BE,0xEFFF,0xF7FF,0x10C3,0x94D3,0xFFFF,0xE7DF,0xEFDF,0xF7FF,0xF7FF,0xBEBB,0xBEDC,0xBEDC,
  0xB69B,0xCF5D,0xEFFF,0xEFDF,0xEFDF,0xEFDF,0xE7DF,0xEFDF,0xEFDF,0xEFDF,0xEFDF,0xF7FF,0xC639,0x9CF4,0xFFFF,0x73AE,
  0xEF9E,0x52CB,0x52AB,0xAD75,0xA555,0x7C10,0x5B0C,0x7C10,0x8C71,0xB5F7,0x52AB,0xD6DB,0xFFFF,0xE7BF,0xF7FF,0xC679,
  0x4A49,0x73CF,0x8451,0xFFFF,0xE7BF,0xEFFF,0xEFDF,0xE7DF,0xF7FF,0xA576,0xD6DB,0xE75D,0xCE9A,0xD6FC,0xE73D,0x52AB,
  0xEFBE,0xEFFF,0xE7DF,0xEFFF,0xE7DF,0xE7DF,0xE7DF,0xEFDF,0xEFFF,0xE7DF,0xF7FF,0x94F4,0x426F,0x320E,0x29ED,0xA539,
  0x9D18,0x5311,0x42B0,0x4AB0,0x6B70,0xFFFF,0xE7DF,0xEFDF,0xEFDF,0xEFDF,0xEFFF,0xE7DF,0xEFFF,0xD6FC,0xDEFC,0xFFFF,
  0xFFDF,0xFFFF,0xCE79,0x2966,0x1061,0x10A2,0x18C3,0x9CD3,0xFFFF,0x39E7,0x9CD3,0xFFFF,0xFFFF,0xFFFF,0x52CB,0xAD55,
  0x9492,0x4208,0xFFDF,0xFFDF,0xFFFF,0xAD96,0x4228,0xF7BE,0xFFDF,0xFFFF,0xCE59,0x4207,0xFFFF,0x738E,0x2965,0x2124,
  0x10C3,0xB596,0xFFFF,0xFFBE,0xC638,0xEFDF,0xEFDF,0xEFDF,0xEFDF,0xEFDF,0xE7DF,0xE7DF,0xE7DF,0xE7BF,0xCF9F,0xC77F,
  0xC77F,0xCF9F,0xC77F,0xEFDF,0xF7FF,0xE7DF,0xF7FF,0xDEFB,0x0041,0xC679,0xF7FF,0xEFDF,0xEFDF,0xEFFF,0xE7DF,0xEFFF,
  0xFFFF,0xFFFF,0xF7DE,0xEFBE,0xF7DE,0xF7DE,0xF7DE,0xEFBE,0xEFBE,0xEFBE,0xEFBE,0xEFBE,0xEFBE,0xF7BE,0xEFBE,0xEFBE,
  0xEFBE,0xEFBE,0xEFBE,0xEFBE,0xF7BE,0xF7DE,0xEFDE,0xF7BE,0xEFDE,0xF7DE,0xEFBE,0xF7DE,0xF7DF,0xF7DE,0xEFDE,0xF7DF,
  0xEFDE,0xF7DF,0xF7FF,0xF7FE,0xF7FF,0xF7DE,0xEFDE,0xF7FE,0xF7DF,0xEFFF,0xEFFF,0xEFFF,0xF7FF,0xEFFF,0xEFFF,0xEFFF,
  0xEFFF,0xEFFF,0xEFFF,0xF7FF,0xEFFF,0xF7FF,0xEFFF,0xEFFF,0xEFFF,0xEFFF,0xF7FF,0xEFFF,0xF7FF,0xF7FF,0xF7FF,0xEFFF,
  0xF7FF,0xF7FF,0xF7FF,0xF7FF,0xF7FF,0xF7FF,0xF7FF,0xF7FF,0xF7FF,0xF7FF,0xEFFF,0xF7FF,0xFFFF,0xF7FF,0xF7FF,0xFFFF,
  0xFFFF,0xFFFF,0xF7FF,0xFFFF,0xFFFF,0xFFFF,0xFFFF,0xFFFF,0xFFFF,0xFFFF,0xFFFF,0xFFFF,0xFFFF,0xFFFF,0xFFFF,0xFFFF,
  0xFFFF,0xFFFF,0xFFFF,0xFFFF,0xFFFF,0xFFFF,0xFFFF,0xFFFF,0xFFFF,0xFFFF,0xFFFF,0xFFFF,0xFFFF,0xFFFF,0xFFFF,0xFFFF,
  0xFFFF,0xFFFF,0xFFFF,0xFFFF,0xFFFF,0xFFFF,0xFFFF,0xFFFF,0xFFFF,0xFFFF,0xFFFF,0xFFFF,0xFFFF,0xFFFF,0xFFFF,0xFFFF,
  0xFFFF,0xFFFF,0xFFFF,0xFFFF,0xFFFF,0xFFFF,0xFFFF,0xFFFF,0xFFFF,0xFFFF,0xFFFF,0xFFFF,0xFFFF,0xFFFF,0xFFFF,0xFFFF,
  0xFFFF,0xFFFF,0xFFFF,0xFFFF,0xFFFF,0xFFFF,0xFFFF,0xFFFF,0xFFFF,0xFFFF,0xFFFF,0xFFFF,0xFFFF,0xFFFF,0xF7FF,0xE7DF,
  0xE7DF,0xEFDF,0xEFFF,0xEFDF,0xE7BF,0xFFFF,0x4A69,0x4249,0xFFFF,0xE7BF,0xEFDF,0xF7FF,0xF7DF,0xBEDB,0xBEDC,0xC6FC,
  0xB6BB,0xCF3D,0xEFFF,0xEFDF,0xE7DF,0xEFDF,0xE7DF,0xEFDF,0xEFDF,0xEFDF,0xEFFF,0xEFDF,0xEF9E,0x73AE,0x73AE,0x52CB,
  0xBE18,0x6B8E,0x94B2,0x7C11,0x94D3,0xBE39,0x3A08,0xB5D7,0x8C92,0xB5B7,0x5B0C,0xA534,0xBE39,0xEFDF,0xFFFF,0x8472,
  0x73CF,0x9492,0x52CB,0xF7DF,0xE7DF,0xEFFF,0xEFDF,0xE7DF,0xF7FF,0xCE9A,0x738E,0xBE18,0xAD76,0xB5D7,0x31C7,0x94D3,
  0xFFFF,0xE7DF,0xEFFF,0xEFFF,0xEFFF,0xEFDF,0xEFDF,0xE7DF,0xEFFF,0xE7DF,0xF7FF,0x94D3,0x42B0,0x322E,0x29ED,0xAD9A,
  0x9D18,0x5B31,0x4AB0,0x4AB1,0x6B91,0xFFFF,0xE7BF,0xE7DF,0xEFDF,0xE7DF,0xE7DF,0xE7DF,0xEFFF,0xCEFB,0xDEFB,0xFFFF,
  0xFFDF,0xFFDF,0xFFFF,0xFFFF,0xDEDB,0xDEDB,0xFFDF,0xFFFF,0xFFDF,0xF79E,0xFFFF,0xFFDF,0xFFDF,0xFFDF,0xFFFF,0xFFFF,
  0xFFDF,0xFFFF,0xFFFF,0xFFDF,0xFFFF,0xFFFF,0xFFFF,0xFFFF,0xFFDF,0xFFFF,0xFFFF,0xFFDF,0xFFFF,0xFFDF,0xFFDF,0xFFFF,
  0xFFFF,0xFFFF,0xFFFF,0xFFDF,0xC638,0xEFDF,0xEFFF,0xE7DF,0xE7DF,0xEFDF,0xE7DF,0xE7DF,0xE7DF,0xEFDF,0xD79F,0xC77E,
  0xC77F,0xC79F,0xC77F,0xEFDF,0xF7FF,0xE7DF,0xEFFF,0xDEFB,0x0862,0xCEBB,0xF7FF,0xEFDF,0xEFDF,0xE7DF,0xF7FF,0xEFBE,
  0x8C92,0x634E,0x4A8B,0x426A,0x424A,0x424A,0x424A,0x4A8B,0x424A,0x424A,0x422A,0x4229,0x4229,0x422A,0x422A,0x4229,
  0x4229,0x4209,0x424A,0x424A,0x4229,0x4229,0x424A,0x424A,0x4A6B,0x528B,0x4A8B,0x4A8B,0x4A8B,0x52AC,0x52CC,0x52CC,
  0x5AED,0x5AED,0x52CC,0x52CC,0x52CC,0x52CC,0x52CC,0x5AED,0x5B0D,0x5AED,0x5AED,0x5AED,0x5B0D,0x5B0D,0x632E,0x630D,
  0x630D,0x632D,0x634E,0x632E,0x632E,0x634E,0x6B8F,0x6B6F,0x634E,0x634E,0x636F,0x6B6E,0x634E,0x634E,0x634F,0x636F,
  0x636F,0x6B6F,0x6B6F,0x636F,0x636F,0x6B8F,0x6B8F,0x6BB0,0x6BB0,0x73D1,0x73F1,0x73D0,0x73F1,0x8452,0x7C11,0x7BF1,
  0x7BF1,0x7C11,0x7BF1,0x7BF1,0x7BF0,0x7BF1,0x7BF1,0x7BF1,0x7C11,0x8411,0x7C11,0x7C11,0x7C11,0x8431,0x8432,0x7C32,
  0x7C11,0x7C11,0x7C11,0x7C31,0x7C31,0x7BF1,0x7BF1,0x7BF1,0x7BF1,0x7BF1,0x7BF1,0x7C11,0x7BF1,0x73F1,0x7BF1,0x73D0,
  0x73D1,0x73D1,0x7BD1,0x73D0,0x73D0,0x73D0,0x73D0,0x73D0,0x7BD0,0x73B0,0x7BD0,0x7BD0,0x7BD0,0x7BD0,0x7BF0,0x7BEF,
  0x7BF0,0x7BEF,0x7BF0,0x7BEF,0x7BCF,0x7BCF,0x7BCF,0x7BCF,0x73AF,0x73AF,0x73B0,0x73B0,0x73D0,0x73AF,0x7BCF,0x7BEF,
  0x7BEF,0x7BEF,0x83EF,0x840F,0x8410,0x8430,0x8410,0x8430,0x8430,0x8430,0x8430,0x8430,0x9471,0xA534,0xC658,0xF7FF,
  0xFFFF,0xE7BF,0xEFDF,0xEFDF,0xE7BF,0xFFFF,0x52EC,0x4249,0xFFFF,0xE7BF,0xEFDF,0xF7DF,0xF7DF,0xBEDB,0xBEDC,0xBEDC,
  0xB69B,0xCF5D,0xEFFF,0xE7DF,0xEFDF,0xEFDF,0xEFDF,0xEFFF,0xEFDF,0xEFDF,0xEFDF,0xEFDF,0xF7FF,0xEFDF,0xCE9A,0xEFBE,
  0xF7FF,0xFFFF,0xFFFF,0xEF9D,0xF7BE,0xFFFF,0xF7BE,0xFFFF,0xEF9D,0xF7BE,0xBDF7,0xAD96,0xCEBB,0xF7FF,0xEFDF,0xDF3D,
  0xFFFF,0xFFFF,0xD71C,0xEFDF,0xEFFF,0xEFFF,0xE7DF,0xEFFF,0xE7DF,0xF7FF,0xC659,0x52CB,0x4AAB,0x3A08,0x8CD3,0xFFFF,
  0xE7DF,0xEFFF,0xEFDF,0xE7DF,0xE7DF,0xEFDF,0xE7DF,0xE7DF,0xEFDF,0xE7BF,0xF7FF,0x94D3,0x3A6F,0x322E,0x29ED,0xAD79,
  0x94F7,0x5B52,0x426F,0x4AD1,0x6B70,0xFFFF,0xE7DF,0xEFFF,0xEFFF,0xEFFF,0xEFDF,0xE7DF,0xEFFF,0xCEDB,0xDEFB,0xFFFF,
  0xFFDF,0xFFFF,0xFFDF,0xFFDF,0xFFFF,0xFFFF,0xFFFF,0xFFDF,0xFFFF,0xFFFF,0xFFDF,0xFFDF,0xFFDF,0xFFDF,0xFFFF,0x9471,
  0x18E3,0x7B8D,0xFFFF,0xFFDF,0xFFDF,0xFFFF,0xFFDF,0xFFDF,0xFFDF,0xFFDF,0xFFDF,0xFFDF,0xFFDF,0xFFDF,0xFFFF,0xFFFF,
  0xFFFF,0xFFDF,0xFFFF,0xFFDF,0xBE18,0xEFDF,0xEFFF,0xEFDF,0xE7DF,0xEFDF,0xEFDF,0xE7DF,0xE7DF,0xEFFF,0xD79F,0xBF5F,
  0xC79F,0xCF9F,0xBF7F,0xEFDF,0xF7FF,0xE7BF,0xF7FF,0xDEFB,0x0862,0xD6DB,0xEFFF,0xE7DF,0xE7DF,0xF7FF,0xDEDB,0x3187,
  0x29AA,0x42B0,0x4AF2,0x4AF2,0x42D2,0x42D1,0x42D1,0x5333,0x4B13,0x4AD2,0x4AF2,0x5333,0x42D1,0x4AF2,0x4AF2,0x4B12,
  0x4AF2,0x42D2,0x4AF2,0x4B13,0x42D2,0x42D1,0x42D2,0x42D2,0x42D2,0x3A91,0x42B1,0x4291,0x42D1,0x3A91,0x3A70,0x42B1,
  0x3A91,0x3A91,0x42B1,0x3A90,0x42D2,0x42D2,0x3A90,0x3A91,0x42B1,0x3A90,0x3A91,0x42B1,0x4291,0x42B1,0x4291,0x3AB1,
  0x42B1,0x3A90,0x3A90,0x42B1,0x42D1,0x42B1,0x42B1,0x4290,0x3A70,0x3A90,0x42B0,0x42D1,0x42B1,0x4290,0x4290,0x42B0,
  0x42B0,0x42B0,0x3A90,0x3A70,0x3A6F,0x42B0,0x428F,0x4290,0x4270,0x5B52,0x5B72,0x3A4F,0x4290,0x42B1,0x3A4F,0x3A4F,
  0x3A70,0x3A4F,0x324F,0x324F,0x322F,0x322F,0x322F,0x324F,0x324F,0x320F,0x3A50,0x3A50,0x322F,0x320F,0x322F,0x322F,
  0x2A0F,0x320F,0x322F,0x322F,0x2A2F,0x2A0F,0x320F,0x2A0F,0x2A0F,0x29EE,0x29EE,0x2A0F,0x2A0F,0x29EF,0x2A0F,0x2A0F,
  0x29EF,0x29EE,0x29EF,0x29EE,0x29EE,0x29EE,0x29EE,0x29EE,0x29EE,0x21CD,0x21CE,0x21CE,0x29CE,0x21CD,0x322F,0x29EE,
  0x322F,0x320E,0x29CD,0x29EE,0x29EE,0x29EE,0x29EE,0x29CE,0x21CE,0x29EE,0x29EE,0x29EE,0x29EE,0x29EE,0x29CE,0x29CD,
  0x29CD,0x29CD,0x29ED,0x29ED,0x29CD,0x29CD,0x29ED,0x29CD,0x29CD,0x29ED,0x29CC,0x29CC,0x31ED,0x3A4E,0x29CC,0x52CD,
  0xBE17,0xFFFF,0xE7DF,0xEFDF,0xE7BF,0xFFFF,0x6B6E,0x3A08,0xFFFF,0xE7BF,0xEFDF,0xF7FF,0xF7DF,0xBEDB,0xBEBB,0xBEFC,
  0xB69B,0xCF5E,0xEFFF,0xE7DF,0xEFFF,0xEFFF,0xEFDF,0xEFFF,0xEFDF,0xEFDF,0xEFDF,0xEFDF,0xEFDF,0xE7DF,0xF7FF,0xFFFF,
  0xD69A,0x7C10,0x52AC,0x4A8D,0x424B,0x4A4A,0x424A,0x424A,0x4A6A,0x52CD,0x52CD,0x73D0,0xAD55,0xE75D,0xFFFF,0xEFFF,
  0xE7DF,0xE7DF,0xF7FF,0xEFFF,0xEFFF,0xEFFF,0xEFDF,0xEFDF,0xEFDF,0xE7DF,0xF7FF,0xFFFF,0xE79E,0xF7FF,0xFFFF,0xE7DF,
  0xEFFF,0xEFFF,0xEFFF,0xE7FF,0xE7DF,0xE7DF,0xEFDF,0xEFFF,0xEFDF,0xDFBF,0xF7FF,0x8CD3,0x3A6F,0x322E,0x29ED,0xAD99,
  0x94F7,0x6352,0x426F,0x4AB1,0x6B70,0xFFFF,0xE7DF,0xE7DF,0xE7DF,0xEFDF,0xEFDF,0xE7DF,0xEFFF,0xD6FC,0xDEFB,0xFFFF,
  0xFFDF,0xFFDF,0xFFDF,0xFFDF,0xFFDF,0xFFDF,0xFFDF,0xFFDF,0xFFDF,0xFFDF,0xFFDF,0xFFDF,0xFFDF,0xFFFF,0xD6BA,0x1061,
  0xAD55,0x2925,0xAD75,0xFFFF,0xFFDF,0xFFDF,0xFFDF,0xFFFF,0xFFDF,0xFFFF,0xFFDF,0xFFDF,0xFFDF,0xFFDF,0xFFDF,0xFFDF,
  0xFFDF,0xFFDF,0xFFFF,0xFFDF,0xC638,0xEFDF,0xE7DF,0xEFDF,0xEFFF,0xEFFF,0xEFDF,0xE7DF,0xE7DF,0xE7DF,0xD7BF,0xC77F,
  0xC79F,0xCF9F,0xBF7F,0xEFDF,0xF7FF,0xE7BF,0xEFFF,0xDEFB,0x0882,0xCEDB,0xEFFF,0xE7DF,0xEFFF,0xE75D,0x2146,0x3A4E,
  0x5B73,0x4AD0,0x42B0,0x428F,0x426F,0x426F,0x3A6E,0x3A4D,0x3A4E,0x3A4E,0x3A6E,0x428F,0x320D,0x322D,0x3A2E,0x322D,
  0x322E,0x322D,0x3A2E,0x320D,0x322E,0x3A4E,0x322D,0x322D,0x322E,0x320D,0x320D,0x320D,0x3A2E,0x322E,0x31ED,0x322D,
  0x320D,0x320D,0x322D,0x320D,0x3A6F,0x322E,0x322D,0x320D,0x3A2E,0x3A4E,0x3A2E,0x3A4E,0x3A6F,0x3A4E,0x3A6F,0x428F,
  0x322D,0x322D,0x322E,0x3A4E,0x3A4E,0x42B0,0x3A2E,0x3A6F,0x426F,0x3A4E,0x42AF,0x42B0,0x3A6E,0x3A4E,0x3A6E,0x3A4E,
  0x3A4E,0x426F,0x3A4E,0x3A4E,0x3A6E,0x3A6F,0x426E,0x426F,0x428F,0x42AF,0x428F,0x426F,0x428F,0x3A6E,0x426E,0x426F,
  0x3A2E,0x3A4E,0x3A4E,0x3A4E,0x3A4E,0x3A4E,0x3A4E,0x3A4E,0x3A6F,0x3A6F,0x428F,0x4290,0x4290,0x428F,0x3A6F,0x3A6F,
  0x3A6F,0x4AD1,0x3A6F,0x4AB1,0x428F,0x3A4E,0x3A4E,0x42B0,0x4290,0x3A6F,0x3A4E,0x3A6F,0x3A4E,0x3A4E,0x42B0,0x3A6F,
  0x42B0,0x426F,0x3A4F,0x3A6F,0x3A6F,0x3A6F,0x3A6F,0x428F,0x428F,0x3A6E,0x4290,0x3A6F,0x3A6F,0x3A4F,0x3A4E,0x3A6F,
  0x3A6F,0x428F,0x3A4E,0x3A6E,0x324E,0x3A6F,0x3A6F,0x3A6F,0x3A4E,0x3A4E,0x3A4F,0x3A4E,0x3A4E,0x322E,0x322E,0x322E,
  0x322E,0x322E,0x3A4F,0x3A4F,0x3A4E,0x3A4E,0x3A4E,0x3A4E,0x3A6F,0x428F,0x3A6F,0x428F,0x4290,0x4290,0x42D1,0x4AF1,
  0x2189,0xAD76,0xFFFF,0xE7BF,0xE7BF,0xFFFF,0x73CF,0x39E8,0xFFFF,0xE7BF,0xEFDF,0xF7FF,0xF7DF,0xBEDB,0xB6BB,0xBEDC,
  0xAE9B,0xCF5E,0xEFFF,0xEFFF,0xE7BF,0xDF9E,0xEFFF,0xEFDF,0xEFFF,0xEFFF,0xEFDF,0xEFFF,0xEFDF,0xEFDF,0xF7FF,0x8430,
  0x3A0B,0x3A2E,0x5311,0x5312,0x4AD0,0x428F,0x3A6E,0x5311,0x5B32,0x4AD0,0x4AAF,0x428F,0x428E,0x3A2B,0xAD76,0xFFFF,
  0xE7DF,0xEFDF,0xE7DF,0xE7DF,0xEFDF,0xEFDF,0xE7DF,0xEFDF,0xE7DF,0xE7DF,0xE7DF,0xE7DF,0xEFFF,0xE7DF,0xE7DF,0xEFFF,
  0xEFDF,0xE7DF,0xEFDF,0xE7DF,0xE7DF,0xE7DF,0xEFFF,0xE7DF,0xEFDF,0xDFBF,0xF7FF,0x8CB3,0x426F,0x320E,0x31ED,0xAD7A,
  0x94F7,0x5B52,0x4290,0x4290,0x6B70,0xFFFF,0xE7DF,0xEFDF,0xEFDF,0xEFDF,0xE7DF,0xE7DF,0xEFFF,0xD6FC,0xDEFB,0xFFFF,
  0xFFDF,0xFFDF,0xFFDF,0xFFDF,0xFFDF,0xFFDF,0xFFFF,0xFFFF,0xFFDF,0xFFDF,0xFFFF,0xFFDF,0xFFDF,0xFFFF,0xDEDB,0x2925,
  0xB596,0x2924,0xA534,0xFFFF,0xF79E,0xFFFF,0xFFDF,0xFFDF,0xFFDF,0xFFDF,0xFFDF,0xFFDF,0xFFDF,0xFFDF,0xFFDF,0xFFDF,
  0xFFDF,0xFFDF,0xFFFF,0xFFDF,0xC638,0xEFDF,0xEFFF,0xEFDF,0xE7DF,0xE7DF,0xE7DF,0xE7FF,0xE7DF,0xEFDF,0xD79F,0xBF7F,
  0xC79F,0xCF9F,0xBF7F,0xEFDF,0xF7FF,0xE7BF,0xF7FF,0xDF1C,0x0862,0xC67A,0xF7FF,0xE7BE,0xFFFF,0x73AE,0x31EC,0x63B4,
  0x4AD0,0x428F,0x3A2D,0x3A2D,0x320C,0x3A0C,0x29EC,0x29EC,0x320C,0x320D,0x320D,0x320C,0x320C,0x320C,0x29EC,0x31EC,
  0x31EC,0x31EC,0x29EC,0x322D,0x29EC,0x29EC,0x29CC,0x29CC,0x29EC,0x31EC,0x29EC,0x29EC,0x31EC,0x31EC,0x29ED,0x29EC,
  0x320D,0x2A0D,0x31ED,0x29ED,0x29EC,0x29EC,0x29EC,0x29CC,0x320D,0x320D,0x29EC,0x29EC,0x320C,0x31EC,0x320C,0x320C,
  0x29EC,0x320C,0x31EC,0x31EC,0x31EC,0x31EC,0x320C,0x320C,0x320C,0x31EC,0x29EC,0x29EB,0x31EC,0x29EC,0x29CB,0x29CB,
  0x29EC,0x29CB,0x29CB,0x29CB,0x29CB,0x29CB,0x29AB,0x29CB,0x29CB,0x29AC,0x29EC,0x320C,0x31EB,0x31EC,0x320C,0x31EC,
  0x320D,0x320D,0x3A2D,0x320D,0x31CD,0x320D,0x31EC,0x31ED,0x31EC,0x31EC,0x29CC,0x31EC,0x29CC,0x31EC,0x31EC,0x31EC,
  0x31EC,0x31EC,0x29EC,0x31EC,0x320C,0x31EC,0x29EC,0x31EC,0x21AC,0x29CC,0x31ED,0x31ED,0x29EC,0x29EC,0x29EC,0x29EC,
  0x29CC,0x29CC,0x320C,0x3A6E,0x320D,0x29EC,0x31EC,0x29EC,0x29EC,0x29EC,0x320D,0x320D,0x320D,0x29ED,0x320D,0x320D,
  0x29EC,0x29EC,0x320D,0x320D,0x320D,0x320D,0x31ED,0x320D,0x320D,0x29ED,0x320D,0x320D,0x322D,0x322E,0x320D,0x320D,
  0x29ED,0x320D,0x29ED,0x320D,0x320D,0x320D,0x320D,0x322D,0x320D,0x320D,0x322D,0x3A2D,0x322D,0x322E,0x3A4E,0x42B0,
  0x42D1,0x31EA,0xE73C,0xF7FF,0xE7BE,0xFFFF,0x634D,0x4228,0xFFFF,0xE7DF,0xEFDF,0xF7FF,0xF7DF,0xBEBB,0xBEBB,0xBEBB,
  0xBEDB,0xCF3E,0xEFDF,0xEFDF,0xE7DF,0xEFDF,0xEFDF,0xEFFF,0xEFDF,0xEFFF,0xEFDF,0xEFDF,0xE7DF,0xFFFF,0x7C11,0x428F,
  0x4B12,0x4B12,0x31CB,0x10E6,0x1906,0x10E5,0x10C5,0x2968,0x10C5,0x10E5,0x1927,0x1948,0x29CC,0x5B73,0x29A9,0xA555,
  0xFFFF,0xE7DF,0xE7DF,0xE7DF,0xEFFF,0xEFDF,0xE7DF,0xEFDF,0xFFFF,0xEFFF,0xEFFF,0xE7DF,0xEFFF,0xF7FF,0xEFFF,0xEFDF,
  0xF7FF,0xF7FF,0xEFFF,0xF7FF,0xE7DF,0xE7DF,0xEFFF,0xE7DF,0xE7DF,0xE7BF,0xF7FF,0x8C92,0x426F,0x322E,0x29ED,0xAD9A,
  0x9D17,0x5B31,0x428F,0x4AB0,0x6350,0xFFFF,0xE7DF,0xEFDF,0xEFDF,0xE7DF,0xE7DF,0xE7DF,0xEFFF,0xCEFC,0xD6DB,0xFFFF,
  0xFFDF,0xFFDF,0xFFDF,0xFFDF,0xFFFF,0xFFFF,0xFFBE,0xF79E,0xFFFF,0xFFDF,0xFFDF,0xFFDF,0xFFDF,0xFFDF,0xFFFF,0x39C7,
  0x0000,0x4228,0xFFFF,0x5269,0x8410,0xFFFF,0xFFBE,0xFFDF,0xFFDF,0xFFDF,0xFFDF,0xFFFF,0xFFFF,0xFFDF,0xFFDF,0xFFDF,
  0xFFDF,0xFFDF,0xFFDF,0xFFDF,0xC659,0xEFDF,0xEFDF,0xEFDF,0xEFDF,0xEFFF,0xE7DF,0xE7DF,0xE7DF,0xEFDF,0xD79F,0xBF5F,
  0xC79F,0xC79F,0xBF5F,0xEFDF,0xF7FF,0xE7DF,0xF7FF,0xDEFC,0x0862,0xCE9A,0xF7FF,0xEFFF,0xEF9E,0x3A0A,0x6394,0x4AF0,
  0x4AB0,0x3A0C,0x3A0C,0x31CA,0x2989,0x2989,0x31EB,0x31EB,0x29CA,0x218A,0x29AA,0x29AA,0x29AA,0x29AA,0x29AA,0x298A,
  0x29AA,0x29AA,0x31CA,0x31EA,0x29AA,0x29CA,0x320B,0x29CA,0x29AA,0x29AA,0x29AA,0x31CA,0x29AA,0x29AA,0x218A,0x31EB,
  0x29CA,0x218A,0x29AA,0x218A,0x29CA,0x29AA,0x3A2C,0x29AA,0x29A9,0x2989,0x29CA,0x29AA,0x29AA,0x29AA,0x2189,0x31EA,
  0x2169,0x29CB,0x31EB,0x29CA,0x31EA,0x29A9,0x29CA,0x31AA,0x31CA,0x29AA,0x3A0B,0x31CA,0x31CA,0x31EB,0x3A2B,0x3A0B,
  0x320B,0x320B,0x3A2C,0x31EB,0x31EB,0x3A0C,0x3A2C,0x29CA,0x320B,0x31EB,0x29CA,0x29CA,0x29CA,0x31CA,0x29AA,0x31EB,
  0x29AA,0x218A,0x29AA,0x2189,0x29AA,0x29AA,0x29AA,0x29AA,0x29AA,0x2989,0x2989,0x2989,0x29AA,0x298A,0x2168,0x31CA,
  0x29A9,0x29AA,0x31CA,0x29AA,0x29CA,0x31EA,0x29AA,0x2989,0x3A2C,0x29AA,0x218A,0x29AA,0x29AA,0x29AA,0x29CA,0x29AA,
  0x29AA,0x29AA,0x29AA,0x29CA,0x29AA,0x2189,0x29CA,0x31EB,0x29CA,0x29CA,0x29CA,0x29AA,0x29CA,0x218A,0x218A,0x29CA,
  0x31CA,0x3A0C,0x31EB,0x29AB,0x29CA,0x29AA,0x29CB,0x29AA,0x29CB,0x29CB,0x29AA,0x29CB,0x21AA,0x29CA,0x29AA,0x29CB,
  0x29CB,0x21AB,0x29CB,0x31EB,0x21AB,0x29CB,0x29EB,0x29CB,0x29CB,0x29CB,0x29CB,0x298A,0x320C,0x428F,0x4AD0,0x3A6F,
  0x4290,0x3A4E,0x8CB3,0xFFFF,0xDFBE,0xFFFF,0x636E,0x4228,0xFFFF,0xE7DF,0xEFDF,0xF7FF,0xF7DF,0xC6DC,0xBEDC,0xBEDC,
  0xBEDB,0xD77E,0xEFFF,0xEFDF,0xEFDF,0xEFFF,0xEFDF,0xEFDF,0xEFDF,0xEFDF,0xEFDF,0xE7DF,0xFFFF,0xAD75,0x4AAE,0x5B52,
  0x5311,0x10C4,0x2146,0x8C72,0xB5F8,0xB5F7,0xB5F8,0xB618,0xB5F8,0xB5F8,0xB5D7,0x9D14,0x636E,0x1947,0x5B52,0x426B,
  0xDF1C,0xEFFF,0xE7DF,0xE7DF,0xE7DF,0xEFDF,0xE7DF,0xF7FF,0x9CF3,0xE75D,0xC679,0xF7FF,0xCEDB,0xB5D7,0xE77D,0x7C10,
  0xC679,0xB5D7,0xE75D,0xB5D7,0xF7FF,0xE7DF,0xEFFF,0xE7DF,0xE7FF,0xE7DF,0xF7FF,0x8C92,0x4290,0x320E,0x29ED,0xA538,
  0x94F7,0x6352,0x428F,0x4290,0x6B91,0xFFFF,0xE7DF,0xEFFF,0xE7DF,0xE7DF,0xEFFF,0xE7DF,0xEFFF,0xD6FC,0xD6DB,0xFFFF,
  0xFFDF,0xFFDF,0xFFFF,0xFFDF,0xFFDF,0xFFDF,0xFFDF,0xFFBE,0xFFFF,0xFFDF,0xFFFF,0xFFFF,0xFFDF,0xFFFF,0x738E,0x2104,
  0x73AE,0x2104,0x738E,0x1082,0xD69A,0xFFFF,0xFFDF,0xFFDF,0xFFFF,0xFFFF,0xFFDF,0xFFFF,0xFFDF,0xFFDF,0xFFDF,0xFFDF,
  0xFFFF,0xFFDF,0xFFFF,0xFFDF,0xC638,0xEFDF,0xEFDF,0xE7DF,0xEFDF,0xE7DF,0xE7DF,0xE7DF,0xE7DF,0xEFFF,0xD79F,0xBF7F,
  0xC79F,0xC79F,0xBF5F,0xEFDF,0xF7FF,0xE7DF,0xF7FF,0xDEFB,0x0862,0xCEDB,0xEFFF,0xEFFF,0xD6DB,0x39EA,0x63B4,0x4AD0,
  0x428F,0x31A9,0x4A8E,0x31C9,0x3A0A,0x424B,0x52CC,0x5AED,0x424B,0x5AED,0x422A,0x422A,0x4A8B,0x422B,0x5AED,0x4A8B,
  0x5B0D,0x426B,0x426B,0x3A0A,0x424B,0x4A8C,0x4A6B,0x426B,0x4A8B,0x4A6B,0x52CD,0x424B,0x5AED,0x426B,0x5B0D,0x5B0D,
  0x3A0A,0x4A8B,0x52AC,0x5B0D,0x5AED,0x424B,0x52CD,0x4A6B,0x3A0A,0x4A6B,0x424B,0x424B,0x424B,0x5B0D,0x424B,0x3A2A,
  0x6B6F,0x424B,0x424B,0x426B,0x422B,0x424B,0x3A2B,0x3A0A,0x426B,0x52CD,0x4A8C,0x424B,0x3A2A,0x426B,0x424B,0x424B,
  0x422A,0x4AAC,0x3A2B,0x424B,0x424B,0x4AAC,0x52AC,0x422A,0x4A8C,0x5AED,0x3A0A,0x426B,0x426B,0x4AAC,0x4A8B,0x4A8C,
  0x3A0A,0x52AC,0x3A0A,0x3A2B,0x3A0A,0x426B,0x3A2B,0x426C,0x3A2A,0x3A0A,0x422A,0x3A0A,0x3A2B,0x5AED,0x4A8B,0x31EA,
  0x3A2A,0x39E9,0x426B,0x3A0A,0x3A2B,0x39EA,0x3A0A,0x3A2A,0x4A8C,0x31E9,0x424B,0x3A2A,0x3A0A,0x3A0A,0x31E9,0x424B,
  0x426B,0x3A2A,0x422B,0x424B,0x426B,0x4A8B,0x31C9,0x4A8C,0x4A6C,0x424B,0x424B,0x31EA,0x39EA,0x424B,0x4A6B,0x3A2B,
  0x424B,0x4AAC,0x4A8C,0x39EA,0x424B,0x424B,0x426C,0x3A0A,0x3A0B,0x4A8C,0x3A2B,0x3A0A,0x4A8C,0x426B,0x426C,0x424C,
  0x52ED,0x4A8C,0x4AAC,0x4A6C,0x3A4B,0x52ED,0x31EB,0x3A2B,0x3A2C,0x4A8D,0x426C,0x3A0A,0x31EA,0x5B52,0x63B4,0x5332,
  0x3A4E,0x4AD0,0x6B8F,0xF7FF,0xE7BF,0xFFFF,0x6BAE,0x4249,0xFFFF,0xE7BF,0xEFBF,0xF7FF,0xF7DF,0xC6DB,0xBEDC,0xBEDC,
  0xBEBC,0xD75E,0xEFFF,0xEFDF,0xE7DF,0xEFDF,0xEFDF,0xEFDF,0xEFDF,0xEFDF,0xE7DF,0xE7DF,0xF7BE,0x5B0E,0x5B52,0x428F,
  0x10C5,0x39E8,0xE79E,0xEF9E,0xE75D,0xE75D,0xDF3D,0xE73D,0xE73D,0xE73D,0xE73D,0xE75D,0xF7DF,0xAD96,0x31CA,0x4ACF,
  0x7C10,0xFFFF,0xE7DF,0xEFDF,0xEFFF,0xEFDF,0xEFFF,0xE77E,0x634D,0xC659,0xA575,0xFFFF,0xA555,0x7C51,0xC659,0x52EB,
  0xA596,0x6B8E,0x7C10,0x7C30,0xFFFF,0xE7DF,0xEFFF,0xE7DF,0xE7FF,0xE7BF,0xF7FF,0x8451,0x428F,0x320E,0x29ED,0xAD79,
  0x9CF8,0x5B52,0x428F,0x4290,0x6B4F,0xFFFF,0xE7DF,0xEFDF,0xEFDF,0xEFFF,0xEFDF,0xE7DF,0xEFFF,0xD6FC,0xD6BB,0xFFFF,
  0xFFDF,0xFFFF,0xFFFF,0xFFFF,0xFFFF,0xFFDF,0xFFFF,0xFFFF,0xFFDF,0xFFDF,0xFFDF,0xFFDF,0xFFFF,0xF7BE,0x18E3,0xC618,
  0xFFFF,0x9D14,0x0820,0x630C,0xFFFF,0xFFDF,0xFFDF,0xFFFF,0xFFFF,0xFFDF,0xFFFF,0xFFDF,0xFFDF,0xFFDF,0xFFDF,0xFFDF,
  0xFFDF,0xFFDF,0xFFDF,0xFFDF,0xC638,0xEFDF,0xEFDF,0xE7DF,0xE7DF,0xE7DF,0xEFFF,0xE7DF,0xE7DF,0xEFFF,0xCF9F,0xBF7F,
  0xC79F,0xCF9F,0xBF7F,0xEFDF,0xF7FF,0xDFBF,0xEFFF,0xDEFB,0x0862,0xCEBB,0xEFFF,0xEFFF,0xD6FB,0x426C,0x5B73,0x42AF,
  0x4AAF,0x29A9,0x3A0A,0x424A,0x424A,0x4A6A,0x528B,0x4A4A,0x52CC,0x4A6A,0x528B,0x4A6A,0x4A8B,0x5AEC,0x4229,0x4A6A,
  0x4A4A,0x424A,0x52CB,0x5B0D,0x4A6A,0x4A8B,0x4A8B,0x4A8B,0x426A,0x424A,0x52CC,0x4A6A,0x4A4A,0x4A6A,0x73CF,0x39E9,
  0x5AEC,0x5ACB,0x424A,0x424A,0x4A6B,0x4A6A,0x39E9,0x528B,0x3A09,0x424A,0x4A6B,0x52EC,0x3A0A,0x422A,0x5AEC,0x31C8,
  0x4A8B,0x4A8B,0x424A,0x4A4A,0x422A,0x424A,0x6B4E,0x424A,0x31E9,0x52AC,0x424A,0x4A8B,0x4A6B,0x52CB,0x4A6A,0x4A8B,
  0x4A8B,0x3A0A,0x4A6A,0x632D,0x4A6A,0x424A,0x424A,0x422A,0x424A,0x4A8B,0x52AC,0x39E9,0x3A09,0x422A,0x422A,0x39E9,
  0x424A,0x4A6A,0x4A6B,0x4A6B,0x632D,0x3A09,0x424A,0x52AB,0x422A,0x3A09,0x39E9,0x422A,0x424A,0x422A,0x31E9,0x39E9,
  0x3A0A,0x3A09,0x426B,0x3A09,0x3A09,0x3A2A,0x422A,0x4A6B,0x3A0A,0x52AB,0x52CC,0x52CC,0x422A,0x424A,0x3A09,0x52AB,
  0x4A8B,0x4A8B,0x422A,0x422A,0x422A,0x424A,0x424A,0x4A6B,0x4A6B,0x424A,0x52AB,0x424A,0x4A4B,0x5AEC,0x4A8B,0x424A,
  0x4A6B,0x424A,0x424A,0x52AB,0x422A,0x4A6B,0x52AB,0x4AAB,0x5AEC,0x52CC,0x5AEC,0x5AEC,0x5B0D,0x5ACC,0x4A8B,0x4A6B,
  0x632D,0x5ACC,0x424A,0x3A09,0x9CF3,0x6B6E,0x634D,0x4A8B,0x632D,0x52EC,0x422A,0x530D,0x3A2A,0x424C,0x42D0,0x5332,
  0x42B0,0x5332,0x73F2,0xE79E,0xE7DF,0xFFFF,0x636E,0x4249,0xFFFF,0xE7BF,0xEFDF,0xF7FF,0xF7DF,0xBEDB,0xBEDC,0xC6FC,
  0xB6BB,0xCF5E,0xEFDF,0xEFDF,0xEFDF,0xEFDF,0xEFDF,0xEFDF,0xEFDF,0xEFDF,0xE7DF,0xF7FF,0xD6BA,0x5B0F,0x63B3,0x428E,
  0x0021,0xD6DC,0xE77D,0xCEDB,0xD6FC,0xD6DB,0xD6FC,0xD6FC,0xD6FB,0xD6FC,0xD6FB,0xD6DB,0xCEBB,0xF7DF,0x8431,0x3A4C,
  0x632E,0xEFDF,0xE7DF,0xEFDF,0xE7DF,0xE7BF,0xF7FF,0xBE18,0x634D,0x94F4,0x8CB2,0xE73D,0x8451,0x73AF,0xA575,0x9D14,
  0x9D55,0x9534,0x5B0C,0xBE39,0xEFBF,0xE7DF,0xE7DF,0xE7DF,0xE7DF,0xE7BF,0xF7FF,0x8451,0x428F,0x320E,0x29CD,0xA559,
  0x9D17,0x5B32,0x426F,0x4290,0x6B70,0xFFFF,0xE7DF,0xE7DF,0xE7DF,0xE7DF,0xE7DF,0xE7DF,0xEFFF,0xD6FC,0xD6BB,0xFFFF,
  0xFFDF,0xFFFF,0xFFFF,0xFFDF,0xFFFF,0xFFDF,0xFFFF,0xFFDF,0xFFFF,0xFFFF,0xFFDF,0xFFDF,0xFFFF,0xF7BE,0x2104,0xC5D7,
  0xFFFF,0xF79E,0x2104,0x1061,0xB554,0xFFFF,0xFFDF,0xFFFF,0xFFDF,0xFFDF,0xFFDF,0xFFDF,0xFFDF,0xFFDF,0xFFFF,0xFFDF,
  0xFFDF,0xFFDF,0xFFFF,0xFFDF,0xC638,0xEFDF,0xEFDF,0xEFFF,0xE7DF,0xE7DF,0xE7DF,0xE7DF,0xE7DF,0xEFDF,0xCF9F,0xBF7F,
  0xC77F,0xC79F,0xBF7F,0xEFDF,0xF7FF,0xE7BF,0xEFFF,0xD6FB,0x0882,0xD6FC,0xEFFF,0xEFFF,0xD6FB,0x4A8D,0x5332,0x428F,
  0x52CF,0x31C9,0x31E9,0x4A6A,0x528B,0x8431,0xA554,0x94B2,0xAD75,0xA534,0x9D34,0x9D14,0x9D13,0x9D34,0x9CF3,0x9CF3,
  0x9CF3,0x94D3,0xAD95,0xAD95,0x9D13,0xAD75,0x9D34,0xAD95,0x94D3,0x94D3,0x9D14,0x9D13,0x9CF3,0x9CF3,0x94F3,0x9CF3,
  0x9CF3,0x94D3,0x94D3,0x9CF3,0x9D13,0x9D13,0x9D14,0x94D3,0x94F3,0x94F3,0x9D14,0x9D13,0x94D3,0x9CF3,0xA534,0x9CF3,
  0x9D13,0x9CF3,0x9CF3,0x94F3,0x9D14,0x9CF3,0x9D14,0x94B2,0x94D3,0x8CB2,0x94D3,0xA534,0x9CF3,0xAD75,0xA554,0x94F3,
  0x9D14,0x9D14,0xA554,0xA554,0xA534,0xB5B6,0xA534,0x9CF3,0x94D3,0x94D3,0x9D14,0x94D3,0x9CF3,0x9CF3,0x9CF3,0x9D13,
  0x9D14,0x9CF3,0x9D13,0x9CF3,0x9D14,0x9CF3,0x9CF3,0xA554,0x9CF3,0x94D3,0x94F3,0x9D14,0xAD75,0x9CF3,0x9CF3,0x9CF3,
  0x9D34,0x9D14,0x94D3,0x9CF3,0xA554,0x9CF3,0x9CF3,0x9D13,0x9D14,0x9CF3,0x94F3,0x94D3,0x9D13,0x94F3,0x94F3,0x9D14,
  0x94D3,0x9D13,0x94F3,0xAD96,0x9D14,0x94D3,0x9CF3,0x9CF3,0x94D3,0x9CF3,0x94D3,0x94D3,0x9D13,0x9CF3,0x94D3,0x9D13,
  0xA554,0x94D3,0x9D13,0xAD74,0xA554,0x9D14,0x94D3,0x9D13,0x9D14,0x94D3,0x94D3,0x94F3,0x9CF3,0x8C92,0xA534,0x94F3,
  0x94F3,0x9D34,0x9CF3,0x94D3,0x9D14,0x94B2,0xA554,0x94D3,0xA534,0x94D2,0xA554,0x636E,0x52CD,0x3A0B,0x428F,0x5311,
  0x42AF,0x5332,0x73D1,0xDF7D,0xEFDF,0xFFFF,0x634D,0x3A29,0xFFFF,0xE7DF,0xEFDF,0xF7FF,0xF7DF,0xBEBB,0xBEDC,0xBEDC,
  0xBEBC,0xCF5E,0xEFFF,0xEFDF,0xE7DF,0xEFDF,0xEFDF,0xEFDF,0xEFDF,0xEFFF,0xE7DF,0xFFFF,0xA575,0x5B30,0x7415,0x31CA,
  0x4229,0xF7DF,0xD6FC,0xD6FC,0xD6FC,0xD6FC,0xD6FC,0xD6FC,0xD6FC,0xD6FC,0xD6FC,0xD6FC,0xD6FC,0xDF3D,0xCE79,0x424C,
  0x4AAC,0xDF1C,0xEFFF,0xE7DF,0xDFBF,0xDFBF,0xEFFF,0xDF5D,0xEF9E,0xE77D,0xBE39,0xC69A,0xEF9E,0xEFBE,0xDF7D,0xEFBF,
  0xDF3D,0xDF7D,0xE77D,0xDF5D,0xEFDF,0xEFFF,0xEFFF,0xEFDF,0xE7FF,0xE7DF,0xF7FF,0x8471,0x428E,0x29EE,0x29CD,0xA579,
  0x9D17,0x5B52,0x426F,0x4290,0x6B90,0xFFFF,0xE7DF,0xEFDF,0xE7DF,0xE7DF,0xEFDF,0xE7DF,0xEFFF,0xD6FC,0xD6BB,0xFFFF,
  0xFFDF,0xFFDF,0xFFDF,0xFFDF,0xFFDF,0xFFFF,0xFFDF,0xFFDF,0xFFDF,0xFFDF,0xFFDF,0xFFDF,0xFFDF,0xFFFF,0x8431,0x0820,
  0x528A,0x1061,0x5269,0xA534,0x1061,0xC5F7,0xFFFF,0xFFBE,0xFFDE,0xFFDF,0xFFDF,0xFFDF,0xFFDF,0xFFDF,0xFFFF,0xFFDF,
  0xFFDF,0xFFDF,0xFFFF,0xFFDF,0xC659,0xEFDF,0xE7DF,0xEFDF,0xE7DF,0xE7DF,0xE7DF,0xE7DF,0xE7DF,0xEFFF,0xCF9F,0xBF7F,
  0xC79F,0xC77F,0xBF7F,0xEFDF,0xF7FF,0xE7BF,0xF7FF,0xD6FB,0x1082,0xD6FB,0xEFFF,0xEFFF,0xCEBB,0x4ACE,0x52F1,0x4AAF,
  0x4ACF,0x2989,0x39E9,0x424A,0x424A,0xA554,0xC658,0xBE37,0xBE17,0xBE17,0xBE17,0xBE17,0xBE17,0xBE17,0xBE17,0xBE17,
  0xBE17,0xBE37,0xBDF7,0xBDF7,0xBE17,0xBE17,0xBE17,0xBDF7,0xBE37,0xBE37,0xBE17,0xBE17,0xBE17,0xBE37,0xBE17,0xBE17,
  0xBE17,0xBE37,0xBE37,0xBE17,0xBE17,0xBE17,0xBE17,0xBE37,0xBE37,0xBE37,0xBE17,0xBE17,0xBE37,0xBE17,0xBE17,0xBE37,
  0xBE17,0xBE17,0xBE37,0xBE37,0xBE17,0xBE37,0xBE17,0xBE37,0xBE37,0xBE37,0xBE37,0xBE17,0xBE17,0xBE17,0xBE17,0xBE17,
  0xBE17,0xBE17,0xBE17,0xBE17,0xBE17,0xBDF7,0xBE17,0xBE17,0xBE37,0xBE37,0xBE17,0xBE37,0xBE17,0xBE37,0xBE37,0xBE17,
  0xBE17,0xBE17,0xBE17,0xBE17,0xBE17,0xBE17,0xBE17,0xBE17,0xBE17,0xBE37,0xBE37,0xBE17,0xBE17,0xBE17,0xBE17,0xBE37,
  0xBE17,0xBE17,0xBE37,0xBE17,0xBE17,0xBE17,0xBE17,0xBE17,0xBE17,0xBE17,0xBE37,0xBE37,0xBE17,0xBE37,0xBE37,0xBE17,
  0xBE37,0xBE17,0xBE37,0xBDF7,0xBE17,0xBE37,0xBE17,0xBE17,0xBE37,0xBE37,0xBE37,0xBE37,0xBE17,0xBE17,0xBE37,0xBE17,
  0xBE17,0xBE37,0xBE17,0xBE17,0xBE17,0xBE17,0xBE37,0xBE17,0xBE17,0xBE37,0xBE37,0xBE37,0xBE17,0xC638,0xBE17,0xBE37,
  0xBE37,0xBE17,0xBE17,0xBE37,0xBE17,0xBE37,0xBE17,0xBE37,0xBE17,0xBE17,0xC658,0x8451,0x5B0D,0x52EE,0x5311,0x5311,
  0x42AF,0x5311,0x6BB1,0xDF7D,0xE7DF,0xFFFF,0x5B2D,0x4269,0xFFFF,0xE7DF,0xEFDF,0xF7FF,0xF7DF,0xBEBB,0xBEDC,0xC6FC,
  0xBEDC,0xCF5E,0xEFFF,0xEFDF,0xEFDF,0xEFDF,0xEFDF,0xEFFF,0xEFDF,0xEFFF,0xE7BF,0xFFFF,0xA535,0x5B0F,0x73F5,0x2168,
  0x4A8A,0xEFBF,0xD6FC,0xD6FC,0xD6FC,0xD6FC,0xD6FC,0xD6FC,0xD6FC,0xD6FC,0xD6FC,0xD6FC,0xD6FC,0xDF3D,0xD6BA,0x3A2B,
  0x426C,0xDEFB,0xEFFF,0xE7DF,0xE7DF,0xEFDF,0xEFDF,0xEFFF,0xEFFF,0xEFFF,0xF7FF,0xF7FF,0xEFFF,0xEFFF,0xEFFF,0xEFFF,
  0xEFFF,0xEFFF,0xEFFF,0xEFFF,0xE7DF,0xEFDF,0xEFDF,0xEFFF,0xE7DF,0xE7DF,0xF7FF,0x8430,0x4AAE,0x29EE,0x29CD,0xA579,
  0x94F7,0x5B52,0x426F,0x4290,0x6B90,0xFFFF,0xE7DF,0xE7DF,0xE7DF,0xE7DF,0xE7DF,0xE7DF,0xEFFF,0xCEFC,0xD6BB,0xFFFF,
  0xFFDF,0xFFFF,0xFFFF,0xFFDF,0xFFDF,0xFFDF,0xFFFF,0xFFFF,0xFFDF,0xFFDF,0xFFDF,0xFFFF,0xFFDF,0xFFFF,0xFFFF,0xA534,
  0x4A8A,0x8C51,0xFFFF,0xFFFF,0xD69A,0xE71C,0xFFFF,0xFFFF,0xFFFF,0xFFFF,0xFFDF,0xFFDF,0xFFFF,0xFFFF,0xFFFF,0xFFDF,
  0xFFFF,0xFFFF,0xFFDF,0xFFDF,0xBE18,0xEFDF,0xEFFF,0xE7DF,0xE7DF,0xE7DF,0xE7DF,0xE7DF,0xE7DF,0xEFDF,0xCF9F,0xC77F,
  0xC77F,0xC77F,0xBF5F,0xEFDF,0xF7FF,0xE7BF,0xF7FF,0xD6FB,0x0882,0xD6FC,0xEFFF,0xEFFF,0xC69A,0x428E,0x4AF1,0x428F,
  0x4AAF,0x31CA,0x39E9,0x528B,0x3A09,0x9D14,0xBE17,0xB5D6,0xB5F6,0xB5F6,0xB5F6,0xB5F6,0xB5F6,0xB5F6,0xB5F6,0xB5F6,
  0xB5F6,0xB5D6,0xB5F6,0xB5F6,0xB5F6,0xB5F6,0xB5F6,0xB5F6,0xB5D6,0xB5D6,0xB5F6,0xB5F6,0xB5F6,0xB5F6,0xB5F6,0xB5F6,
  0xB5F6,0xB5F6,0xB5D6,0xB5F6,0xB5F6,0xB5F6,0xB5F6,0xB5F6,0xB5D6,0xB5F6,0xB5F6,0xB5F6,0xB5D6,0xB5F6,0xB5F6,0xB5F6,
  0xB5F6,0xB5F6,0xB5D6,0xB5F6,0xB5F6,0xB5F6,0xB5F6,0xB5D6,0xB5D6,0xB5D6,0xB5D6,0xB5F6,0xB5F6,0xB5F6,0xB5F6,0xB5F6,
  0xB5F6,0xB5F6,0xB5F6,0xB5F6,0xB5F6,0xB5F7,0xB5F6,0xB5F6,0xB5D6,0xB5F6,0xB5F6,0xB5D6,0xB5F6,0xB5F6,0xB5F6,0xB5F6,
  0xB5F6,0xB5F6,0xB5F6,0xB5F6,0xB5F6,0xB5F6,0xB5F6,0xB5F6,0xB5F6,0xB5D6,0xB5D6,0xB5F6,0xB5F6,0xB5F6,0xB5F6,0xB5D6,
  0xB5F6,0xB5F6,0xB5F6,0xB5F6,0xB5F6,0xB5F6,0xB5D6,0xB5F6,0xB5F6,0xB5F6,0xB5F6,0xB5D6,0xB5F6,0xB5F6,0xB5D6,0xB5F6,
  0xB5F6,0xB5F6,0xB5F6,0xB5F7,0xB5F6,0xB5D6,0xB5F6,0xB5F6,0xB5F6,0xB5F6,0xB5D6,0xB5D6,0xB5F6,0xB5F6,0xB5F6,0xB5F6,
  0xB5F6,0xB5D6,0xB5F6,0xB5F6,0xB5F6,0xB5F6,0xB5F6,0xB5F6,0xB5F6,0xB5D6,0xB5D6,0xB5D6,0xB5D6,0xB5D6,0xB5F6,0xB5D6,
  0xB5F6,0xB5F6,0xB5F6,0xB5D6,0xB5F6,0xB5D6,0xB5F6,0xB5D6,0xB5F6,0xB5D6,0xBE17,0x9CF3,0x39E8,0x3A2A,0x5331,0x5311,
  0x3A8F,0x5311,0x6390,0xDF7E,0xE7DF,0xFFFF,0x6B6E,0x4A6A,0xFFFF,0xE7DF,0xEFDF,0xF7FF,0xF7DE,0xC6DB,0xBEDC,0xC6FC,
  0xBEBB,0xCF5E,0xEFFF,0xEFDF,0xEFDF,0xEFDF,0xEFFF,0xEFDF,0xEFDF,0xE7DF,0xEFDF,0xF7FF,0xC638,0x6B91,0x6BF5,0x3A0B,
  0x18E3,0xEFBF,0xD71C,0xD6FC,0xD6FC,0xD6FC,0xDEFC,0xD6FC,0xD6FC,0xD6FC,0xD6FC,0xD6FC,0xD6DB,0xE77E,0xB596,0x3A2C,
  0x5B0E,0xEF9E,0xE7DF,0xE7DF,0xEFFF,0xEFDF,0xEFDF,0xEFFF,0xEFDF,0xE7DF,0xE7DF,0xE7DF,0xE7DF,0xE7DF,0xE7DF,0xE7DF,
  0xEFDF,0xE7DF,0xE7DF,0xE7DF,0xE7DF,0xE7DF,0xE7DF,0xE7DF,0xE7DF,0xE7BF,0xF7FF,0x7C10,0x4A8F,0x320E,0x29AD,0xA579,
  0x94F7,0x5B52,0x4290,0x4290,0x73B1,0xFFFF,0xE7DF,0xEFDF,0xEFFF,0xEFDF,0xEFDF,0xE7DF,0xF7FF,0xD6FC,0xD6BB,0xFFFF,
  0xFFDF,0xEF3C,0xFFDF,0xFFFF,0xFFDF,0xFFFF,0xE71C,0xFFDF,0xFFDF,0xFFDF,0xFFFF,0xDE9A,0xFFBE,0xF7BE,0xE6FB,0xFFFF,
  0xEF3C,0xEF7D,0xDEFB,0xDEBA,0xFFFF,0xFFFF,0xEF5D,0xAD13,0xA492,0xDEBA,0xFFFF,0xFFFF,0xEF5D,0xEF5D,0xFFFF,0xFFFF,
  0xE71C,0xEF3C,0xFFFF,0xFFDF,0xC638,0xEFDF,0xEFFF,0xE7DF,0xE7DF,0xE7DF,0xE7DF,0xE7DF,0xE7DF,0xEFDF,0xCF9F,0xB73E,
  0xC79F,0xC77F,0xBF5F,0xEFDF,0xF7FF,0xE7BF,0xEFFF,0xD6DB,0x1082,0xDF1C,0xEFFF,0xEFFF,0xCE9A,0x4A8E,0x4AD0,0x428F,
  0x52F0,0x31C9,0x31C9,0x424A,0x422A,0x9D13,0xBE17,0xB5F6,0xB5F7,0xB5F7,0xB5F7,0xB5F7,0xB5F7,0xB5F7,0xB5F7,0xB5F7,
  0xB5F7,0xB5F7,0xB5F7,0xB5F7,0xB5F7,0xB5F7,0xB5F7,0xB5F7,0xB5F7,0xB5F7,0xB5F7,0xB5F7,0xB5F7,0xB5F7,0xB5F7,0xB5F7,
  0xB5F7,0xB5F7,0xB5F7,0xB5F7,0xB5F7,0xB5F7,0xB5F7,0xB5F7,0xB5F7,0xB5F7,0xB5F7,0xB5F7,0xB5F7,0xB5F7,0xB5F7,0xB5F7,
  0xB5F7,0xB5F7,0xB5F7,0xB5F7,0xB5F7,0xB5F7,0xB5F7,0xB5F7,0xB5F7,0xB5F7,0xB5F7,0xB5F7,0xB5F7,0xB5F7,0xB5F7,0xB5F7,
  0xB5F7,0xB5F7,0xB5F7,0xB5F7,0xB5F7,0xB5F7,0xB5F7,0xB5F7,0xB5F7,0xB5F7,0xB5F7,0xB5F7,0xB5F7,0xB5F7,0xB5F7,0xB5F7,
  0xB5F7,0xB5F7,0xB5F7,0xB5F7,0xB5F7,0xB5F7,0xB5F7,0xB5F7,0xB5F7,0xB5F7,0xB5F7,0xB5F7,0xB5F7,0xB5F7,0xB5F7,0xB5F7,
  0xB5F7,0xB5F7,0xB5F7,0xB5F7,0xB5F7,0xB5F7,0xB5F7,0xB5F7,0xB5F7,0xB5F7,0xB5F7,0xB5F7,0xB5F7,0xB5F7,0xB5F7,0xB5F7,
  0xB5F7,0xB5F7,0xB5F7,0xB5F7,0xB5F7,0xB5F7,0xB5F7,0xB5F7,0xB5F7,0xB5F7,0xB5F7,0xB5F7,0xB5F7,0xB5F7,0xB5F7,0xB5F7,
  0xB5F7,0xB5F7,0xB5F7,0xB5F7,0xB5F7,0xB5F7,0xB5F7,0xB5F7,0xB5F7,0xB5F7,0xB5F7,0xB5F7,0xB5F7,0xB5F7,0xB5F7,0xB5F7,
  0xB5F7,0xB5F7,0xB5F7,0xB5F7,0xB5F7,0xB5F7,0xB5F7,0xB5F7,0xB5F7,0xB5F6,0xBE17,0x9CF3,0x5AED,0x428C,0x5331,0x5311,
  0x428F,0x4AF1,0x6390,0xE79E,0xE7DF,0xFFFF,0x634D,0x4A8A,0xFFFF,0xE7BF,0xE7BF,0xF7FF,0xF7BE,0xC6DB,0xBEDC,0xBEDC,
  0xB69B,0xD75D,0xEFFF,0xEFDF,0xEFDF,0xEFDF,0xEFDF,0xEFDF,0xEFDF,0xEFDF,0xEFDF,0xEFFF,0xE77D,0x632E,0x6393,0x5B52,
  0x1906,0x7BF0,0xFFFF,0xDF3D,0xD6FC,0xD6FC,0xD6DC,0xD6FB,0xD6DB,0xD6DB,0xD6DB,0xD6FC,0xE75D,0xF7BE,0x52ED,0x426D,
  0x73AF,0xFFFF,0xE7DF,0xE7DF,0xE7DF,0xE7DF,0xE7DF,0xE7DF,0xEFFF,0xEFDF,0xEFDF,0xEFFF,0xE7DF,0xEFFF,0xEFDF,0xEFFF,
  0xEFFF,0xEFFF,0xE7DF,0xE7DF,0xEFDF,0xEFFF,0xE7DF,0xE7DF,0xEFDF,0xE7BF,0xFFFF,0x7BF0,0x3A4F,0x320E,0x29AD,0xAD79,
  0x9D18,0x5B31,0x428F,0x3A70,0x6B70,0xFFFF,0xE7DF,0xE7DF,0xE7DF,0xEFDF,0xE7DF,0xE7DF,0xEFFF,0xCEFC,0xD6BA,0xFFFF,
  0xEF9E,0x20E3,0xC5F7,0xFFFF,0xFFFF,0xB575,0x0841,0xD69A,0xFFFF,0xFFFF,0x8C51,0x18A2,0xFFFF,0x5269,0x2945,0xAD55,
  0x0841,0x1082,0x1061,0x1082,0xE71C,0x9CF3,0x0861,0x18C3,0x2924,0x0841,0x736C,0xFFFF,0x6B6D,0x5269,0xFFFF,0xFFFF,
  0x528A,0x5AAA,0xFFFF,0xF7BE,0xCE59,0xEFDF,0xE7DF,0xEFDF,0xE7DF,0xE7DF,0xE7DF,0xE7DF,0xE7DF,0xEFDF,0xCF9F,0xBF5F,
  0xC77F,0xC77F,0xBF5E,0xEFDF,0xF7FF,0xE7BF,0xF7FF,0xD6DB,0x10A2,0xDF1C,0xEFFF,0xEFFF,0xC69A,0x428D,0x4290,0x428F,
  0x52F0,0x31C9,0x39E9,0x4A4A,0x422A,0x9CF3,0xBE37,0xB5F6,0xB5F7,0xB5F7,0xB5F7,0xB5F7,0xB5F7,0xB5F7,0xB5F7,0xB5F7,
  0xB5F7,0xB5F7,0xB5F7,0xB5F7,0xB5F7,0xB5F7,0xB5F7,0xB5F7,0xB5F7,0xB5F7,0xB5F7,0xB5F7,0xB5F7,0xB5F7,0xB5F7,0xB5F7,
  0xB5F7,0xB5F7,0xB5F7,0xB5F7,0xB5F7,0xB5F7,0xB5F7,0xB5F7,0xB5F7,0xB5F7,0xB5F7,0xB5F7,0xB5F7,0xB5F7,0xB5F7,0xB5F7,
  0xB5F7,0xB5F7,0xB5F7,0xB5F7,0xB5F7,0xB5F7,0xB5F7,0xB5F7,0xB5F7,0xB5F7,0xB5F7,0xB5F7,0xB5F7,0xB5F7,0xB5F7,0xB5F7,
  0xB5F7,0xB5F7,0xB5F7,0xB5F7,0xB5F7,0xB5F7,0xB5F7,0xB5F7,0xB5F7,0xB5F7,0xB5F7,0xB5F7,0xB5F7,0xB5F7,0xB5F7,0xB5F7,
  0xB5F7,0xB5F7,0xB5F7,0xB5F7,0xB5F7,0xB5F7,0xB5F7,0xB5F7,0xB5F7,0xB5F7,0xB5F7,0xB5F7,0xB5F7,0xB5F7,0xB5F7,0xB5F7,
  0xB5F7,0xB5F7,0xB5F7,0xB5F7,0xB5F7,0xB5F7,0xB5F7,0xB5F7,0xB5F7,0xB5F7,0xB5F7,0xB5F7,0xB5F7,0xB5F7,0xB5F7,0xB5F7,
  0xB5F7,0xB5F7,0xB5F7,0xB5F7,0xB5F7,0xB5F7,0xB5F7,0xB5F7,0xB5F7,0xB5F7,0xB5F7,0xB5F7,0xB5F7,0xB5F7,0xB5F7,0xB5F7,
  0xB5F7,0xB5F7,0xB5F7,0xB5F7,0xB5F7,0xB5F7,0xB5F7,0xB5F7,0xB5F7,0xB5F7,0xB5F7,0xB5F7,0xB5F7,0xB5F7,0xB5F7,0xB5F7,
  0xB5F7,0xB5F7,0xB5F7,0xB5F7,0xB5F7,0xB5F7,0xB5F7,0xB5F7,0xB5F7,0xB5D6,0xC658,0x7C30,0x4229,0x426C,0x5311,0x4AF0,
  0x428F,0x4AF1,0x6B90,0xE79E,0xE7DF,0xFFFF,0x634D,0x4AAB,0xFFFF,0xE7DF,0xEFDF,0xF7FF,0xF7DF,0xC6BB,0xBEBB,0xC6FC,
  0xB69B,0xCF3D,0xEFFF,0xEFDF,0xEFDF,0xEFDF,0xEFFF,0xE7DF,0xE7DF,0xEFDF,0xEFFF,0xE7BF,0xFFFF,0x8C72,0x4AD0,0x5B73,
  0x5311,0x2147,0x8430,0xDEFB,0xE77D,0xF7BE,0xF7BE,0xF7DE,0xF7DF,0xEF9E,0xEFBE,0xE75D,0xD69A,0x634E,0x4AD0,0x3A2B,
  0xC659,0xF7FF,0xE7DF,0xEFDF,0xE7FF,0xE7FF,0xEFFF,0xE7FF,0xEFDF,0xEFFF,0xE7DF,0xE7FF,0xE7DF,0xEFFF,0xEFDF,0xEFDF,
  0xE7DF,0xEFDF,0xEFDF,0xEFDF,0xEFFF,0xE7FF,0xEFDF,0xE7DF,0xEFDF,0xE7BF,0xFFFF,0x73D0,0x3A6F,0x320E,0x29AD,0xAD79,
  0x9CF7,0x5311,0x428F,0x4290,0x6B90,0xFFFF,0xE7BF,0xEFDF,0xE7DF,0xE7DF,0xE7DF,0xE7DF,0xEFFF,0xCEDB,0xCE9A,0xFFFF,
  0xEF7D,0x10A2,0xBDD7,0xFFFF,0xE73C,0x2945,0x18A2,0xCE39,0xFFFF,0xDEDB,0x0000,0xCE59,0xAD75,0x0000,0x3166,0xEF7D,
  0xDF1C,0x4228,0x5AAB,0xE71C,0xAD55,0x0020,0xA514,0xFFDF,0xFFFF,0xCE7A,0x3186,0xAD34,0x738E,0x4A69,0xFFFF,0xFFFF,
  0x5AEB,0x52AA,0xFFFF,0xF7BE,0xCE59,0xEFDF,0xE7DF,0xEFDF,0xE7DF,0xEFDF,0xE7DF,0xE7DF,0xE7DF,0xEFFF,0xCF9F,0xBF7F,
  0xC77F,0xC77F,0xBF5E,0xEFDF,0xEFFF,0xE7BF,0xF7FF,0xD6DB,0x1082,0xDF3C,0xEFFF,0xEFFF,0xCEBA,0x3A4C,0x4AD1,0x4AB0,
  0x4AAF,0x31EA,0x31C9,0x4209,0x4209,0x9D34,0xBE17,0xB5F6,0xB5F7,0xB5F7,0xB5F7,0xB5F7,0xB5F7,0xB5F7,0xB5F7,0xB5F7,
  0xB5F7,0xB5F7,0xB5F7,0xB5F7,0xB5F7,0xB5F7,0xB5F7,0xB5F7,0xB5F7,0xB5F7,0xB5F7,0xB5F7,0xB5F7,0xB5F7,0xB5F7,0xB5F7,
  0xB5F7,0xB5F7,0xB5F7,0xB5F7,0xB5F7,0xB5F7,0xB5F7,0xB5F7,0xB5F7,0xB5F7,0xB5F7,0xB5F7,0xB5F7,0xB5F7,0xB5F7,0xB5F7,
  0xB5F7,0xB5F7,0xB5F7,0xB5F7,0xB5F7,0xB5F7,0xB5F7,0xB5F7,0xB5F7,0xB5F7,0xB5F7,0xB5F7,0xB5F7,0xB5F7,0xB5F7,0xB5F7,
  0xB5F7,0xB5F7,0xB5F7,0xB5F7,0xB5F7,0xB5F7,0xB5F7,0xB5F7,0xB5F7,0xB5F7,0xB5F7,0xB5F7,0xB5F7,0xB5F7,0xB5F7,0xB5F7,
  0xB5F7,0xB5F7,0xB5F7,0xB5F7,0xB5F7,0xB5F7,0xB5F7,0xB5F7,0xB5F7,0xB5F7,0xB5F7,0xB5F7,0xB5F7,0xB5F7,0xB5F7,0xB5F7,
  0xB5F7,0xB5F7,0xB5F7,0xB5F7,0xB5F7,0xB5F7,0xB5F7,0xB5F7,0xB5F7,0xB5F7,0xB5F7,0xB5F7,0xB5F7,0xB5F7,0xB5F7,0xB5F7,
  0xB5F7,0xB5F7,0xB5F7,0xB5F7,0xB5F7,0xB5F7,0xB5F7,0xB5F7,0xB5F7,0xB5F7,0xB5F7,0xB5F7,0xB5F7,0xB5F7,0xB5F7,0xB5F7,
  0xB5F7,0xB5F7,0xB5F7,0xB5F7,0xB5F7,0xB5F7,0xB5F7,0xB5F7,0xB5F7,0xB5F7,0xB5F7,0xB5F7,0xB5F7,0xB5F7,0xB5F7,0xB5F7,
  0xB5F7,0xB5F7,0xB5F7,0xB5F7,0xB5F7,0xB5F7,0xB5F7,0xB5F7,0xB5F7,0xB5D6,0xC658,0x73AF,0x424B,0x4A8C,0x5331,0x4AF0,
  0x3A6F,0x5311,0x6390,0xE79E,0xE7DF,0xFFFF,0x636D,0x4AAB,0xFFFF,0xE7DF,0xEFDF,0xF7FF,0xF7DE,0xBEBB,0xBEDC,0xC6FC,
  0xB69B,0xCF3D,0xEFFF,0xEFDF,0xEFDF,0xE7DF,0xEFDF,0xE7DF,0xE7DF,0xEFDF,0xEFDF,0xE7DF,0xEFFF,0xEF9D,0x5B2E,0x5332,
  0x5311,0x4AD1,0x320D,0x3A0B,0x52AC,0x632E,0x634F,0x636E,0x632E,0x73B0,0x636E,0x52AC,0x31EB,0x4AD0,0x3A4C,0x7411,
  0xFFFF,0xE7DF,0xEFFF,0xE7DF,0xEFFF,0xE7DF,0xEFDF,0xE7DF,0xEFFF,0xE7DF,0xEFFF,0xEFDF,0xE7DF,0xE7DF,0xEFFF,0xEFFF,
  0xE7DF,0xEFFF,0xEFDF,0xE7DF,0xE7DF,0xE7DF,0xE7FF,0xEFFF,0xEFDF,0xE7DF,0xFFFF,0x73D0,0x3A4F,0x320E,0x21AD,0xAD79,
  0x9D18,0x5311,0x42B0,0x3A4F,0x73B1,0xFFFF,0xE7DF,0xEFFF,0xE7DF,0xE7DF,0xEFDF,0xE7DF,0xEFFF,0xD6FC,0xCE9A,0xFFFF,
  0xEF7D,0x1082,0xAD55,0xFFFF,0x5ACB,0x0000,0x20E3,0xCE38,0xFFFF,0x2945,0x630C,0xF79E,0x0861,0x2945,0x2124,0xF7DE,
  0xFFFF,0x528A,0x736D,0xFFFF,0x3165,0x8410,0xFFFF,0xFFDF,0xFFDF,0xFFFF,0xFFFF,0xF79E,0x738E,0x5269,0xFFFF,0xFFFF,
  0x5ACB,0x5AAA,0xFFFF,0xF7BE,0xC638,0xEFDF,0xE7DF,0xE7DF,0xE7DF,0xE7DF,0xE7DF,0xE7DF,0xE7DF,0xEFFF,0xCF9F,0xBF7F,
  0xC79F,0xC79F,0xBF5E,0xEFDF,0xF7FF,0xE7BF,0xF7FF,0xD6DB,0x1082,0xDF3D,0xEFFF,0xEFFF,0xC69A,0x426D,0x4AF1,0x4AD0,
  0x4ACF,0x31CA,0x31C9,0x4209,0x422A,0x9D14,0xBE17,0xB5F6,0xB5F7,0xB5F7,0xB5F7,0xB5F7,0xB5F7,0xB5F7,0xB5F7,0xB5F7,
  0xB5F7,0xB5F7,0xB5F7,0xB5F7,0xB5F7,0xB5F7,0xB5F7,0xB5F7,0xB5F7,0xB5F7,0xB5F7,0xB5F7,0xB5F7,0xB5F7,0xB5F7,0xB5F7,
  0xB5F7,0xB5F7,0xB5F7,0xB5F7,0xB5F7,0xB5F7,0xB5F7,0xB5F7,0xB5F7,0xB5F7,0xB5F7,0xB5F7,0xB5F7,0xB5F7,0xB5F7,0xB5F7,
  0xB5F7,0xB5F7,0xB5F7,0xB5F7,0xB5F7,0xB5F7,0xB5F7,0xB5F7,0xB5F7,0xB5F7,0xB5F7,0xB5F7,0xB5F7,0xB5F7,0xB5F7,0xB5F7,
  0xB5F7,0xB5F7,0xB5F7,0xB5F7,0xB5F7,0xB5F7,0xB5F7,0xB5F7,0xB5F7,0xB5F7,0xB5F7,0xB5F7,0xB5F7,0xB5F7,0xB5F7,0xB5F7,
  0xB5F7,0xB5F7,0xB5F7,0xB5F7,0xB5F7,0xB5F7,0xB5F7,0xB5F7,0xB5F7,0xB5F7,0xB5F7,0xB5F7,0xB5F7,0xB5F7,0xB5F7,0xB5F7,
  0xB5F7,0xB5F7,0xB5F7,0xB5F7,0xB5F7,0xB5F7,0xB5F7,0xB5F7,0xB5F7,0xB5F7,0xB5F7,0xB5F7,0xB5F7,0xB5F7,0xB5F7,0xB5F7,
  0xB5F7,0xB5F7,0xB5F7,0xB5F7,0xB5F7,0xB5F7,0xB5F7,0xB5F7,0xB5F7,0xB5F7,0xB5F7,0xB5F7,0xB5F7,0xB5F7,0xB5F7,0xB5F7,
  0xB5F7,0xB5F7,0xB5F7,0xB5F7,0xB5F7,0xB5F7,0xB5F7,0xB5F7,0xB5F7,0xB5F7,0xB5F7,0xB5F7,0xB5F7,0xB5F7,0xB5F7,0xB5F7,
  0xB5F7,0xB5F7,0xB5F7,0xB5F7,0xB5F7,0xB5F7,0xB5F7,0xB5F7,0xB5F7,0xB5D6,0xC638,0x73CF,0x52AC,0x424C,0x5331,0x4AD0,
  0x428F,0x4AF1,0x6370,0xE79E,0xE7DF,0xFFFF,0x634D,0x4AAB,0xFFFF,0xE7BF,0xEFBF,0xF7FF,0xF7BE,0xBEBB,0xBEDC,0xC6FC,
  0xB69B,0xCF3D,0xEFFF,0xEFDF,0xEFDF,0xEFDF,0xEFDF,0xEFFF,0xEFDF,0xEFFF,0xEFDF,0xEFDF,0xE7DF,0xEFFF,0xDEFB,0x5AED,
  0x3A2E,0x4AB0,0x5332,0x5313,0x4290,0x3A6F,0x4291,0x4AD1,0x4AF1,0x5B32,0x4AB0,0x3A90,0x4AD1,0x29CB,0x5B4E,0xF7DF,
  0xE7DF,0xEFDF,0xE7DF,0xE7DF,0xEFFF,0xEFDF,0xEFDF,0xEFFF,0xEFDF,0xE7DF,0xEFFF,0xE7DF,0xE7DF,0xE7DF,0xE7DF,0xE7DF,
  0xE7DF,0xE7DF,0xE7DF,0xE7DF,0xE7DF,0xE7DF,0xE7DF,0xE7DF,0xE7DF,0xDFBF,0xF7FF,0x73D0,0x3A4F,0x320E,0x21AD,0xA559,
  0x9CF7,0x5B31,0x4290,0x4270,0x73B1,0xFFFF,0xE7DF,0xEFDF,0xE7DF,0xEFDF,0xE7DF,0xE7DF,0xEFFF,0xCEFC,0xCE9A,0xFFFF,
  0xEF5D,0x0020,0xD679,0xB596,0x0841,0xAD75,0x1082,0xEF3C,0x9492,0x0841,0xFFFF,0x4208,0x5ACB,0xD6BA,0x18A2,0xFFDE,
  0xFFFF,0x4A6A,0x738E,0xFFFF,0x10A2,0xE6FB,0xFFFF,0xFFDF,0xFFDF,0xFFDF,0xFFBE,0xFFFF,0x8430,0x18A2,0x39A6,0x41A6,
  0x1082,0x632C,0xFFFF,0xF7BE,0xC638,0xEFDF,0xE7DF,0xEFDF,0xE7DF,0xEFFF,0xE7DF,0xE7DF,0xE7DF,0xEFFF,0xCF9F,0xBF5F,
  0xC77F,0xC77F,0xBF7E,0xEFDF,0xF7FF,0xE7BF,0xF7FF,0xD6DB,0x10A2,0xE75D,0xEFFF,0xEFFF,0xCEBB,0x4AAE,0x42B0,0x42AF,
  0x4ACF,0x31CA,0x39E9,0x424A,0x39E9,0x9D13,0xBE17,0xB5F6,0xB5F7,0xB5F7,0xB5F7,0xB5F7,0xB5F7,0xB5F7,0xB5F7,0xB5F7,
  0xB5F7,0xB5F7,0xB5F7,0xB5F7,0xB5F7,0xB5F7,0xB5F7,0xB5F7,0xB5F7,0xB5F7,0xB5F7,0xB5F7,0xB5F7,0xB5F7,0xB5F7,0xB5F7,
  0xB5F7,0xB5F7,0xB5F7,0xB5F7,0xB5F7,0xB5F7,0xB5F7,0xB5F7,0xB5F7,0xB5F7,0xB5F7,0xB5F7,0xB5F7,0xB5F7,0xB5F7,0xB5F7,
  0xB5F7,0xB5F7,0xB5F7,0xB5F7,0xB5F7,0xB5F7,0xB5F7,0xB5F7,0xB5F7,0xB5F7,0xB5F7,0xB5F7,0xB5F7,0xB5F7,0xB5F7,0xB5F7,
  0xB5F7,0xB5F7,0xB5F7,0xB5F7,0xB5F7,0xB5F7,0xB5F7,0xB5F7,0xB5F7,0xB5F7,0xB5F7,0xB5F7,0xB5F7,0xB5F7,0xB5F7,0xB5F7,
  0xB5F7,0xB5F7,0xB5F7,0xB5F7,0xB5F7,0xB5F7,0xB5F7,0xB5F7,0xB5F7,0xB5F7,0xB5F7,0xB5F7,0xB5F7,0xB5F7,0xB5F7,0xB5F7,
  0xB5F7,0xB5F7,0xB5F7,0xB5F7,0xB5F7,0xB5F7,0xB5F7,0xB5F7,0xB5F7,0xB5F7,0xB5F7,0xB5F7,0xB5F7,0xB5F7,0xB5F7,0xB5F7,
  0xB5F7,0xB5F7,0xB5F7,0xB5F7,0xB5F7,0xB5F7,0xB5F7,0xB5F7,0xB5F7,0xB5F7,0xB5F7,0xB5F7,0xB5F7,0xB5F7,0xB5F7,0xB5F7,
  0xB5F7,0xB5F7,0xB5F7,0xB5F7,0xB5F7,0xB5F7,0xB5F7,0xB5F7,0xB5F7,0xB5F7,0xB5F7,0xB5F7,0xB5F7,0xB5F7,0xB5F7,0xB5F7,
  0xB5F7,0xB5F7,0xB5F7,0xB5F7,0xB5F7,0xB5F7,0xB5F7,0xB5F7,0xB5F7,0xB5D6,0xC658,0x73CF,0x2125,0x52CD,0x5331,0x4AF0,
  0x428F,0x5311,0x634F,0xE77E,0xE7DF,0xFFFF,0x5B0C,0x5AEC,0xFFFF,0xE7BF,0xE7DF,0xF7FF,0xF7DF,0xBEBB,0xBEDC,0xC6FC,
  0xB69B,0xCF3D,0xEFFF,0xE7DF,0xEFFF,0xE7DF,0xEFDF,0xEFDF,0xEFDF,0xEFDF,0xEFFF,0xE7DF,0xEFDF,0xE7DF,0xF7FF,0xEF9E,
  0x8C92,0x4A8C,0x31CB,0x29AB,0x3A2D,0x320C,0x320C,0x320D,0x31CB,0x29AB,0x31CA,0x3A4C,0x52CD,0xA555,0xF7FF,0xE7DF,
  0xE7DF,0xE7DF,0xE7DF,0xE7DF,0xEFDF,0xEFDF,0xE7DF,0xEFDF,0xEFDF,0xEFFF,0xE7DF,0xEFFF,0xEFFF,0xEFFF,0xE7DF,0xE7DF,
  0xE7FF,0xE7DF,0xE7DF,0xE7DF,0xEFDF,0xE7DF,0xE7DF,0xE7DF,0xE7DF,0xE7BF,0xFFFF,0x73B0,0x322F,0x320E,0x21AD,0xA559,
  0x94D7,0x5311,0x4290,0x4270,0x73B1,0xFFFF,0xE7BF,0xE7DF,0xEFDF,0xE7DF,0xE7DF,0xE7DF,0xEFFF,0xD71C,0xCEBA,0xFFFF,
  0xEF5D,0x18C3,0x6B6D,0x1082,0x9CD3,0xFFFF,0x1082,0x736E,0x0020,0xC618,0xAD75,0x0000,0xDEDB,0xBDD7,0x10A2,0xFFBE,
  0xFFFF,0x528A,0x6B6D,0xFFFF,0x18C3,0xCE79,0xFFFF,0xFFBE,0xFFDF,0xFFBE,0xFFDF,0xFFFF,0x8430,0x2104,0x6B6D,0x6B6D,
  0x2924,0x630C,0xFFFF,0xF7BE,0xC638,0xEFDF,0xEFDF,0xEFDF,0xEFDF,0xE7DF,0xEFDF,0xE7DF,0xE7DF,0xEFDF,0xC77F,0xBF7F,
  0xC77F,0xC77F,0xBF7F,0xEFDF,0xF7FF,0xE7BF,0xF7FF,0xD6DB,0x1082,0xDF3C,0xEFFF,0xEFFF,0xCEBB,0x52EF,0x4290,0x428F,
  0x428E,0x31EA,0x39C9,0x422A,0x3A09,0x94F3,0xBE37,0xB5D6,0xB5F7,0xB5F7,0xB5F7,0xB5F7,0xB5F7,0xB5F7,0xB5F7,0xB5F7,
  0xB5F7,0xB5F7,0xB5F7,0xB5F7,0xB5F7,0xB5F7,0xB5F7,0xB5F7,0xB5F7,0xB5F7,0xB5F7,0xB5F7,0xB5F7,0xB5F7,0xB5F7,0xB5F7,
  0xB5F7,0xB5F7,0xB5F7,0xB5F7,0xB5F7,0xB5F7,0xB5F7,0xB5F7,0xB5F7,0xB5F7,0xB5F7,0xB5F7,0xB5F7,0xB5F7,0xB5F7,0xB5F7,
  0xB5F7,0xB5F7,0xB5F7,0xB5F7,0xB5F7,0xB5F7,0xB5F7,0xB5F7,0xB5F7,0xB5F7,0xB5F7,0xB5F7,0xB5F7,0xB5F7,0xB5F7,0xB5F7,
  0xB5F7,0xB5F7,0xB5F7,0xB5F7,0xB5F7,0xB5F7,0xB5F7,0xB5F7,0xB5F7,0xB5F7,0xB5F7,0xB5F7,0xB5F7,0xB5F7,0xB5F7,0xB5F7,
  0xB5F7,0xB5F7,0xB5F7,0xB5F7,0xB5F7,0xB5F7,0xB5F7,0xB5F7,0xB5F7,0xB5F7,0xB5F7,0xB5F7,0xB5F7,0xB5F7,0xB5F7,0xB5F7,
  0xB5F7,0xB5F7,0xB5F7,0xB5F7,0xB5F7,0xB5F7,0xB5F7,0xB5F7,0xB5F7,0xB5F7,0xB5F7,0xB5F7,0xB5F7,0xB5F7,0xB5F7,0xB5F7,
  0xB5F7,0xB5F7,0xB5F7,0xB5F7,0xB5F7,0xB5F7,0xB5F7,0xB5F7,0xB5F7,0xB5F7,0xB5F7,0xB5F7,0xB5F7,0xB5F7,0xB5F7,0xB5F7,
  0xB5F7,0xB5F7,0xB5F7,0xB5F7,0xB5F7,0xB5F7,0xB5F7,0xB5F7,0xB5F7,0xB5F7,0xB5F7,0xB5F7,0xB5F7,0xB5F7,0xB5F7,0xB5F7,
  0xB5F7,0xB5F7,0xB5F7,0xB5F7,0xB5F7,0xB5F7,0xB5F7,0xB5F7,0xB5F7,0xB5F6,0xBE17,0x94B3,0x4A8A,0x3A2B,0x5311,0x4AF0,
  0x428F,0x5311,0x6350,0xE77D,0xE7DF,0xFFFF,0x5B2C,0x52EC,0xFFFF,0xE7DF,0xEFDF,0xF7FF,0xF7DF,0xBEBB,0xBEFC,0xBEDC,
  0xB69B,0xCF5D,0xEFFF,0xE7DF,0xEFFF,0xEFDF,0xE7DF,0xEFDF,0xEFDF,0xE7DF,0xEFFF,0xEFDF,0xEFDF,0xEFDF,0xE7DF,0xEFFF,
  0xFFFF,0xEFFF,0xCE79,0xB5F7,0x9D76,0x9D35,0x9D35,0x9D56,0xADD7,0xBE17,0xBDF7,0xD6FB,0xF7FF,0xFFFF,0xE7DF,0xE7DF,
  0xE7DF,0xE7DF,0xEFDF,0xEFDF,0xEFDF,0xEFFF,0xE7DF,0xEFFF,0xEFDF,0xEFDF,0xF7FF,0xE79E,0xDF3C,0xE77D,0xF7FF,0xE7FF,
  0xE7DF,0xEFDF,0xE7DF,0xEFDF,0xE7DF,0xE7DF,0xE7DF,0xE7DF,0xE7DF,0xE7BF,0xFFFF,0x7BF1,0x3A6F,0x320E,0x21AD,0xA579,
  0x94F7,0x5311,0x4290,0x4290,0x73B1,0xF7FF,0xE7DF,0xEFDF,0xEFDF,0xEFDF,0xEFFF,0xE7DF,0xEFFF,0xD73C,0xD6BA,0xFFFF,
  0xEF5D,0x31A6,0x0820,0x528A,0xFFFF,0xE73C,0x2945,0x0000,0x6B4D,0xF7BE,0x1082,0x10A2,0x1082,0x0820,0x2945,0xF79E,
  0xFFFF,0x52AA,0x6B2C,0xFFFF,0x52AA,0x5249,0xFFFF,0xFFFF,0xFFFF,0xFFFF,0xF77D,0xF77D,0x7BEF,0x4A69,0xFFFF,0xFFFF,
  0x6B4D,0x52AA,0xFFFF,0xF7BE,0xBE18,0xEFDF,0xEFFF,0xE7DF,0xEFDF,0xEFDF,0xE7DF,0xE7DF,0xE7DF,0xEFDF,0xCF9F,0xBF7F,
  0xC77F,0xC77F,0xBF5E,0xEFDF,0xF7FF,0xE7BF,0xEFFF,0xD6DB,0x10A2,0xE75D,0xEFFF,0xF7FF,0xC69A,0x634F,0x428F,0x42AF,
  0x4A8E,0x31C9,0x31A8,0x422A,0x4A6B,0xA534,0xBE17,0xB5F6,0xB5F7,0xB5F7,0xB5F7,0xB5F7,0xB5F7,0xB5F7,0xB5F7,0xB5F7,
  0xB5F7,0xB5F7,0xB5F7,0xB5F7,0xB5F7,0xB5F7,0xB5F7,0xB5F7,0xB5F7,0xB5F7,0xB5F7,0xB5F7,0xB5F7,0xB5F7,0xB5F7,0xB5F7,
  0xB5F7,0xB5F7,0xB5F7,0xB5F7,0xB5F7,0xB5F7,0xB5F7,0xB5F7,0xB5F7,0xB5F7,0xB5F7,0xB5F7,0xB5F7,0xB5F7,0xB5F7,0xB5F7,
  0xB5F7,0xB5F7,0xB5F7,0xB5F7,0xB5F7,0xB5F7,0xB5F7,0xB5F7,0xB5F7,0xB5F7,0xB5F7,0xB5F7,0xB5F7,0xB5F7,0xB5F7,0xB5F7,
  0xB5F7,0xB5F7,0xB5F7,0xB5F7,0xB5F7,0xB5F7,0xB5F7,0xB5F7,0xB5F7,0xB5F7,0xB5F7,0xB5F7,0xB5F7,0xB5F7,0xB5F7,0xB5F7,
  0xB5F7,0xB5F7,0xB5F7,0xB5F7,0xB5F7,0xB5F7,0xB5F7,0xB5F7,0xB5F7,0xB5F7,0xB5F7,0xB5F7,0xB5F7,0xB5F7,0xB5F7,0xB5F7,
  0xB5F7,0xB5F7,0xB5F7,0xB5F7,0xB5F7,0xB5F7,0xB5F7,0xB5F7,0xB5F7,0xB5F7,0xB5F7,0xB5F7,0xB5F7,0xB5F7,0xB5F7,0xB5F7,
  0xB5F7,0xB5F7,0xB5F7,0xB5F7,0xB5F7,0xB5F7,0xB5F7,0xB5F7,0xB5F7,0xB5F7,0xB5F7,0xB5F7,0xB5F7,0xB5F7,0xB5F7,0xB5F7,
  0xB5F7,0xB5F7,0xB5F7,0xB5F7,0xB5F7,0xB5F7,0xB5F7,0xB5F7,0xB5F7,0xB5F7,0xB5F7,0xB5F7,0xB5F7,0xB5F7,0xB5F7,0xB5F7,
  0xB5F7,0xB5F7,0xB5F7,0xB5F7,0xB5F7,0xB5F7,0xB5F7,0xB5F7,0xB5F7,0xB5D6,0xC638,0x7BF0,0x8452,0x4A6C,0x5B52,0x52F0,
  0x428F,0x4AD1,0x6370,0xE77E,0xE7DF,0xFFFF,0x4AAB,0x52EC,0xFFFF,0xE7BF,0xE7DF,0xF7FF,0xF7BE,0xBEBB,0xBEDC,0xC6FC,
  0xB69B,0xCF5E,0xEFFF,0xEFDF,0xEFFF,0xEFDF,0xEFDF,0xEFDF,0xEFDF,0xE7DF,0xEFDF,0xEFDF,0xEFFF,0xEFDF,0xE7BF,0xE7DF,
  0xE7BF,0xE7DF,0xEFFF,0xF7FF,0xF7FF,0xF7FF,0xFFFF,0xFFFF,0xEFFF,0xF7FF,0xF7FF,0xEFFF,0xE7DF,0xE7BF,0xE7DF,0xE7DF,
  0xEFFF,0xEFFF,0xE7DF,0xE7DF,0xEFFF,0xE7DF,0xEFFF,0xEFFF,0xEFFF,0xF7FF,0xC639,0xB5F7,0xC659,0xBDF8,0xC639,0xF7FF,
  0xE7DF,0xEFDF,0xE7DF,0xE7DF,0xE7DF,0xE7DF,0xE7DF,0xEFFF,0xE7DF,0xE7BF,0xFFFF,0x73D0,0x3A2F,0x320E,0x21AD,0xA579,
  0x94F7,0x52F1,0x428F,0x4AB1,0x73B1,0xFFFF,0xE7BF,0xE7DF,0xE7DF,0xEFDF,0xEFDF,0xE7DF,0xEFFF,0xDF3C,0xD6DB,0xFFFF,
  0xEF5D,0x18E3,0x2104,0xDEFB,0xFFFF,0xE73C,0x10A2,0x2965,0xFFDF,0x4228,0x39E7,0xCE59,0xD6BA,0x9492,0x1061,0xF7BE,
  0xFFFF,0x4A49,0x630C,0xFFFF,0xE71C,0x2104,0x5A8A,0xC5F7,0xCE18,0x8C30,0x1882,0xBDD6,0x8C51,0x41E7,0xFFDF,0xFFDF,
  0x632C,0x4A49,0xFFFF,0xF79E,0xBDF7,0xEFDF,0xE7DF,0xEFDF,0xEFDF,0xE7DF,0xE7DF,0xE7DF,0xE7DF,0xEFFF,0xCF9F,0xBF7F,
  0xCF9F,0xC79F,0xBF5E,0xEFDF,0xEFFF,0xDFBF,0xF7FF,0xD6DB,0x1082,0xE75D,0xEFFF,0xEFFF,0xCEBB,0x52CE,0x4290,0x4AD0,
  0x4A8E,0x31CA,0x31C8,0x4A4A,0x4229,0x9D14,0xBE17,0xB5F6,0xB5F7,0xB5F7,0xB5F7,0xB5F7,0xB5F7,0xB5F7,0xB5F7,0xB5F7,
  0xB5F7,0xB5F7,0xB5F7,0xB5F7,0xB5F7,0xB5F7,0xB5F7,0xB5F7,0xB5F7,0xB5F7,0xB5F7,0xB5F7,0xB5F7,0xB5F7,0xB5F7,0xB5F7,
  0xB5F7,0xB5F7,0xB5F7,0xB5F7,0xB5F7,0xB5F7,0xB5F7,0xB5F7,0xB5F7,0xB5F7,0xB5F7,0xB5F7,0xB5F7,0xB5F7,0xB5F7,0xB5F7,
  0xB5F7,0xB5F7,0xB5F7,0xB5F7,0xB5F7,0xB5F7,0xB5F7,0xB5F7,0xB5F7,0xB5F7,0xB5F7,0xB5F7,0xB5F7,0xB5F7,0xB5F7,0xB5F7,
  0xB5F7,0xB5F7,0xB5F7,0xB5F7,0xB5F7,0xB5F7,0xB5F7,0xB5F7,0xB5F7,0xB5F7,0xB5F7,0xB5F7,0xB5F7,0xB5F7,0xB5F7,0xB5F7,
  0xB5F7,0xB5F7,0xB5F7,0xB5F7,0xB5F7,0xB5F7,0xB5F7,0xB5F7,0xB5F7,0xB5F7,0xB5F7,0xB5F7,0xB5F7,0xB5F7,0xB5F7,0xB5F7,
  0xB5F7,0xB5F7,0xB5F7,0xB5F7,0xB5F7,0xB5F7,0xB5F7,0xB5F7,0xB5F7,0xB5F7,0xB5F7,0xB5F7,0xB5F7,0xB5F7,0xB5F7,0xB5F7,
  0xB5F7,0xB5F7,0xB5F7,0xB5F7,0xB5F7,0xB5F7,0xB5F7,0xB5F7,0xB5F7,0xB5F7,0xB5F7,0xB5F7,0xB5F7,0xB5F7,0xB5F7,0xB5F7,
  0xB5F7,0xB5F7,0xB5F7,0xB5F7,0xB5F7,0xB5F7,0xB5F7,0xB5F7,0xB5F7,0xB5F7,0xB5F7,0xB5F7,0xB5F7,0xB5F7,0xB5F7,0xB5F7,
  0xB5F7,0xB5F7,0xB5F7,0xB5F7,0xB5F7,0xB5F7,0xB5F7,0xB5F7,0xB5F7,0xB5D6,0xBE17,0x8CB3,0x52CC,0x31E9,0x5B52,0x4AF0,
  0x42B0,0x4AF1,0x6370,0xE79E,0xE7BF,0xFFFF,0x4A8A,0x52EC,0xFFFF,0xE7BF,0xE7DF,0xF7FF,0xF7DF,0xBE9B,0xB6BB,0xBEFC,
  0xB69B,0xCF5E,0xEFFF,0xE7DF,0xE7DF,0xE7DF,0xEFDF,0xEFDF,0xEFDF,0xEFDF,0xEFDF,0xEFDF,0xE7DF,0xF7FF,0xFFFF,0xF7FF,
  0xE7DF,0xEFFF,0xF7FF,0xE7BF,0xE7FF,0xEFFF,0xDFBF,0xE7FF,0xEFFF,0xE7DF,0xF7FF,0xF7FF,0xEFFF,0xE7DF,0xEFFF,0xF7FF,
  0xEF7D,0xE75D,0xF7FF,0xEFFF,0xEFDF,0xE7DF,0xEFFF,0xE7DF,0xF7FF,0xCE7A,0xC65A,0xE75E,0xADB7,0xBE39,0xBE39,0xC659,
  0xEFFF,0xE7DF,0xEFDF,0xE7DF,0xE7DF,0xE7DF,0xEFDF,0xEFDF,0xEFDF,0xE7BF,0xFFFF,0x73AF,0x322F,0x320E,0x29AD,0xA559,
  0x94D7,0x52F0,0x428F,0x4290,0x7391,0xFFFF,0xE7DF,0xE7DF,0xE7DF,0xEFDF,0xE7DF,0xE7DF,0xEFFF,0xD71D,0xD6DB,0xFFFF,
  0xF79E,0x39E8,0xAD55,0xFFFF,0xFFFF,0xF79E,0x39E7,0xC638,0xD69A,0x3186,0xE73C,0xFFFF,0xFFFF,0xE73C,0x4A69,0xFFDF,
  0xFFFF,0x738E,0x8410,0xFFFF,0xFFFF,0xE73C,0x4A49,0x1082,0x0820,0x2145,0xA534,0xFFFF,0x9CD3,0x632C,0xFFFF,0xFFFF,
  0x8C51,0x736E,0xFFFF,0xF7BE,0xBE17,0xEFDF,0xE7DF,0xEFDF,0xEFFF,0xEFDF,0xE7DF,0xEFFF,0xE7DF,0xEFDF,0xCF9F,0xBF7F,
  0xC79F,0xC77F,0xBF5E,0xEFDF,0xF7FF,0xDFBF,0xF7FF,0xD6DB,0x1082,0xE73D,0xEFFF,0xEFFF,0xCEBB,0x426D,0x4290,0x4AD0,
  0x428E,0x31CA,0x31C9,0x4229,0x422A,0x9D14,0xBE17,0xB5F6,0xB5F7,0xB5F7,0xB5F7,0xB5F7,0xB5F7,0xB5F7,0xB5F7,0xB5F7,
  0xB5F7,0xB5F7,0xB5F7,0xB5F7,0xB5F7,0xB5F7,0xB5F7,0xB5F7,0xB5F7,0xB5F7,0xB5F7,0xB5F7,0xB5F7,0xB5F7,0xB5F7,0xB5F7,
  0xB5F7,0xB5F7,0xB5F7,0xB5F7,0xB5F7,0xB5F7,0xB5F7,0xB5F7,0xB5F7,0xB5F7,0xB5F7,0xB5F7,0xB5F7,0xB5F7,0xB5F7,0xB5F7,
  0xB5F7,0xB5F7,0xB5F7,0xB5F7,0xB5F7,0xB5F7,0xB5F7,0xB5F7,0xB5F7,0xB5F7,0xB5F7,0xB5F7,0xB5F7,0xB5F7,0xB5F7,0xB5F7,
  0xB5F7,0xB5F7,0xB5F7,0xB5F7,0xB5F7,0xB5F7,0xB5F7,0xB5F7,0xB5F7,0xB5F7,0xB5F7,0xB5F7,0xB5F7,0xB5F7,0xB5F7,0xB5F7,
  0xB5F7,0xB5F7,0xB5F7,0xB5F7,0xB5F7,0xB5F7,0xB5F7,0xB5F7,0xB5F7,0xB5F7,0xB5F7,0xB5F7,0xB5F7,0xB5F7,0xB5F7,0xB5F7,
  0xB5F7,0xB5F7,0xB5F7,0xB5F7,0xB5F7,0xB5F7,0xB5F7,0xB5F7,0xB5F7,0xB5F7,0xB5F7,0xB5F7,0xB5F7,0xB5F7,0xB5F7,0xB5F7,
  0xB5F7,0xB5F7,0xB5F7,0xB5F7,0xB5F7,0xB5F7,0xB5F7,0xB5F7,0xB5F7,0xB5F7,0xB5F7,0xB5F7,0xB5F7,0xB5F7,0xB5F7,0xB5F7,
  0xB5F7,0xB5F7,0xB5F7,0xB5F7,0xB5F7,0xB5F7,0xB5F7,0xB5F7,0xB5F7,0xB5F7,0xB5F7,0xB5F7,0xB5F7,0xB5F7,0xB5F7,0xB5F7,
  0xB5F7,0xB5F7,0xB5F7,0xB5F7,0xB5F7,0xB5F7,0xB5F7,0xB5F7,0xB5F7,0xB5D6,0xC658,0x634D,0x31A8,0x530F,0x5331,0x4AD0,
  0x42AF,0x4AF1,0x6B90,0xE79E,0xE7BF,0xFFFF,0x4A8A,0x5B2C,0xFFFF,0xE7DF,0xE7DF,0xF7FF,0xF7BE,0xB69A,0xBEDB,0xBEDC,
  0xB69B,0xCF5D,0xEFFF,0xE7BF,0xEFDF,0xE7DF,0xEFDF,0xEFFF,0xEFDF,0xE7DF,0xEFDF,0xE7DF,0xF7FF,0xC679,0x73CE,0xC659,
  0xF7FF,0xDF1C,0xA555,0xFFFF,0xD71C,0xAD96,0xF7FF,0xD6FB,0xB5F8,0xF7DF,0xA534,0x94B2,0xCE59,0xEFFF,0xF7FF,0x9CF3,
  0x634D,0x73F0,0x73CF,0xF7DF,0xE7DF,0xEFDF,0xE7BF,0xEFFF,0xE79E,0xB5D7,0xE77E,0xDF1C,0xA556,0xD6DB,0xE75D,0xCE9A,
  0xEFDF,0xE7DF,0xE7FF,0xE7DF,0xE7DF,0xE7DF,0xE7DF,0xE7DF,0xE7DF,0xE7BF,0xFFFF,0x73AF,0x322F,0x320E,0x29CD,0xA559,
  0x94D6,0x52F0,0x426F,0x4270,0x6B90,0xFFFF,0xE7DF,0xEFDF,0xE7DF,0xE7DF,0xEFDF,0xE7DF,0xEFFF,0xDF5D,0xCE9A,0xFFFF,
  0xFFDF,0xFFFF,0xFFFF,0xFFDF,0xFFDF,0xFFDF,0xFFFF,0xFFFF,0xF7BE,0xFFFF,0xFFFF,0xFFBE,0xFFBF,0xFFDF,0xFFFF,0xFFFF,
  0xFFDF,0xFFFF,0xFFFF,0xFFDF,0xFFDF,0xFFFF,0xFFFF,0xE75D,0xDEFC,0xFFFF,0xFFFF,0xFFDF,0xFFFF,0xFFFF,0xFFDF,0xFFDF,
  0xFFFF,0xFFFF,0xFFFF,0xF7BE,0xBDF7,0xF7FF,0xE7DF,0xE7DF,0xE7DF,0xE7DF,0xE7DF,0xE7DF,0xE7DF,0xEFDF,0xCF9F,0xBF7F,
  0xC79F,0xC77F,0xBF5E,0xEFDF,0xF7FF,0xE7BF,0xF7FF,0xD6DB,0x1082,0xE75D,0xEFFF,0xEFFF,0xCEBB,0x426D,0x4290,0x4AD0,
  0x428E,0x39EA,0x3188,0x3A09,0x4229,0x9D14,0xBE17,0xB5F6,0xB5F7,0xB5F7,0xB5F7,0xB5F7,0xB5F7,0xB5F7,0xB5F7,0xB5F7,
  0xB5F7,0xB5F7,0xB5F7,0xB5F7,0xB5F7,0xB5F7,0xB5F7,0xB5F7,0xB5F7,0xB5F7,0xB5F7,0xB5F7,0xB5F7,0xB5F7,0xB5F7,0xB5F7,
  0xB5F7,0xB5F7,0xB5F7,0xB5F7,0xB5F7,0xB5F7,0xB5F7,0xB5F7,0xB5F7,0xB5F7,0xB5F7,0xB5F7,0xB5F7,0xB5F7,0xB5F7,0xB5F7,
  0xB5F7,0xB5F7,0xB5F7,0xB5F7,0xB5F7,0xB5F7,0xB5F7,0xB5F7,0xB5F7,0xB5F7,0xB5F7,0xB5F7,0xB5F7,0xB5F7,0xB5F7,0xB5F7,
  0xB5F7,0xB5F7,0xB5F7,0xB5F7,0xB5F7,0xB5F7,0xB5F7,0xB5F7,0xB5F7,0xB5F7,0xB5F7,0xB5F7,0xB5F7,0xB5F7,0xB5F7,0xB5F7,
  0xB5F7,0xB5F7,0xB5F7,0xB5F7,0xB5F7,0xB5F7,0xB5F7,0xB5F7,0xB5F7,0xB5F7,0xB5F7,0xB5F7,0xB5F7,0xB5F7,0xB5F7,0xB5F7,
  0xB5F7,0xB5F7,0xB5F7,0xB5F7,0xB5F7,0xB5F7,0xB5F7,0xB5F7,0xB5F7,0xB5F7,0xB5F7,0xB5F7,0xB5F7,0xB5F7,0xB5F7,0xB5F7,
  0xB5F7,0xB5F7,0xB5F7,0xB5F7,0xB5F7,0xB5F7,0xB5F7,0xB5F7,0xB5F7,0xB5F7,0xB5F7,0xB5F7,0xB5F7,0xB5F7,0xB5F7,0xB5F7,
  0xB5F7,0xB5F7,0xB5F7,0xB5F7,0xB5F7,0xB5F7,0xB5F7,0xB5F7,0xB5F7,0xB5F7,0xB5F7,0xB5F7,0xB5F7,0xB5F7,0xB5F7,0xB5F7,
  0xB5F7,0xB5F7,0xB5F7,0xB5F7,0xB5F7,0xB5F7,0xB5F7,0xB5F7,0xB5F7,0xB5D6,0xC658,0x6B8E,0x4A8C,0x52CD,0x5B72,0x4AF0,
  0x42AF,0x4AF1,0x6B90,0xE79E,0xE7DF,0xFFFF,0x52AB,0x632C,0xFFFF,0xE7DF,0xE7BF,0xF7FF,0xF7BE,0xB69A,0xBEDB,0xBEDC,
  0xAE7A,0xCF5D,0xEFFF,0xE7DF,0xEFDF,0xEFDF,0xE7DF,0xEFDF,0xEFDF,0xEFDF,0xE7DF,0xEFFF,0xDF1C,0x73AE,0xB5B6,0xADD7,
  0xFFFF,0x8C92,0x31C7,0xF7BE,0x9D14,0x0841,0xEF9E,0x634D,0x4249,0xD6BA,0x4A8A,0xB596,0xD6DB,0xEFDF,0xFFFF,0x7C10,
  0x7BEF,0xA514,0x52AB,0xF7DF,0xE7DF,0xEFDF,0xE7DF,0xEFFF,0xDF5D,0xB5B7,0xEF9E,0xDF3C,0xADB7,0xEF7D,0xE75D,0xB5D8,
  0xE79E,0xEFFF,0xE7DF,0xE7DF,0xE7FF,0xE7FF,0xE7FF,0xEFFF,0xEFFF,0xE7BF,0xFFFF,0x73AF,0x320E,0x320E,0x29CD,0xA559,
  0x8CB6,0x52F0,0x426F,0x3A70,0x73B2,0xFFFF,0xE7DF,0xEFDF,0xEFDF,0xEFFF,0xEFDF,0xE7DF,0xE7DF,0xF7FF,0xBE39,0xDEDB,
  0xFFFF,0xFFFF,0xFFFF,0xFFFF,0xFFFF,0xFFFF,0xFFFF,0xFFFF,0xFFFF,0xFFFF,0xFFFF,0xFFFF,0xFFFF,0xFFFF,0xFFFF,0xFFFF,
  0xFFFF,0xFFFF,0xFFFF,0xFFFF,0xFFFF,0xFFFF,0xFFFF,0xFFFF,0xFFFF,0xFFFF,0xFFFF,0xFFFF,0xFFFF,0xFFFF,0xFFFF,0xFFFF,
  0xFFFF,0xFFFF,0xFFDE,0xB596,0xCE9A,0xF7FF,0xE7DF,0xE7FF,0xEFDF,0xEFDF,0xE7DF,0xE7DF,0xE7DF,0xEFDF,0xCF9F,0xBF5F,
  0xCF9F,0xC77F,0xB75E,0xEFDF,0xEFFF,0xDFBF,0xEFFF,0xD6DB,0x10A2,0xE77D,0xEFFF,0xEFFF,0xCEBB,0x424C,0x42B0,0x4AB0,
  0x4A8E,0x31E9,0x39E9,0x39E9,0x4209,0x9D14,0xBE17,0xB5F6,0xB5F7,0xB5F7,0xB5F7,0xB5F7,0xB5F7,0xB5F7,0xB5F7,0xB5F7,
  0xB5F7,0xB5F7,0xB5F7,0xB5F7,0xB5F7,0xB5F7,0xB5F7,0xB5F7,0xB5F7,0xB5F7,0xB5F7,0xB5F7,0xB5F7,0xB5F7,0xB5F7,0xB5F7,
  0xB5F7,0xB5F7,0xB5F7,0xB5F7,0xB5F7,0xB5F7,0xB5F7,0xB5F7,0xB5F7,0xB5F7,0xB5F7,0xB5F7,0xB5F7,0xB5F7,0xB5F7,0xB5F7,
  0xB5F7,0xB5F7,0xB5F7,0xB5F7,0xB5F7,0xB5F7,0xB5F7,0xB5F7,0xB5F7,0xB5F7,0xB5F7,0xB5F7,0xB5F7,0xB5F7,0xB5F7,0xB5F7,
  0xB5F7,0xB5F7,0xB5F7,0xB5F7,0xB5F7,0xB5F7,0xB5F7,0xB5F7,0xB5F7,0xB5F7,0xB5F7,0xB5F7,0xB5F7,0xB5F7,0xB5F7,0xB5F7,
  0xB5F7,0xB5F7,0xB5F7,0xB5F7,0xB5F7,0xB5F7,0xB5F7,0xB5F7,0xB5F7,0xB5F7,0xB5F7,0xB5F7,0xB5F7,0xB5F7,0xB5F7,0xB5F7,
  0xB5F7,0xB5F7,0xB5F7,0xB5F7,0xB5F7,0xB5F7,0xB5F7,0xB5F7,0xB5F7,0xB5F7,0xB5F7,0xB5F7,0xB5F7,0xB5F7,0xB5F7,0xB5F7,
  0xB5F7,0xB5F7,0xB5F7,0xB5F7,0xB5F7,0xB5F7,0xB5F7,0xB5F7,0xB5F7,0xB5F7,0xB5F7,0xB5F7,0xB5F7,0xB5F7,0xB5F7,0xB5F7,
  0xB5F7,0xB5F7,0xB5F7,0xB5F7,0xB5F7,0xB5F7,0xB5F7,0xB5F7,0xB5F7,0xB5F7,0xB5F7,0xB5F7,0xB5F7,0xB5F7,0xB5F7,0xB5F7,
  0xB5F7,0xB5F7,0xB5F7,0xB5F7,0xB5F7,0xB5F7,0xB5F7,0xB5F7,0xB5F7,0xB5D6,0xC658,0x6BAE,0x31E9,0x424B,0x5B52,0x4AD0,
  0x42AF,0x4AF1,0x6370,0xE7BE,0xE7DF,0xFFFF,0x4A69,0x632C,0xFFFF,0xE7BF,0xEFDF,0xF7FF,0xF7BE,0xB69A,0xBEDB,0xBEDC,
  0xB69B,0xCF5E,0xEFFF,0xE7DF,0xEFDF,0xE7FF,0xEFDF,0xEFDF,0xEFDF,0xEFFF,0xE7BF,0xF7FF,0xBE18,0x9CF3,0xFFFF,0x73CF,
  0xEF7D,0x4A6A,0x52CB,0x9D14,0x9D34,0x8C72,0x52AA,0x7C30,0x8C92,0xBE38,0x4A8A,0xCEBA,0xFFFF,0xDFBF,0xFFFF,0x73EF,
  0x8451,0xBDF7,0x5B0C,0xEFBF,0xE7DF,0xEFDF,0xEFDF,0xE7DF,0xEFBF,0x9CF4,0xD6DB,0xEF9E,0xBE18,0xEF9E,0xDF1C,0x8451,
  0xF7DF,0xE7DF,0xE7DF,0xE7DF,0xE7DF,0xE7DF,0xE7DF,0xE7DF,0xEFDF,0xE7BF,0xF7FF,0x73AF,0x320F,0x320E,0x21AD,0xA579,
  0x94F7,0x52F0,0x426F,0x4290,0x7391,0xFFFF,0xE7BF,0xE7DF,0xE7DF,0xEFDF,0xE7DF,0xE7DF,0xE7DF,0xEFDF,0xEFBF,0xAD96,
  0xA513,0xB555,0xBD96,0xB595,0xBDB6,0xB596,0xB575,0xB575,0xBDB6,0xB575,0xB5B6,0xBD96,0xB575,0xB596,0xBDB6,0xBD96,
  0xB555,0xBD95,0xBD95,0xB555,0xAD34,0xB555,0xB555,0xB576,0xAD55,0xAD35,0xAD35,0xAD55,0xAD55,0xB556,0xAD35,0xA4F4,
  0xA4F4,0xAD14,0x9491,0xC618,0xF7FF,0xE7DF,0xE7DF,0xE7BF,0xE7DF,0xE7DF,0xE7DF,0xE7DF,0xE7BF,0xEFFF,0xCF9F,0xBF5F,
  0xC79F,0xC77F,0xBF5F,0xEFDF,0xF7FF,0xE7BF,0xF7FF,0xD6DB,0x10A2,0xE77D,0xEFFF,0xEFFF,0xCEDB,0x4A8D,0x42B0,0x4AD0,
  0x428E,0x31C9,0x31C9,0x39E9,0x39E9,0x9D34,0xBE17,0xB5F6,0xB5F7,0xB5F7,0xB5F7,0xB5F7,0xB5F7,0xB5F7,0xB5F7,0xB5F7,
  0xB5F7,0xB5F7,0xB5F7,0xB5F7,0xB5F7,0xB5F7,0xB5F7,0xB5F7,0xB5F7,0xB5F7,0xB5F7,0xB5F7,0xB5F7,0xB5F7,0xB5F7,0xB5F7,
  0xB5F7,0xB5F7,0xB5F7,0xB5F7,0xB5F7,0xB5F7,0xB5F7,0xB5F7,0xB5F7,0xB5F7,0xB5F7,0xB5F7,0xB5F7,0xB5F7,0xB5F7,0xB5F7,
  0xB5F7,0xB5F7,0xB5F7,0xB5F7,0xB5F7,0xB5F7,0xB5F7,0xB5F7,0xB5F7,0xB5F7,0xB5F7,0xB5F7,0xB5F7,0xB5F7,0xB5F7,0xB5F7,
  0xB5F7,0xB5F7,0xB5F7,0xB5F7,0xB5F7,0xB5F7,0xB5F7,0xB5F7,0xB5F7,0xB5F7,0xB5F7,0xB5F7,0xB5F7,0xB5F7,0xB5F7,0xB5F7,
  0xB5F7,0xB5F7,0xB5F7,0xB5F7,0xB5F7,0xB5F7,0xB5F7,0xB5F7,0xB5F7,0xB5F7,0xB5F7,0xB5F7,0xB5F7,0xB5F7,0xB5F7,0xB5F7,
  0xB5F7,0xB5F7,0xB5F7,0xB5F7,0xB5F7,0xB5F7,0xB5F7,0xB5F7,0xB5F7,0xB5F7,0xB5F7,0xB5F7,0xB5F7,0xB5F7,0xB5F7,0xB5F7,
  0xB5F7,0xB5F7,0xB5F7,0xB5F7,0xB5F7,0xB5F7,0xB5F7,0xB5F7,0xB5F7,0xB5F7,0xB5F7,0xB5F7,0xB5F7,0xB5F7,0xB5F7,0xB5F7,
  0xB5F7,0xB5F7,0xB5F7,0xB5F7,0xB5F7,0xB5F7,0xB5F7,0xB5F7,0xB5F7,0xB5F7,0xB5F7,0xB5F7,0xB5F7,0xB5F7,0xB5F7,0xB5F7,
  0xB5F7,0xB5F7,0xB5F7,0xB5F7,0xB5F7,0xB5F7,0xB5F7,0xB5F7,0xB5F7,0xB5D6,0xC658,0x6B6D,0x3A09,0x4AAD,0x5B52,0x4AF0,
  0x428F,0x4AD0,0x5B2F,0xE79E,0xE7DF,0xFFFF,0x4228,0x634D,0xFFFF,0xE7BF,0xE7DF,0xF7FF,0xEFBE,0xBEBB,0xBEDC,0xBEDC,
  0xB69B,0xCF5D,0xEFFF,0xE7DF,0xEFFF,0xE7DF,0xEFDF,0xE7DF,0xE7DF,0xEFFF,0xE7DF,0xEFDF,0xEF9E,0x6B8E,0x73AE,0x5B2D,
  0xBE18,0x73D0,0x9514,0x7C10,0x9D14,0xC659,0x4ACC,0xBDF8,0x94D3,0xC659,0x5AEC,0xA555,0xB5D7,0xEFDF,0xF7FF,0x8471,
  0x5B0C,0x7BF0,0x73CF,0xF7DF,0xE7DF,0xE7DF,0xEFDF,0xE7DF,0xF7FF,0xBDD7,0x73CF,0xA576,0xCE7A,0xCE9A,0x5B0C,0xBE18,
  0xF7FF,0xE7DF,0xEFDF,0xEFFF,0xEFDF,0xE7DF,0xE7DF,0xE7DF,0xE7DF,0xDFBF,0xFFFF,0x73AF,0x322F,0x320E,0x21AD,0xA538,
  0x94F7,0x52F1,0x3A6F,0x42B0,0x6B71,0xFFFF,0xE7BF,0xE7DF,0xE7DF,0xEFDF,0xE7DF,0xE7DF,0xE7DF,0xE7DF,0xEFFF,0xF7FF,
  0xE79E,0xCF1C,0xDF5D,0xDF7D,0xDF5D,0xDF5D,0xDF5D,0xDF5D,0xDF7D,0xDF5D,0xDF7E,0xDF7E,0xDF5D,0xDF5D,0xE77E,0xDF7D,
  0xDF7D,0xE77D,0xE77D,0xDF5D,0xDF5D,0xDF5D,0xDF5D,0xDF5D,0xDF5D,0xDF5D,0xDF3D,0xD73D,0xD71C,0xDF3D,0xD75D,0xD73D,
  0xD73D,0xDF3D,0xEFDF,0xF7FF,0xE7DF,0xEFFF,0xE7DF,0xE7DF,0xE7DF,0xE7DF,0xE7DF,0xE7DF,0xE7DF,0xEFFF,0xCF9F,0xBF5F,
  0xC77F,0xC77F,0xBF5F,0xEFDF,0xF7FF,0xDFBF,0xF7FF,0xCEBA,0x1082,0xEF7D,0xEFFF,0xEFFF,0xCEBB,0x4AAD,0x42B0,0x42B0,
  0x4A8E,0x31C9,0x31A8,0x4209,0x39E9,0x9D13,0xBE17,0xB5F6,0xB5F7,0xB5F7,0xB5F7,0xB5F7,0xB5F7,0xB5F7,0xB5F7,0xB5F7,
  0xB5F7,0xB5F7,0xB5F7,0xB5F7,0xB5F7,0xB5F7,0xB5F7,0xB5F7,0xB5F7,0xB5F7,0xB5F7,0xB5F7,0xB5F7,0xB5F7,0xB5F7,0xB5F7,
  0xB5F7,0xB5F7,0xB5F7,0xB5F7,0xB5F7,0xB5F7,0xB5F7,0xB5F7,0xB5F7,0xB5F7,0xB5F7,0xB5F7,0xB5F7,0xB5F7,0xB5F7,0xB5F7,
  0xB5F7,0xB5F7,0xB5F7,0xB5F7,0xB5F7,0xB5F7,0xB5F7,0xB5F7,0xB5F7,0xB5F7,0xB5F7,0xB5F7,0xB5F7,0xB5F7,0xB5F7,0xB5F7,
  0xB5F7,0xB5F7,0xB5F7,0xB5F7,0xB5F7,0xB5F7,0xB5F7,0xB5F7,0xB5F7,0xB5F7,0xB5F7,0xB5F7,0xB5F7,0xB5F7,0xB5F7,0xB5F7,
  0xB5F7,0xB5F7,0xB5F7,0xB5F7,0xB5F7,0xB5F7,0xB5F7,0xB5F7,0xB5F7,0xB5F7,0xB5F7,0xB5F7,0xB5F7,0xB5F7,0xB5F7,0xB5F7,
  0xB5F7,0xB5F7,0xB5F7,0xB5F7,0xB5F7,0xB5F7,0xB5F7,0xB5F7,0xB5F7,0xB5F7,0xB5F7,0xB5F7,0xB5F7,0xB5F7,0xB5F7,0xB5F7,
  0xB5F7,0xB5F7,0xB5F7,0xB5F7,0xB5F7,0xB5F7,0xB5F7,0xB5F7,0xB5F7,0xB5F7,0xB5F7,0xB5F7,0xB5F7,0xB5F7,0xB5F7,0xB5F7,
  0xB5F7,0xB5F7,0xB5F7,0xB5F7,0xB5F7,0xB5F7,0xB5F7,0xB5F7,0xB5F7,0xB5F7,0xB5F7,0xB5F7,0xB5F7,0xB5F7,0xB5F7,0xB5F7,
  0xB5F7,0xB5F7,0xB5F7,0xB5F7,0xB5F7,0xB5F7,0xB5F7,0xB5F7,0xB5F7,0xB5D6,0xC658,0x632C,0x422A,0x424B,0x5B32,0x4AF0,
  0x428F,0x5311,0x73D1,0xE77E,0xE7DF,0xFFFF,0x4249,0x632D,0xFFFF,0xE7BF,0xE7DF,0xF7FF,0xEFBE,0xBEBB,0xB6BB,0xBEDC,
  0xB69B,0xCF5E,0xEFFF,0xEFDF,0xEFDF,0xEFDF,0xEFDF,0xE7DF,0xE7DF,0xEFFF,0xEFFF,0xE7DF,0xEFFF,0xEFDF,0xCEBA,0xEFDF,
  0xF7FF,0xFFFF,0xFFFF,0xFFFF,0xFFFF,0xFFFF,0xFFFF,0xFFFF,0xF7BE,0xF7BE,0xD6DA,0xD6DB,0xEF9E,0xEFFF,0xE7DF,0xEFDF,
  0xCEFB,0xCEDB,0xF7FF,0xEFFF,0xE7DF,0xE7DF,0xE7DF,0xE7DF,0xE7DF,0xF7FF,0xB5D7,0x636E,0x638E,0x5AEC,0xBE18,0xFFFF,
  0xE7DF,0xEFFF,0xEFDF,0xE7DF,0xE7FF,0xE7DF,0xE7DF,0xE7DF,0xE7DF,0xE7BF,0xFFFF,0x6B8F,0x322F,0x320E,0x218C,0x9D38,
  0x94F7,0x52F0,0x426F,0x3A4F,0x6350,0xFFFF,0xE7DF,0xE7DF,0xE7DF,0xEFDF,0xE7DF,0xE7FF,0xE7DF,0xEFDF,0xE7DF,0xE7DF,
  0xEFFF,0xF7FF,0xEFFF,0xEFFF,0xEFFF,0xEFFF,0xF7FF,0xF7FF,0xEFFF,0xEFFF,0xEFFF,0xEFFF,0xEFFF,0xEFFF,0xE7DF,0xE7FF,
  0xEFFF,0xEFFF,0xEFFF,0xEFFF,0xEFFF,0xEFFF,0xEFFF,0xEFFF,0xEFFF,0xE7DF,0xEFFF,0xEFFF,0xF7FF,0xEFFF,0xEFFF,0xEFFF,
  0xEFFF,0xEFFF,0xEFFF,0xE7DF,0xE7DF,0xE7DF,0xE7DF,0xE7DF,0xE7DF,0xE7DF,0xE7DF,0xE7DF,0xE7DF,0xE7DF,0xCF9F,0xBF5F,
  0xC77F,0xC77F,0xBF5E,0xEFDF,0xF7FF,0xDFBF,0xF7FF,0xCEBB,0x10A2,0xEF7D,0xE7FF,0xEFFF,0xD6DB,0x4ACE,0x42B0,0x52F1,
  0x4A8E,0x31C9,0x39E9,0x4A4A,0x4A6A,0x9CF3,0xBE37,0xB5F6,0xB5F6,0xB5F6,0xB5F6,0xB5F6,0xB5F6,0xB5F6,0xB5F7,0xB5F7,
  0xB5F6,0xB5F6,0xB5F7,0xB5F6,0xB5F7,0xB5F7,0xB5F7,0xB5F7,0xB5F7,0xB5F7,0xB5F7,0xB5F7,0xB5F6,0xB5F6,0xB5F7,0xB5F7,
  0xB5F7,0xB5F6,0xB5F6,0xB5F7,0xB5F7,0xB5F7,0xB5F7,0xB5F7,0xB5F7,0xB5F7,0xB5F7,0xB5F7,0xB5F7,0xB5F7,0xB5F7,0xB5F7,
  0xB5F7,0xB5F7,0xB5F7,0xB5F7,0xB5F7,0xB5F7,0xB5F7,0xB5F7,0xB5F7,0xB5F7,0xB5F7,0xB5F7,0xB5F7,0xB5F7,0xB5F7,0xB5F7,
  0xB5F7,0xB5F7,0xB5F7,0xB5F7,0xB5F7,0xB5F7,0xB5F7,0xB5F7,0xB5F7,0xB5F7,0xB5F7,0xB5F7,0xB5F7,0xB5F7,0xB5F7,0xB5F7,
  0xB5F7,0xB5F7,0xB5F7,0xB5F7,0xB5F7,0xB5F7,0xB5F7,0xB5F7,0xB5F7,0xB5F7,0xB5F7,0xB5F7,0xB5F7,0xB5F7,0xB5F7,0xB5F7,
  0xB5F7,0xB5F7,0xB5F7,0xB5F7,0xB5F7,0xB5F7,0xB5F7,0xB5F7,0xB5F7,0xB5F7,0xB5F7,0xB5F7,0xB5F7,0xB5F7,0xB5F7,0xB5F7,
  0xB5F7,0xB5F7,0xB5F7,0xB5F7,0xB5F7,0xB5F7,0xB5F7,0xB5F7,0xB5F7,0xB5F7,0xB5F7,0xB5F7,0xB5F7,0xB5F7,0xB5F7,0xB5F7,
  0xB5F7,0xB5F7,0xB5F7,0xB5F7,0xB5F7,0xB5F7,0xB5F7,0xB5F7,0xB5F7,0xB5F7,0xB5F7,0xB5F7,0xB5F7,0xB5F7,0xB5F7,0xB5F7,
  0xB5F7,0xB5F7,0xB5F7,0xB5F7,0xB5F7,0xB5F7,0xB5F7,0xB5F7,0xB5F7,0xB5D6,0xC658,0x632C,0x422A,0x424B,0x5B52,0x4AF0,
  0x428F,0x5331,0x7C11,0xDF7E,0xE7DF,0xFFFF,0x4A6A,0x632C,0xFFFF,0xE7BF,0xE7DF,0xF7FF,0xF7BE,0xB69B,0xB6BB,0xBEDB,
  0xB69B,0xCF7E,0xEFFF,0xE7DF,0xE7DF,0xEFDF,0xEFDF,0xEFDF,0xE7DF,0xE7DF,0xEFDF,0xEFFF,0xE7DF,0xE7FF,0xF7FF,0xFFFF,
  0xD6FB,0x94B2,0x6B6E,0x4A6B,0x426B,0x4A6B,0x52CC,0x4A8B,0x422A,0x426B,0x4A8B,0x6B8F,0xA554,0xEF9E,0xFFFF,0xE7DF,
  0xEFFF,0xF7FF,0xE7DF,0xE7DF,0xE7DF,0xEFDF,0xE7DF,0xEFDF,0xEFFF,0xE7DF,0xFFFF,0xF7FF,0xE7BF,0xFFFF,0xF7FF,0xE7DF,
  0xE7DF,0xE7DF,0xEFDF,0xEFFF,0xE7DF,0xE7DF,0xE7DF,0xEFDF,0xEFDF,0xE7BF,0xFFFF,0x6B8F,0x320F,0x320E,0x218C,0xA538,
  0x94F7,0x4AF0,0x3A6F,0x4270,0x6BB1,0xFFFF,0xE7DF,0xEFDF,0xE7DF,0xEFFF,0xE7DF,0xEFDF,0xE7DF,0xEFDF,0xE7DF,0xEFDF,
  0xEFBE,0xDF1C,0xF7FF,0xEFDF,0xDF1C,0xEF9E,0xDF3C,0xCEBA,0xEFFF,0xE7BF,0xE7DF,0xE7BF,0xE7DF,0xF7FF,0xFFFF,0xEFFF,
  0xE7DF,0xE7DF,0xE7DF,0xE7BF,0xE7DF,0xE7BF,0xE7DF,0xE7BF,0xE7DF,0xE7DF,0xE7DF,0xEFBF,0xB5B6,0xE77D,0xE7DF,0xE7DF,
  0xE7FF,0xE7BF,0xEFFF,0xE7DF,0xE7DF,0xE7DF,0xE7DF,0xE7DF,0xE7DF,0xE7DF,0xE7DF,0xE7DF,0xE7DF,0xEFDF,0xCF9F,0xBF7F,
  0xC79F,0xC77F,0xBF5E,0xEFFF,0xF7FF,0xDFBF,0xF7FF,0xCEBB,0x10A2,0xEF7D,0xE7FF,0xEFFF,0xD6DB,0x426D,0x42B0,0x5312,
  0x4A8E,0x31C9,0x3188,0x39E9,0x3A09,0x9D14,0xBE17,0xB5F6,0xBE17,0xBE38,0xBDF7,0xBE18,0xBE38,0xBDF7,0xB5F6,0xB5F6,
  0xBDF7,0xBDF7,0xB5D6,0xBE17,0xBDF7,0xB5F6,0xB5F7,0xB5F7,0xB5F6,0xB5F7,0xB5F6,0xB5F6,0xBE17,0xBE17,0xB5D6,0xB5F6,
  0xB5F6,0xBDF7,0xBDF7,0xB5F7,0xB5F6,0xB5F7,0xB5F7,0xB5F7,0xB5F7,0xB5F7,0xB5F7,0xB5F7,0xB5F7,0xB5F7,0xB5F7,0xB5F7,
  0xB5F7,0xB5F7,0xB5F7,0xB5F7,0xB5F7,0xB5F7,0xB5F7,0xB5F7,0xB5F7,0xB5F7,0xB5F7,0xB5F7,0xB5F7,0xB5F7,0xB5F7,0xB5F7,
  0xB5F7,0xB5F7,0xB5F7,0xB5F7,0xB5F7,0xB5F7,0xB5F7,0xB5F7,0xB5F7,0xB5F7,0xB5F7,0xB5F7,0xB5F7,0xB5F7,0xB5F7,0xB5F7,
  0xB5F7,0xB5F7,0xB5F7,0xB5F7,0xB5F7,0xB5F7,0xB5F7,0xB5F7,0xB5F7,0xB5F7,0xB5F7,0xB5F7,0xB5F7,0xB5F7,0xB5F7,0xB5F7,
  0xB5F7,0xB5F7,0xB5F7,0xB5F7,0xB5F7,0xB5F7,0xB5F7,0xB5F7,0xB5F7,0xB5F7,0xB5F7,0xB5F7,0xB5F7,0xB5F7,0xB5F7,0xB5F7,
  0xB5F7,0xB5F7,0xB5F7,0xB5F7,0xB5F7,0xB5F7,0xB5F7,0xB5F7,0xB5F7,0xB5F7,0xB5F7,0xB5F7,0xB5F7,0xB5F7,0xB5F7,0xB5F7,
  0xB5F7,0xB5F7,0xB5F7,0xB5F7,0xB5F7,0xB5F7,0xB5F7,0xB5F7,0xB5F7,0xB5F7,0xB5F7,0xB5F7,0xB5F7,0xB5F7,0xB5F7,0xB5F7,
  0xB5F7,0xB5F7,0xB5F7,0xB5F7,0xB5F7,0xB5F7,0xB5F7,0xB5F7,0xB5F7,0xB5D6,0xC658,0x634D,0x52CD,0x424B,0x5B52,0x5311,
  0x428F,0x5332,0x7BF1,0xE79E,0xE7DF,0xFFFF,0x4A69,0x632D,0xFFFF,0xE7DF,0xEFDF,0xF7FF,0xF7BE,0xBE9B,0xBEDB,0xC6FC,
  0xB69B,0xCF5E,0xEFFF,0xE7DF,0xE7DF,0xEFDF,0xEFDF,0xE7DF,0xEFFF,0xE7DF,0xEFDF,0xE7DF,0xE7DF,0xEFFF,0xF7DE,0x8430,
  0x3A2C,0x320D,0x3A6F,0x4290,0x3A6F,0x42B0,0x3A6F,0x3A4E,0x4290,0x4AD0,0x42AF,0x4AD1,0x320C,0x3A2A,0xB5B6,0xFFFF,
  0xE7BF,0xEFDF,0xE7DF,0xE7DF,0xE7DF,0xE7DF,0xE7DF,0xE7DF,0xEFDF,0xEFDF,0xE7DF,0xE7DF,0xEFFF,0xE7DF,0xE7DF,0xEFFF,
  0xE7FF,0xEFDF,0xE7DF,0xEFFF,0xEFFF,0xE7DF,0xE7DF,0xE7DF,0xE7DF,0xE7BF,0xFFFF,0x6B8F,0x322F,0x2A0E,0x21AD,0xA538,
  0x94D7,0x52F0,0x3A4F,0x4270,0x6B71,0xFFFF,0xE7DF,0xEFDF,0xE7DF,0xE7DF,0xEFFF,0xE7DF,0xE7FF,0xEFFF,0xE7DF,0xF7FF,
  0xBE59,0x0861,0x94B2,0xFFFF,0x2166,0x7BAE,0xA576,0x6B8E,0xFFFF,0xFFFF,0xFFFF,0xFFFF,0xF7FF,0xCE9A,0x9CF3,0xD6DB,
  0xFFFF,0xEFFF,0xF7FF,0xF7FF,0xEFFF,0xFFFF,0xF7FF,0xFFFF,0xEFFF,0xE7DF,0xFFFF,0xDEFC,0x0041,0xB5B6,0xFFFF,0xE7BE,
  0xE7BE,0xF7FF,0xE7DF,0xE7DF,0xE7DF,0xE7DF,0xE7DF,0xE7FF,0xE7DF,0xE7DF,0xE7DF,0xEFDF,0xDFBF,0xEFDF,0xCF9F,0xBF5F,
  0xC77F,0xC77F,0xBF5E,0xEFDF,0xF7FF,0xE7BF,0xF7FF,0xCEBB,0x10A2,0xEF7D,0xEFFF,0xEFFF,0xD6DB,0x428D,0x42B0,0x52F1,
  0x428E,0x31C9,0x632E,0x31A8,0x39E8,0x9D14,0xBE17,0xBDF7,0x7C4C,0x5B87,0x742A,0x7C6C,0x94F0,0xADB5,0xBE17,0xBDF7,
  0xAD94,0xAD95,0xC638,0xA574,0xB5D6,0xBE17,0xB5F6,0xBDF7,0xBE18,0xBDF7,0xBE18,0xBDF7,0x9D32,0xA594,0xC638,0xBE18,
  0xBE18,0xADB5,0xAD95,0xBDF7,0xBE17,0xBDF7,0xBDF7,0xBDF7,0xB5F6,0xB5D6,0xB5F6,0xB5F7,0xB5F7,0xB5F7,0xB5F7,0xB5F7,
  0xB5F7,0xB5F7,0xB5F7,0xB5F7,0xB5F7,0xB5F7,0xB5F7,0xB5F7,0xB5F7,0xB5F7,0xB5F7,0xB5F7,0xB5F7,0xB5F7,0xB5F7,0xB5F7,
  0xB5F7,0xB5F7,0xB5F7,0xB5F7,0xB5F7,0xB5F7,0xB5F7,0xB5F7,0xB5F7,0xB5F7,0xB5F7,0xB5F7,0xB5F7,0xB5F7,0xB5F7,0xB5F7,
  0xB5F7,0xB5F7,0xB5F7,0xB5F7,0xB5F7,0xB5F7,0xB5F7,0xB5F7,0xB5F7,0xB5F7,0xB5F7,0xB5F7,0xB5F7,0xB5F7,0xB5F7,0xB5F7,
  0xB5F7,0xB5F7,0xB5F7,0xB5F7,0xB5F7,0xB5F7,0xB5F7,0xB5F7,0xB5F7,0xB5F7,0xB5F7,0xB5F7,0xB5F7,0xB5F7,0xB5F7,0xB5F7,
  0xB5F7,0xB5F7,0xB5F7,0xB5F7,0xB5F7,0xB5F7,0xB5F7,0xB5F7,0xB5F7,0xB5F7,0xB5F7,0xB5F7,0xB5F7,0xB5F7,0xB5F7,0xB5F7,
  0xB5F7,0xB5F7,0xB5F7,0xB5F7,0xB5F7,0xB5F7,0xB5F7,0xB5F7,0xB5F7,0xB5F7,0xB5F7,0xB5F7,0xB5F7,0xB5F7,0xB5F7,0xB5F7,
  0xB5F7,0xB5F7,0xB5F7,0xB5F7,0xB5F7,0xB5F7,0xB5F7,0xB5F7,0xB5F7,0xB5D6,0xC658,0x634D,0x31C7,0x424B,0x6393,0x5311,
  0x42AF,0x5311,0x6BB1,0xEFBF,0xE7DF,0xFFFF,0x4228,0x632D,0xFFFF,0xE7DF,0xE7DF,0xF7FF,0xEFBE,0xBE9B,0xBEBB,0xBEDC,
  0xBEBB,0xCF5E,0xEFFF,0xEFDF,0xE7DF,0xE7DF,0xEFDF,0xEFDF,0xEFDF,0xEFFF,0xE7DF,0xEFDF,0xE7DF,0xF7BE,0x73AF,0x428E,
  0x42B0,0x42B0,0x218A,0x1107,0x2167,0x2167,0x1926,0x1905,0x1905,0x1905,0x2146,0x29A9,0x322D,0x52F1,0x31CA,0xAD76,
  0xFFFF,0xE7DF,0xEFFF,0xE7DF,0xE7DF,0xEFDF,0xEFFF,0xEFFF,0xEFDF,0xE7DF,0xE7DF,0xE7DF,0xE7DF,0xEFFF,0xE7DF,0xE7DF,
  0xE7FF,0xE7DF,0xEFDF,0xE7DF,0xEFDF,0xEFFF,0xE7DF,0xE7DF,0xEFFF,0xE7DF,0xFFFF,0x6B6F,0x2A0E,0x322E,0x21AD,0xA558,
  0x94F7,0x4AD0,0x3A4F,0x4290,0x73D3,0xFFFF,0xE7DF,0xEFDF,0xEFDF,0xEFDF,0xE7DF,0xE7FF,0xE7DF,0xE7DF,0xE7DF,0xF7FF,
  0xBE5A,0x10A2,0x39E7,0xEF5D,0x3A49,0x634D,0xB5F7,0x8451,0xDF1C,0x632C,0x8C72,0x6B8E,0xDF1C,0x8451,0x0000,0x9CF3,
  0xC659,0x9492,0x8430,0xC659,0xD6BA,0x630C,0x8431,0x6B6D,0xE75D,0xEF9E,0x7C10,0x7C10,0x0861,0xBE18,0xC639,0x73AE,
  0x8430,0xAD75,0xFFFF,0xE7DF,0xEFDF,0xE7DF,0xE7DF,0xE7DF,0xE7DF,0xE7DF,0xE7DF,0xE7DF,0xE7DF,0xEFFF,0xCF9F,0xB75F,
  0xC79F,0xC77F,0xB75E,0xEFDF,0xEFFF,0xDFBF,0xF7FF,0xCEBB,0x10A2,0xEF7E,0xEFFF,0xEFFF,0xCEDB,0x428D,0x4AB0,0x52F1,
  0x428E,0x31A8,0x632E,0x31C8,0x39C8,0x9D14,0xBE17,0xB5F7,0xB5D6,0x848D,0x63E6,0x6425,0x53A3,0x4B63,0x9D32,0xC638,
  0x9511,0x4B43,0xB5B5,0x848E,0x5BC6,0xADB5,0xBE17,0xB5D6,0x7C6D,0xB5B6,0x94F0,0x6407,0x4B83,0x8CD0,0xA553,0x7C8D,
  0x6C09,0x5384,0x4BA3,0x744B,0xB5D7,0xB5D6,0xB5D6,0xB5D6,0xBDF7,0xC638,0xBE17,0xB5F6,0xB5F6,0xB5F7,0xB5F7,0xB5F7,
  0xB5F7,0xB5F7,0xB5F7,0xB5F7,0xB5F7,0xB5F7,0xB5F7,0xB5F7,0xB5F7,0xB5F7,0xB5F7,0xB5F7,0xB5F7,0xB5F7,0xB5F7,0xB5F7,
  0xB5F7,0xB5F7,0xB5F7,0xB5F7,0xB5F7,0xB5F7,0xB5F7,0xB5F7,0xB5F7,0xB5F7,0xB5F7,0xB5F7,0xB5F7,0xB5F7,0xB5F7,0xB5F7,
  0xB5F7,0xB5F7,0xB5F7,0xB5F7,0xB5F7,0xB5F7,0xB5F7,0xB5F7,0xB5F7,0xB5F7,0xB5F7,0xB5F7,0xB5F7,0xB5F7,0xB5F7,0xB5F7,
  0xB5F7,0xB5F7,0xB5F7,0xB5F7,0xB5F7,0xB5F7,0xB5F7,0xB5F7,0xB5F7,0xB5F7,0xB5F7,0xB5F7,0xB5F7,0xB5F7,0xB5F7,0xB5F7,
  0xB5F7,0xB5F7,0xB5F7,0xB5F7,0xB5F7,0xB5F7,0xB5F7,0xB5F7,0xB5F7,0xB5F7,0xB5F7,0xB5F7,0xB5F7,0xB5F7,0xB5F7,0xB5F7,
  0xB5F7,0xB5F7,0xB5F7,0xB5F7,0xB5F7,0xB5F7,0xB5F7,0xB5F7,0xB5F7,0xB5F7,0xB5F7,0xB5F7,0xB5F7,0xB5F7,0xB5F7,0xB5F7,
  0xB5F7,0xB5F7,0xB5F7,0xB5F7,0xB5F7,0xB5F7,0xB5F7,0xB5F7,0xB5F7,0xB5D6,0xC658,0x73AE,0x2986,0x4A8C,0x6393,0x4AF0,
  0x4AD0,0x5311,0x73D1,0xE7BF,0xE7DF,0xFFFF,0x39E7,0x6B8E,0xFFFF,0xE7BF,0xE7DF,0xF7FF,0xEFBE,0xB6BB,0xB6BB,0xBEDC,
  0xB6BB,0xCF5E,0xEFFF,0xEFDF,0xEFDF,0xE7DF,0xE7DF,0xEFDF,0xEFDF,0xE7DF,0xEFDF,0xE7BF,0xFFFF,0x9D14,0x5B30,0x4AF1,
  0x3A6E,0x08A4,0x52AC,0xA576,0xD6DA,0xD6DB,0xD6FB,0xD6FB,0xD6DB,0xCEDB,0xCEBB,0xBE18,0x7BF0,0x2168,0x5B51,0x3A2B,
  0xDF1C,0xEFFF,0xE7DF,0xE7DF,0xE7DF,0xE7DF,0xE7DF,0xE7DF,0xE7FF,0xE7DF,0xF7FF,0xF7FF,0xEFFF,0xDF3C,0xEFDF,0xEFFF,
  0xE7DF,0xE7DF,0xE7DF,0xE7DF,0xE7DF,0xE7DF,0xE7DF,0xE7DF,0xE7DF,0xDFBF,0xFFFF,0x634E,0x320F,0x320E,0x21AD,0xA538,
  0x94D7,0x4AD0,0x3A4E,0x3A70,0x6B91,0xFFFF,0xE7DF,0xE7DF,0xE7DF,0xE7DF,0xE7DF,0xE7DF,0xE7DF,0xE7DF,0xE7DF,0xF7FF,
  0xB618,0x1904,0xD6DB,0x73F0,0x2145,0x7BEF,0x7C10,0x2986,0xC679,0x0000,0xD6DB,0x6BAF,0x4228,0xE77D,0x0862,0xCE9A,
  0x10A3,0x634D,0x6B8E,0x632C,0xAD75,0x0000,0xE71C,0x4AAA,0x634D,0x7410,0x2124,0xFFFF,0x10A3,0xB596,0x1104,0x9CD3,
  0xC67A,0x0041,0xEF9E,0xEFFF,0xE7DF,0xEFDF,0xE7DF,0xE7DF,0xE7DF,0xE7DF,0xE7DF,0xE7DF,0xE7DF,0xEFFF,0xCF9F,0xB75F,
  0xC79F,0xC77F,0xBF5E,0xEFDF,0xF7FF,0xE7BF,0xF7FF,0xCEDB,0x10A2,0xEF7E,0xEFFF,0xEFFF,0xCEDB,0x424C,0x5311,0x5311,
  0x428E,0x31A8,0x31C8,0x31C8,0x39E8,0x9D34,0xBE17,0xB5F6,0xBDF7,0x742A,0x5B85,0x63C7,0x84AD,0x84AE,0xA553,0xC659,
  0xB5D7,0x53A3,0x53E3,0x6C07,0x6C65,0x63E5,0xB5D7,0x7C6B,0x53C3,0x63E6,0x5BE2,0x6464,0x6C65,0x63E6,0x53A2,0x5C02,
  0x5C23,0x6444,0x6464,0x53C1,0x5BA4,0x6406,0x63E5,0x53A4,0x63E8,0x8CCF,0xA553,0xBDF7,0xC618,0xB5F6,0xB5F7,0xB5F7,
  0xB5F7,0xB5F7,0xB5F7,0xB5F7,0xB5F7,0xB5F7,0xB5F7,0xB5F7,0xB5F7,0xB5F7,0xB5F7,0xB5F7,0xB5F7,0xB5F7,0xB5F7,0xB5F7,
  0xB5F7,0xB5F7,0xB5F7,0xB5F7,0xB5F7,0xB5F7,0xB5F7,0xB5F7,0xB5F7,0xB5F7,0xB5F7,0xB5F7,0xB5F7,0xB5F7,0xB5F7,0xB5F7,
  0xB5F7,0xB5F7,0xB5F7,0xB5F7,0xB5F7,0xB5F7,0xB5F7,0xB5F7,0xB5F7,0xB5F7,0xB5F7,0xB5F7,0xB5F7,0xB5F7,0xB5F7,0xB5F7,
  0xB5F7,0xB5F7,0xB5F7,0xB5F7,0xB5F7,0xB5F7,0xB5F7,0xB5F7,0xB5F7,0xB5F7,0xB5F7,0xB5F7,0xB5F7,0xB5F7,0xB5F7,0xB5F7,
  0xB5F7,0xB5F7,0xB5F7,0xB5F7,0xB5F7,0xB5F7,0xB5F7,0xB5F7,0xB5F7,0xB5F7,0xB5F7,0xB5F7,0xB5F7,0xB5F7,0xB5F7,0xB5F7,
  0xB5F7,0xB5F7,0xB5F7,0xB5F7,0xB5F7,0xB5F7,0xB5F7,0xB5F7,0xB5F7,0xB5F7,0xB5F7,0xB5F7,0xB5F7,0xB5F7,0xB5F7,0xB5F7,
  0xB5F7,0xB5F7,0xB5F7,0xB5F7,0xB5F7,0xB5F7,0xB5F7,0xB5F7,0xB5F7,0xB5D6,0xC658,0x6B6D,0x4208,0x634F,0x4AF1,0x5311,
  0x4AD0,0x5332,0x6BB1,0xE7BF,0xE7DF,0xFFFF,0x4228,0x636D,0xFFFF,0xE7BF,0xE7DF,0xF7FF,0xEFBE,0xBEBB,0xBEBB,0xBEDC,
  0xB6BB,0xCF7E,0xE7DF,0xE7DF,0xEFDF,0xE7DF,0xEFDF,0xEFDF,0xEFDF,0xE7DF,0xEFDF,0xEFFF,0xE75D,0x6B6F,0x5B52,0x42B0,
  0x0884,0x6B6E,0xFFFF,0xE77D,0xDF3D,0xDF3D,0xDF3D,0xDF3C,0xDF3C,0xDF3C,0xDF3C,0xE73D,0xF7DF,0xB5B6,0x31CA,0x4AAE,
  0x8C92,0xFFFF,0xE7DF,0xE7DF,0xE7DF,0xE7DF,0xE7DF,0xE7DF,0xE7DF,0xFFFF,0x9D14,0xCEBA,0xCEBA,0x7C31,0xDF1C,0xC679,
  0xEFFF,0xE7DF,0xEFDF,0xEFDF,0xE7DF,0xEFDF,0xEFDF,0xE7DF,0xEFFF,0xDFBF,0xFFFF,0x6B6F,0x320F,0x320E,0x21AD,0xA539,
  0x8CD6,0x4AD0,0x3A4F,0x3A4F,0x6350,0xFFFF,0xE7DF,0xEFDF,0xE7DF,0xEFDF,0xEFDF,0xEFFF,0xE7DF,0xE7DF,0xE7DF,0xF7FF,
  0xB619,0x0000,0xFFFF,0xADD7,0x0000,0x7BCF,0x7C31,0x2966,0xC659,0x0000,0xF7FF,0x9514,0x10C3,0xC67A,0x0000,0xC659,
  0x29A6,0x8C71,0xB5B7,0xBE18,0xAD96,0x0000,0xFFFF,0x6BCF,0x4228,0x94F4,0x2145,0xCE79,0x0000,0xB5B6,0x4ACB,0x7BCF,
  0x9D14,0x2986,0xF7BF,0xE7DF,0xE7DF,0xEFDF,0xE7DF,0xEFDF,0xEFDF,0xEFFF,0xE7DF,0xE7DF,0xE7DF,0xEFFF,0xCF9F,0xBF7F,
  0xC79F,0xC77F,0xBF5F,0xEFDF,0xEFFF,0xDFBF,0xEFFF,0xCEBB,0x10A2,0xE77D,0xEFFF,0xEFFF,0xCEBB,0x52CE,0x5B52,0x5311,
  0x4AAE,0x31A8,0x39E9,0x39E8,0x31C8,0x9D13,0xBE17,0xBE18,0x8CD0,0x63A8,0xA594,0xBDF7,0xB5F7,0x84AE,0x744B,0x8CAF,
  0xBE18,0x9D32,0x742A,0x53C3,0x6C66,0x6424,0x63A7,0x6C46,0x74A7,0x6C85,0x6C86,0x6C66,0x6C45,0x6444,0x6464,0x6444,
  0x6444,0x6424,0x6424,0x6422,0x5C22,0x6443,0x6443,0x6422,0x5C02,0x53E2,0x5BE3,0x53A3,0x848D,0xBE17,0xB5F7,0xB5F7,
  0xB5F7,0xB5F7,0xB5F7,0xB5F7,0xB5F7,0xB5F7,0xB5F7,0xB5F7,0xB5F7,0xB5F7,0xB5F7,0xB5F7,0xB5F7,0xB5F7,0xB5F7,0xB5F7,
  0xB5F7,0xB5F7,0xB5F7,0xB5F7,0xB5F7,0xB5F7,0xB5F7,0xB5F7,0xB5F7,0xB5F7,0xB5F7,0xB5F7,0xB5F7,0xB5F7,0xB5F7,0xB5F7,
  0xB5F7,0xB5F7,0xB5F7,0xB5F7,0xB5F7,0xB5F7,0xB5F7,0xB5F7,0xB5F7,0xB5F7,0xB5F7,0xB5F7,0xB5F7,0xB5F7,0xB5F7,0xB5F7,
  0xB5F7,0xB5F7,0xB5F7,0xB5F7,0xB5F7,0xB5F7,0xB5F7,0xB5F7,0xB5F7,0xB5F7,0xB5F7,0xB5F7,0xB5F7,0xB5F7,0xB5F7,0xB5F7,
  0xB5F7,0xB5F7,0xB5F7,0xB5F7,0xB5F7,0xB5F7,0xB5F7,0xB5F7,0xB5F7,0xB5F7,0xB5F7,0xB5F7,0xB5F7,0xB5F7,0xB5F7,0xB5F7,
  0xB5F7,0xB5F7,0xB5F7,0xB5F7,0xB5F7,0xB5F7,0xB5F7,0xB5F7,0xB5F7,0xB5F7,0xB5F7,0xB5F7,0xB5F7,0xB5F7,0xB5F7,0xB5F7,
  0xB5F7,0xB5F7,0xB5F7,0xB5F7,0xB5F7,0xB5F7,0xB5F7,0xB5F7,0xB5F7,0xB5D6,0xC658,0x6B6D,0x39E8,0x52CD,0x5B52,0x63B2,
  0x428F,0x5B32,0x6BB1,0xEFBF,0xE7BF,0xFFFF,0x4228,0x6B8E,0xFFFF,0xE7BF,0xE7BF,0xF7FF,0xEFBE,0xBEBB,0xBEDB,0xBEDC,
  0xB6BB,0xD77E,0xEFDF,0xE7DF,0xEFDF,0xE7DF,0xEFFF,0xE7DF,0xEFDF,0xE7DF,0xE7DF,0xF7FF,0xC638,0x52EF,0x5B73,0x320B,
  0x1904,0xEFBF,0xD71C,0xD6FC,0xD6FC,0xD6FC,0xD6FC,0xD6FC,0xD6FC,0xD6FC,0xD6FC,0xD6FC,0xCEBB,0xF7FF,0x7BF0,0x3A2C,
  0x634E,0xF7FF,0xE7DF,0xE7DF,0xE7DF,0xE7DF,0xE7DF,0xEFDF,0xE7DF,0xF7FF,0x6B8E,0xA555,0xBE38,0xEFBE,0xEFBE,0xB5D7,
  0xF7FF,0xE7DF,0xE7DF,0xE7DF,0xE7DF,0xEFDF,0xE7DF,0xE7DF,0xEFDF,0xE7DF,0xFFFF,0x6B6F,0x322F,0x29EE,0x21AD,0xA538,
  0x94D6,0x4AF0,0x3A2E,0x3A6F,0x6B71,0xFFFF,0xE7DF,0xEFFF,0xE7DF,0xE7DF,0xE7DF,0xEFDF,0xE7DF,0xE7DF,0xE7DF,0xEFFF,
  0xD71C,0x6BEF,0xE79E,0xFFFF,0x8472,0xB5F7,0xBE59,0x8CD3,0xE75D,0x7411,0xF7DF,0xBE59,0x8CD4,0xE77E,0x7C31,0xEF9E,
  0xDF3D,0x9D35,0x8CB3,0xD6DB,0xDF1C,0x8CD3,0xFFFF,0xB618,0x9D55,0xFFFF,0xA597,0x9514,0x9514,0xDF3C,0xEFDF,0x9D55,
  0x9D14,0xE75D,0xF7FF,0xE7DF,0xE7DF,0xE7DF,0xE7DF,0xE7DF,0xE7DF,0xE7DF,0xE7DF,0xE7DF,0xE7DF,0xEFDF,0xCF9F,0xBF7F,
  0xCF9F,0xC77F,0xBF5E,0xE7DF,0xEFFF,0xDFBF,0xF7FF,0xCEDB,0x10A2,0xE77E,0xE7FF,0xEFFF,0xCEDB,0x4A8D,0x4AD0,0x5311,
  0x428E,0x31A8,0x3187,0x31C8,0x39C8,0x9D13,0xBE17,0xB5F6,0xB5D6,0xC659,0xC639,0xC638,0xB5D6,0x6C09,0x63A7,0x4B41,
  0x744B,0x94F0,0xAD95,0x9D32,0x6C28,0x6445,0x6C66,0x74A7,0x6C65,0x5C03,0x6C65,0x6C86,0x6C45,0x6424,0x5C23,0x6444,
  0x6444,0x6444,0x6424,0x6422,0x5C22,0x6423,0x6423,0x6424,0x6444,0x6C64,0x5BE4,0x6C28,0x4B43,0x6BE9,0xBE17,0xB5F6,
  0xB5F7,0xB5F7,0xB5F7,0xB5F7,0xB5F7,0xB5F7,0xB5F7,0xB5F7,0xB5F7,0xB5F7,0xB5F7,0xB5F7,0xB5F7,0xB5F7,0xB5F7,0xB5F7,
  0xB5F7,0xB5F7,0xB5F7,0xB5F7,0xB5F7,0xB5F7,0xB5F7,0xB5F7,0xB5F7,0xB5F7,0xB5F7,0xB5F7,0xB5F7,0xB5F7,0xB5F7,0xB5F7,
  0xB5F7,0xB5F7,0xB5F7,0xB5F7,0xB5F7,0xB5F7,0xB5F7,0xB5F7,0xB5F7,0xB5F7,0xB5F7,0xB5F7,0xB5F7,0xB5F7,0xB5F7,0xB5F7,
  0xB5F7,0xB5F7,0xB5F7,0xB5F7,0xB5F7,0xB5F7,0xB5F7,0xB5F7,0xB5F7,0xB5F7,0xB5F7,0xB5F7,0xB5F7,0xB5F7,0xB5F7,0xB5F7,
  0xB5F7,0xB5F7,0xB5F7,0xB5F7,0xB5F7,0xB5F7,0xB5F7,0xB5F7,0xB5F7,0xB5F7,0xB5F7,0xB5F7,0xB5F7,0xB5F7,0xB5F7,0xB5F7,
  0xB5F7,0xB5F7,0xB5F7,0xB5F7,0xB5F7,0xB5F7,0xB5F7,0xB5F7,0xB5F7,0xB5F7,0xB5F7,0xB5F7,0xB5F7,0xB5F7,0xB5F7,0xB5F7,
  0xB5F7,0xB5F7,0xB5F7,0xB5F7,0xB5F7,0xB5F7,0xB5F7,0xB5F7,0xB5F7,0xB5D6,0xC658,0x6B8E,0x2945,0x4A8C,0x5B52,0x5311,
  0x4AB0,0x5B32,0x73D1,0xEFBF,0xE7BF,0xFFFF,0x39C7,0x6BAE,0xFFFF,0xE7BF,0xE7DF,0xF7FF,0xEFBE,0xBEBB,0xBEDC,0xBEDB,
  0xBEBB,0xD77E,0xEFDF,0xEFDF,0xEFDF,0xE7DF,0xE7DF,0xE7DF,0xEFFF,0xEFDF,0xE7BF,0xFFFF,0x9CF4,0x3A4E,0x63B4,0x2968,
  0x5AEB,0xEFDF,0xD6FC,0xD6FC,0xD6FC,0xD6FC,0xD6FC,0xD6FC,0xD6FC,0xD6FC,0xD6FC,0xD6FC,0xD6FC,0xE75D,0xC638,0x3A4C,
  0x5B2E,0xE79E,0xE7FF,0xE7DF,0xE7DF,0xE7DF,0xE7DF,0xE7DF,0xEFFF,0xDF3D,0x632D,0x8471,0xBE18,0x7BF0,0xD6BB,0x8C92,
  0xDF1C,0xEFDF,0xE7DF,0xE7DF,0xE7FF,0xE7DF,0xE7DF,0xE7FF,0xEFDF,0xE7DF,0xFFFF,0x6B6F,0x322F,0x29EE,0x29CD,0xA559,
  0x8CB6,0x4AF0,0x3A4F,0x3A4F,0x6B91,0xFFFF,0xE7BF,0xE7DF,0xE7DF,0xE7DF,0xE7DF,0xE7DF,0xE7DF,0xE7DF,0xE7DF,0xE7DF,
  0xEFFF,0xFFFF,0xEFFF,0xE7DF,0xFFFF,0xF7FF,0xF7FF,0xFFFF,0xEFFF,0xFFFF,0xEFDF,0xF7FF,0xFFFF,0xEFFF,0xFFFF,0xEFFF,
  0xEFFF,0xF7FF,0xFFFF,0xEFFF,0xEFFF,0xFFFF,0xEFDF,0xF7FF,0xF7FF,0xE7DF,0xF7FF,0xFFFF,0xFFFF,0xEFFF,0xE7DF,0xF7FF,
  0xF7FF,0xEFFF,0xE7DF,0xE7DF,0xE7DF,0xE7DF,0xE7DF,0xE7DF,0xE7DF,0xE7DF,0xE7DF,0xE7DF,0xE7DF,0xEFFF,0xCF9F,0xB75F,
  0xCF9F,0xC77F,0xBF5E,0xEFDF,0xEFDF,0xE7BE,0xE7DF,0xCEBB,0x10A2,0xE77D,0xE7FF,0xEFFF,0xCEDB,0x4AAE,0x4290,0x5312,
  0x428E,0x29A8,0x424A,0x5ACC,0x31A7,0x9D14,0xBE17,0xB5F7,0xB5D6,0x9510,0x742A,0x6BE8,0x6C29,0x7C6C,0x9D33,0x63E7,
  0x6424,0x5BE4,0x4B63,0x6BE9,0xB5D6,0x7C6B,0x6445,0x74A6,0x7449,0x848D,0x53A2,0x5BE3,0x6464,0x6425,0x5BC6,0x53C2,
  0x6423,0x6C66,0x6444,0x53C0,0x5C23,0x6444,0x6423,0x6465,0x5C03,0x5C23,0x53A2,0xA554,0xBE18,0xAD94,0xB5F7,0xB5F7,
  0xB5F7,0xB5F7,0xB5F7,0xB5F7,0xB5F7,0xB5F7,0xB5F7,0xB5F7,0xB5F7,0xB5F7,0xB5F7,0xB5F7,0xB5F7,0xB5F7,0xB5F7,0xB5F7,
  0xB5F7,0xB5F7,0xB5F7,0xB5F7,0xB5F7,0xB5F7,0xB5F7,0xB5F7,0xB5F7,0xB5F7,0xB5F7,0xB5F7,0xB5F7,0xB5F7,0xB5F7,0xB5F7,
  0xB5F7,0xB5F7,0xB5F7,0xB5F7,0xB5F7,0xB5F7,0xB5F7,0xB5F7,0xB5F7,0xB5F7,0xB5F7,0xB5F7,0xB5F7,0xB5F7,0xB5F7,0xB5F7,
  0xB5F7,0xB5F7,0xB5F7,0xB5F7,0xB5F7,0xB5F7,0xB5F7,0xB5F7,0xB5F7,0xB5F7,0xB5F7,0xB5F7,0xB5F7,0xB5F7,0xB5F7,0xB5F7,
  0xB5F7,0xB5F7,0xB5F7,0xB5F7,0xB5F7,0xB5F7,0xB5F7,0xB5F7,0xB5F7,0xB5F7,0xB5F7,0xB5F7,0xB5F7,0xB5F7,0xB5F7,0xB5F7,
  0xB5F7,0xB5F7,0xB5F7,0xB5F7,0xB5F7,0xB5F7,0xB5F7,0xB5F7,0xB5F7,0xB5F7,0xB5F7,0xB5F7,0xB5F7,0xB5F7,0xB5F7,0xB5F7,
  0xB5F7,0xB5F7,0xB5F7,0xB5F7,0xB5F7,0xB5F7,0xB5F7,0xB5F7,0xB5F7,0xB5D6,0xC658,0x6B8E,0x2124,0x426B,0x5B72,0x6393,
  0x4AB0,0x5352,0x73D1,0xEFDF,0xE7BF,0xFFFF,0x39E7,0x6BAE,0xFFFF,0xE7DF,0xE7DF,0xF7FF,0xEFBE,0xBEBB,0xBEDC,0xBEDB,
  0xBEBB,0xD77E,0xEFFF,0xE7DF,0xEFDF,0xE7DF,0xEFDF,0xE7DF,0xEFDF,0xE7DF,0xE7BF,0xFFFF,0x94D3,0x322D,0x5B52,0x1907,
  0x5B0C,0xEFDF,0xD6FC,0xD6FC,0xD6FC,0xD6FC,0xD6FC,0xD6FC,0xD6FC,0xD6FC,0xD6FC,0xD6FC,0xD6FC,0xE75D,0xC638,0x424C,
  0x5B2E,0xEFBF,0xE7DF,0xE7DF,0xE7DF,0xEFDF,0xEFFF,0xEFDF,0xEFDF,0xE7BE,0xF7FF,0xEFFF,0xEFDF,0xCE9A,0xEFDF,0xCEBA,
  0xD71C,0xEFFF,0xE7DF,0xEFFF,0xE7DF,0xE7DF,0xE7DF,0xE7DF,0xE7DF,0xE7BF,0xFFFF,0x6B6F,0x322F,0x29EE,0x21AD,0xA559,
  0x8CB6,0x52F1,0x3A4F,0x3A4F,0x6B71,0xFFFF,0xE7BF,0xE7DF,0xE7DF,0xE7DF,0xEFDF,0xE7DF,0xE7DF,0xE7DF,0xE7DF,0xE7DF,
  0xEFDF,0xE7BF,0xE7DF,0xE7DF,0xE7BF,0xE7DF,0xE7DF,0xE7BF,0xE7DF,0xE7BF,0xEFFF,0xE7DF,0xE7BF,0xE7DF,0xE7BF,0xE7DF,
  0xE7DF,0xE7DF,0xE7DF,0xE7DF,0xE7DF,0xE7DF,0xE7DF,0xE7DF,0xE7DF,0xE7DF,0xE7BF,0xE7BF,0xE7BF,0xE7DF,0xE7DF,0xE7DF,
  0xE7DF,0xE7DF,0xE7DF,0xE7DF,0xE7DF,0xE7DF,0xEFDF,0xE7DF,0xE7DF,0xEFFF,0xE7DF,0xE7DF,0xE7DF,0xE7DF,0xCF9F,0xBF7F,
  0xC79F,0xBF7F,0xB75E,0xEFDF,0xF7FF,0xD79E,0xE7DF,0xD6DB,0x1082,0xEF9E,0xEFFF,0xEFFF,0xCEBA,0x52EE,0x5B32,0x4AF1,
  0x4A8E,0x31A8,0x4A4B,0x31C8,0x31A7,0x9D13,0xBE17,0xBE17,0x9511,0x5345,0x5BA4,0x5BE5,0x6425,0x5BE4,0x53C2,0x5C04,
  0x6C45,0x6C66,0x6C66,0x53C1,0x7429,0x9D32,0x5C04,0x6C85,0x5BC5,0xBDF8,0xAD95,0x8CD0,0x5BC4,0x53C2,0x8CD0,0xAD95,
  0x6407,0x6443,0x63E5,0x7C6D,0x5BC4,0x5C22,0x6C65,0x53C2,0x742A,0x7C6B,0x5C03,0x6426,0xADB5,0xBE18,0xB5F6,0xB5F7,
  0xB5F7,0xB5F7,0xB5F7,0xB5F7,0xB5F7,0xB5F7,0xB5F7,0xB5F7,0xB5F7,0xB5F7,0xB5F7,0xB5F7,0xB5F7,0xB5F7,0xB5F7,0xB5F7,
  0xB5F7,0xB5F7,0xB5F7,0xB5F7,0xB5F7,0xB5F7,0xB5F7,0xB5F7,0xB5F7,0xB5F7,0xB5F7,0xB5F7,0xB5F7,0xB5F7,0xB5F7,0xB5F7,
  0xB5F7,0xB5F7,0xB5F7,0xB5F7,0xB5F7,0xB5F7,0xB5F7,0xB5F7,0xB5F7,0xB5F7,0xB5F7,0xB5F7,0xB5F7,0xB5F7,0xB5F7,0xB5F7,
  0xB5F7,0xB5F7,0xB5F7,0xB5F7,0xB5F7,0xB5F7,0xB5F7,0xB5F7,0xB5F7,0xB5F7,0xB5F7,0xB5F7,0xB5F7,0xB5F7,0xB5F7,0xB5F7,
  0xB5F7,0xB5F7,0xB5F7,0xB5F7,0xB5F7,0xB5F7,0xB5F7,0xB5F7,0xB5F7,0xB5F7,0xB5F7,0xB5F7,0xB5F7,0xB5F7,0xB5F7,0xB5F7,
  0xB5F7,0xB5F7,0xB5F7,0xB5F7,0xB5F7,0xB5F7,0xB5F7,0xB5F7,0xB5F7,0xB5F7,0xB5F7,0xB5F7,0xB5F7,0xB5F7,0xB5F7,0xB5F7,
  0xB5F7,0xB5F7,0xB5F7,0xB5F7,0xB5F7,0xB5F7,0xB5F7,0xB5F7,0xB5F7,0xB5D6,0xC638,0x73CF,0x31C8,0x424A,0x5B73,0x5B72,
  0x42AF,0x5332,0x73D1,0xEFBF,0xE7BF,0xFFFF,0x4249,0x6B8E,0xFFFF,0xE7BF,0xE7BF,0xF7FF,0xEFBE,0xBEBB,0xBEDC,0xBEDB,
  0xB6BB,0xD77E,0xEFFF,0xE7DF,0xE7DF,0xE7DF,0xEFDF,0xE7DF,0xE7DF,0xEFDF,0xE7DF,0xF7FF,0xBE17,0x4A8E,0x5B53,0x29CB,
  0x2145,0xEFBF,0xDF1C,0xD6FC,0xD6FC,0xD6FC,0xD6FC,0xD6FC,0xD6FC,0xD6FC,0xD6FC,0xDEFC,0xCEBB,0xF7DF,0x94B2,0x31EB,
  0x634E,0xF7FF,0xE7DF,0xE7DF,0xE7DF,0xE7DF,0xE7DF,0xE7DF,0xE7DF,0xEFFF,0xE7DF,0xE7DF,0xEFFF,0xEFFF,0xE7FF,0xEFFF,
  0xEFFF,0xE7DF,0xEFDF,0xE7DF,0xE7DF,0xE7DF,0xE7DF,0xE7DF,0xE7DF,0xE7DF,0xFFFF,0x6B8F,0x322F,0x29EE,0x218C,0x9D38,
  0x8C96,0x4AD0,0x322E,0x4270,0x6B71,0xF7DF,0xE7DF,0xE7DF,0xE7DF,0xE7DF,0xE7DF,0xEFDF,0xE7DF,0xEFDF,0xE7DF,0xE7DF,
  0xE7DF,0xE7DF,0xEFFF,0xEFFF,0xE7DF,0xE7DF,0xE7DF,0xE7DF,0xE7DF,0xE7DF,0xE7FF,0xEFFF,0xEFDF,0xE7DF,0xE7DF,0xE7DF,
  0xE7DF,0xE7DF,0xE7DF,0xE7DF,0xE7DF,0xEFDF,0xE7DF,0xE7DF,0xE7DF,0xE7DF,0xE7DF,0xE7DF,0xE7DF,0xE7DF,0xEFFF,0xE7DF,
  0xE7DF,0xE7DF,0xE7DF,0xE7DF,0xE7DF,0xE7DF,0xE7DF,0xE7DF,0xE7DF,0xE7DF,0xE7DF,0xE7DF,0xDFDF,0xEFDF,0xCF9F,0xBF7F,
  0xCF9F,0xC77F,0xBF5F,0xEFDF,0xEFFF,0xDF9E,0xF7FF,0xCEBB,0x18E3,0xDF5D,0xDFDF,0xE7FF,0xCEDB,0x3A2B,0x4AD1,0x5312,
  0x4A8E,0x2967,0x424A,0x39C8,0x39E8,0x9D13,0xBE17,0xB5D6,0xBE38,0xADB6,0x5BA6,0x6C47,0x6C47,0x6446,0x6425,0x6424,
  0x6445,0x6445,0x6425,0x5C02,0x5BC6,0x9D11,0x53C2,0x744A,0x8CAE,0xB5D6,0xBE17,0xBE38,0xADB5,0x6408,0x63C8,0xC659,
  0xAD95,0x5BE4,0x6C07,0xCE5A,0xAD94,0x5BC5,0x5401,0x63E6,0xB5D7,0xC639,0x9511,0x4B61,0x744A,0xBE18,0xB5F6,0xB5F7,
  0xB5F7,0xB5F7,0xB5F7,0xB5F7,0xB5F7,0xB5F7,0xB5F7,0xB5F7,0xB5F7,0xB5F7,0xB5F7,0xB5F7,0xB5F7,0xB5F7,0xB5F7,0xB5F7,
  0xB5F7,0xB5F7,0xB5F7,0xB5F7,0xB5F7,0xB5F7,0xB5F7,0xB5F7,0xB5F7,0xB5F7,0xB5F7,0xB5F7,0xB5F7,0xB5F7,0xB5F7,0xB5F7,
  0xB5F7,0xB5F7,0xB5F7,0xB5F7,0xB5F7,0xB5F7,0xB5F7,0xB5F7,0xB5F7,0xB5F7,0xB5F7,0xB5F7,0xB5F7,0xB5F7,0xB5F7,0xB5F7,
  0xB5F7,0xB5F7,0xB5F7,0xB5F7,0xB5F7,0xB5F7,0xB5F7,0xB5F7,0xB5F7,0xB5F7,0xB5F7,0xB5F7,0xB5F7,0xB5F7,0xB5F7,0xB5F7,
  0xB5F7,0xB5F7,0xB5F7,0xB5F7,0xB5F7,0xB5F7,0xB5F7,0xB5F7,0xB5F7,0xB5F7,0xB5F7,0xB5F7,0xB5F7,0xB5F7,0xB5F7,0xB5F7,
  0xB5F7,0xB5F7,0xB5F7,0xB5F7,0xB5F7,0xB5F7,0xB5F7,0xB5F7,0xB5F7,0xB5F7,0xB5F7,0xB5F7,0xB5F7,0xB5F7,0xB5F7,0xB5F7,
  0xB5F7,0xB5F7,0xB5F7,0xB5F7,0xB5F7,0xB5F7,0xB5F7,0xB5F7,0xB5F7,0xB5D6,0xBE37,0x7BEF,0x52AC,0x424B,0x5B32,0x4AF0,
  0x42AF,0x5311,0x6BB0,0xEFFF,0xDFBF,0xFFFF,0x4208,0x6BAF,0xFFFF,0xE7BF,0xE7DF,0xF7FF,0xEFBE,0xBEBB,0xBEDB,0xBEBB,
  0xB6BB,0xD77E,0xEFFF,0xEFDF,0xEFDF,0xE7FF,0xE7DF,0xE7DF,0xEFFF,0xEFDF,0xE7DF,0xEFFF,0xE77D,0x52CE,0x5B53,0x4AD0,
  0x10E6,0x7BEF,0xFFFF,0xE75D,0xDF3D,0xDF1C,0xDF1C,0xDF1C,0xD71C,0xD71C,0xD6FC,0xDF1C,0xEFBF,0xDEDA,0x424B,0x426D,
  0x8472,0xFFFF,0xE7DF,0xE7DF,0xE7DF,0xE7DF,0xE7DF,0xE7DF,0xEFFF,0xE7DF,0xE7DF,0xE7DF,0xE7DF,0xE7DF,0xE7DF,0xE7DF,
  0xE7DF,0xE7DF,0xEFDF,0xE7DF,0xE7DF,0xE7DF,0xE7DF,0xE7DF,0xE7DF,0xE7DF,0xFFFF,0x6B8F,0x2A0E,0x29EE,0x21AC,0x9D18,
  0x8CB6,0x4AD0,0x322E,0x3A4F,0x6B71,0xFFFF,0xE7BF,0xE7DF,0xE7DF,0xEFDF,0xE7BF,0xE7DF,0xE7DF,0xE7DF,0xE7DF,0xE7DF,
  0xE7DF,0xEFFF,0xDF9E,0xE79F,0xEFFF,0xE7DF,0xE7DF,0xE7DF,0xE7DF,0xE7DF,0xEFDF,0xE7DF,0xE7DF,0xE7DF,0xE7DF,0xE7DF,
  0xEFDF,0xE7DF,0xE7DF,0xE7DF,0xE7DF,0xE7DF,0xEFDF,0xE7DF,0xEFDF,0xE7DF,0xE7DF,0xE7DF,0xE7DF,0xE7DF,0xE7DF,0xE7DF,
  0xEFDF,0xE7DF,0xE7DF,0xE7DF,0xE7DF,0xE7DF,0xE7DF,0xE7DF,0xE7DF,0xE7DF,0xE7DF,0xE7DF,0xE7DF,0xEFFF,0xCF9F,0xBF7F,
  0xC79F,0xC77F,0xBF5F,0xE7DF,0xF7FF,0xDFBF,0xEFFF,0xCEBB,0x20E4,0xCF3D,0xCF9F,0xF7FF,0xC6BB,0x52CE,0x4AF1,0x5B32,
  0x3A2D,0x5ACB,0x528B,0x2987,0x3A09,0x9D14,0xBE17,0xBDF7,0xADB5,0x63C7,0x6407,0x6C47,0x6C46,0x6446,0x6445,0x6424,
  0x6444,0x6465,0x53C3,0x5384,0xA573,0x9511,0x5BA5,0xBE18,0xC638,0xB5F7,0xB5F6,0xB5F6,0xBE17,0xBE18,0xAD94,0xB5D6,
  0xC638,0x9510,0x744A,0xBE17,0xBDF7,0xBDF8,0x6C29,0x4B62,0xA593,0xBDF7,0xC638,0x8CF0,0x5BA7,0xBE17,0xB5F6,0xB5F7,
  0xB5F7,0xB5F7,0xB5F7,0xB5F7,0xB5F7,0xB5F7,0xB5F7,0xB5F7,0xB5F7,0xB5F7,0xB5F7,0xB5F7,0xB5F7,0xB5F7,0xB5F7,0xB5F7,
  0xB5F7,0xB5F7,0xB5F7,0xB5F7,0xB5F7,0xB5F7,0xB5F7,0xB5F7,0xB5F7,0xB5F7,0xB5F7,0xB5F7,0xB5F7,0xB5F7,0xB5F7,0xB5F7,
  0xB5F7,0xB5F7,0xB5F7,0xB5F7,0xB5F7,0xB5F7,0xB5F7,0xB5F7,0xB5F7,0xB5F7,0xB5F7,0xB5F7,0xB5F7,0xB5F7,0xB5F7,0xB5F7,
  0xB5F7,0xB5F7,0xB5F7,0xB5F7,0xB5F7,0xB5F7,0xB5F7,0xB5F7,0xB5F7,0xB5F7,0xB5F7,0xB5F7,0xB5F7,0xB5F7,0xB5F7,0xB5F7,
  0xB5F7,0xB5F7,0xB5F7,0xB5F7,0xB5F7,0xB5F7,0xB5F7,0xB5F7,0xB5F7,0xB5F7,0xB5F7,0xB5F7,0xB5F7,0xB5F7,0xB5F7,0xB5F7,
  0xB5F7,0xB5F7,0xB5F7,0xB5F7,0xB5F7,0xB5F7,0xB5F7,0xB5F7,0xB5F7,0xB5F7,0xB5F7,0xB5F7,0xB5F7,0xB5F7,0xB5F7,0xB5F7,
  0xB5F7,0xB5F7,0xB5F7,0xB5F7,0xB5F6,0xB5F7,0xB5F7,0xB5F7,0xB5F7,0xB5D6,0xBE37,0x7C30,0x3A08,0x424B,0x5B52,0x5311,
  0x428F,0x5311,0x6B90,0xF7FF,0xE7BF,0xFFFF,0x39C7,0x73CF,0xFFFF,0xE7BF,0xEFDF,0xF7FF,0xEF9E,0xB67A,0xBEBB,0xBEBB,
  0xB69B,0xD77E,0xEFFF,0xE7DF,0xEFDF,0xE7DF,0xE7DF,0xE7DF,0xE7DF,0xE7DF,0xEFDF,0xE7BF,0xFFFF,0x8C72,0x4AB0,0x5311,
  0x5312,0x29AA,0x6B8F,0xC638,0xD6DB,0xDEFB,0xDEFB,0xDF1C,0xE73C,0xDF3C,0xE75D,0xE73C,0xB5B6,0x39EA,0x52D0,0x424B,
  0xDF3C,0xEFFF,0xE7DF,0xEFDF,0xEFFF,0xE7DF,0xEFDF,0xEFDF,0xE7DF,0xE7DF,0xE7FF,0xE7DF,0xE7DF,0xE7DF,0xE7DF,0xE7DF,
  0xE7DF,0xE7DF,0xE7DF,0xE7DF,0xE7DF,0xEFDF,0xE7DF,0xE7DF,0xE7DF,0xE7BF,0xFFFF,0x6B8F,0x2A0E,0x29EE,0x21AD,0xA558,
  0x8CB6,0x52F0,0x322E,0x3A4F,0x6B71,0xFFFF,0xE7BF,0xE7DF,0xE7DF,0xE7DF,0xEFDF,0xEFDF,0xEFDF,0xE7DF,0xE7DF,0xE7DF,
  0xE7FF,0xEFFF,0xDF9E,0xD77E,0xEFFF,0xE7DF,0xE7FF,0xEFDF,0xE7DF,0xEFFF,0xEFDF,0xE7DF,0xE7DF,0xEFDF,0xEFDF,0xE7DF,
  0xE7DF,0xE7DF,0xE7DF,0xE7DF,0xE7DF,0xEFDF,0xE7DF,0xE7DF,0xE7DF,0xE7DF,0xE7DF,0xE7DF,0xE7DF,0xE7DF,0xE7DF,0xE7DF,
  0xEFDF,0xE7DF,0xE7DF,0xE7DF,0xE7DF,0xE7DF,0xE7DF,0xE7DF,0xE7DF,0xE7DF,0xE7DF,0xEFDF,0xE7DF,0xEFFF,0xCF9F,0xB75F,
  0xC79F,0xC77F,0xB75E,0xE7DF,0xDFBF,0xE7BF,0xE7DF,0xC6BB,0x18E3,0xD75D,0xD79F,0xEFFF,0xC69A,0x4AAE,0x5312,0x5B52,
  0x428E,0x2967,0x3A09,0x422A,0x3187,0x9D14,0xBE37,0xB5D6,0x5366,0x5364,0x63E6,0x6406,0x6C46,0x6424,0x53A2,0x4B43,
  0x6C09,0x6425,0x5BC4,0xAD95,0xC659,0x9D32,0x9D32,0xBE18,0xB5D6,0xB5F7,0xB5F7,0xB5F7,0xB5F6,0xB5F6,0xBE17,0xB5F7,
  0xB5F6,0xBDF7,0xBDF7,0xB5F7,0xB5F6,0xBDF7,0xBE18,0x6C08,0x63E8,0xBE18,0xB5D6,0xBE17,0xB5D6,0xB5F7,0xB5F7,0xB5F7,
  0xB5F7,0xB5F7,0xB5F7,0xB5F7,0xB5F7,0xB5F7,0xB5F7,0xB5F7,0xB5F7,0xB5F7,0xB5F7,0xB5F7,0xB5F7,0xB5F7,0xB5F7,0xB5F7,
  0xB5F7,0xB5F7,0xB5F7,0xB5F7,0xB5F7,0xB5F7,0xB5F7,0xB5F7,0xB5F7,0xB5F7,0xB5F7,0xB5F7,0xB5F7,0xB5F7,0xB5F7,0xB5F7,
  0xB5F7,0xB5F7,0xB5F7,0xB5F7,0xB5F7,0xB5F7,0xB5F7,0xB5F7,0xB5F7,0xB5F7,0xB5F7,0xB5F7,0xB5F7,0xB5F7,0xB5F7,0xB5F7,
  0xB5F7,0xB5F7,0xB5F7,0xB5F7,0xB5F7,0xB5F7,0xB5F7,0xB5F7,0xB5F7,0xB5F7,0xB5F7,0xB5F7,0xB5F7,0xB5F7,0xB5F7,0xB5F7,
  0xB5F7,0xB5F7,0xB5F7,0xB5F7,0xB5F7,0xB5F7,0xB5F7,0xB5F7,0xB5F7,0xB5F7,0xB5F7,0xB5F7,0xB5F7,0xB5F7,0xB5F7,0xB5F7,
  0xB5F7,0xB5F7,0xB5F7,0xB5F7,0xB5F7,0xB5F7,0xB5F7,0xB5F7,0xB5F7,0xB5F7,0xB5F7,0xB5F7,0xB5F7,0xB5F7,0xB5F6,0xB5F6,
  0xB5F7,0xB5F7,0xB5F6,0xB5F6,0xBE18,0xBDF7,0xB5F7,0xB5F7,0xB5F7,0xB5D6,0xC658,0x6B6D,0x39E7,0x4A8C,0x5B32,0x4AD0,
  0x42AF,0x5312,0x6B90,0xEFFF,0xE7BF,0xFFFF,0x39E7,0x6BCF,0xFFFF,0xE7BF,0xEFDF,0xF7FF,0xEFBE,0xB69A,0xBEDC,0xB6BB,
  0xB69B,0xD77E,0xEFFF,0xE7DF,0xEFDF,0xEFDF,0xE7DF,0xE7DF,0xEFDF,0xE7DF,0xE7DF,0xE7DF,0xEFDF,0xEF9E,0x52CD,0x4AF1,
  0x5311,0x4AF1,0x29CC,0x29CB,0x3A2C,0x3A2B,0x3A2A,0x424B,0x426B,0x4A6C,0x52EF,0x3A0B,0x29AA,0x5312,0x320B,0xA576,
  0xFFFF,0xE7DF,0xE7DF,0xE7DF,0xEFFF,0xE7DF,0xE7DF,0xE7DF,0xE7DF,0xE7DF,0xE7DF,0xE7DF,0xEFFF,0xE7DF,0xE7DF,0xE7DF,
  0xE7DF,0xE7DF,0xE7DF,0xE7DF,0xE7DF,0xE7DF,0xE7DF,0xE7DF,0xE7DF,0xE7DF,0xFFFF,0x73CF,0x322F,0x29ED,0x21AD,0x9D38,
  0x8CB6,0x4AF0,0x322E,0x3A4F,0x6B91,0xFFFF,0xE7DF,0xEFDF,0xE7DF,0xE7DF,0xE7DF,0xE7FF,0xEFDF,0xEFDF,0xE7DF,0xEFFF,
  0xE7DF,0xE7DF,0xEFDF,0xE7DF,0xE7DF,0xE7DF,0xE7DF,0xE7DF,0xE7DF,0xE7DF,0xE7DF,0xE7DF,0xE7DF,0xE7DF,0xE7DF,0xE7DF,
  0xE7DF,0xE7DF,0xEFFF,0xE7DF,0xE7DF,0xEFDF,0xE7DF,0xE7DF,0xE7DF,0xE7DF,0xE7DF,0xE7DF,0xE7DF,0xE7DF,0xE7DF,0xE7DF,
  0xE7DF,0xE7DF,0xE7DF,0xEFDF,0xE7DF,0xE7DF,0xE7DF,0xE7DF,0xE7DF,0xE7DF,0xE7DF,0xE7DF,0xE7DF,0xEFFF,0xCF9F,0xBF5F,
  0xC79F,0xBF7F,0xBF7F,0xE7DF,0xE7DF,0xE7DF,0xEFFF,0xCEBB,0x2104,0xD75D,0xD79F,0xD77E,0xC69A,0x4A8D,0x4AF1,0x5B53,
  0x426E,0x31A8,0x39E9,0x422A,0x39E8,0x9CF3,0xC659,0x742C,0x4B04,0x9511,0x8CAF,0x5BC5,0x5C04,0x6C08,0x8CAF,0xB5D5,
  0xC659,0x84AE,0x6C29,0xBE18,0xB5D6,0xBE17,0xBE17,0xB5F6,0xB5F7,0xB5F7,0xB5F7,0xB5F7,0xB5F7,0xB5F7,0xB5F6,0xB5F7,
  0xB5F7,0xB5F6,0xB5F6,0xB5F7,0xB5F7,0xB5F6,0xBDF7,0xB5F7,0x94F0,0xB5F7,0xB5F7,0xB5F6,0xBDF7,0xB5F7,0xB5F7,0xB5F7,
  0xB5F7,0xB5F7,0xB5F7,0xB5F7,0xB5F7,0xB5F7,0xB5F7,0xB5F7,0xB5F7,0xB5F7,0xB5F7,0xB5F7,0xB5F7,0xB5F7,0xB5F7,0xB5F7,
  0xB5F7,0xB5F7,0xB5F7,0xB5F7,0xB5F7,0xB5F7,0xB5F7,0xB5F7,0xB5F7,0xB5F7,0xB5F7,0xB5F7,0xB5F7,0xB5F7,0xB5F7,0xB5F7,
  0xB5F7,0xB5F7,0xB5F7,0xB5F7,0xB5F7,0xB5F7,0xB5F7,0xB5F7,0xB5F7,0xB5F7,0xB5F7,0xB5F7,0xB5F7,0xB5F7,0xB5F7,0xB5F7,
  0xB5F7,0xB5F7,0xB5F7,0xB5F7,0xB5F7,0xB5F7,0xB5F7,0xB5F7,0xB5F7,0xB5F7,0xB5F7,0xB5F7,0xB5F7,0xB5F7,0xB5F7,0xB5F7,
  0xB5F7,0xB5F7,0xB5F7,0xB5F7,0xB5F7,0xB5F7,0xB5F7,0xB5F7,0xB5F7,0xB5F7,0xB5F7,0xB5F7,0xB5F7,0xB5F7,0xB5F7,0xB5F7,
  0xB5F7,0xB5F7,0xB5F7,0xB5F7,0xB5F7,0xB5F7,0xB5F7,0xB5F6,0xB5F7,0xB5F7,0xB5F7,0xB5F7,0xB5F6,0xB5D6,0xBDF7,0xBDF7,
  0xB5F6,0xB5F6,0xBE17,0xBE18,0x9D32,0xB5D6,0xB5F7,0xB5D6,0xB5F6,0xB5D6,0xC638,0x73AE,0x31C7,0x424B,0x5352,0x52F1,
  0x42AF,0x5312,0x6BB0,0xF7FF,0xDFBF,0xFFFF,0x39C7,0x73EF,0xFFFF,0xE7DF,0xE7DF,0xF7FF,0xEFBE,0xB69A,0xBEDC,0xBEDC,
  0xB6BB,0xD79E,0xEFFF,0xE7DF,0xE7DF,0xEFDF,0xEFDF,0xEFDF,0xEFDF,0xEFDF,0xE7DF,0xEFDF,0xE7DF,0xEFFF,0xE75D,0x52ED,
  0x31EC,0x4AB1,0x5312,0x4B12,0x4AF2,0x4AD1,0x42D1,0x42B0,0x42B0,0x42D0,0x42B1,0x4AD1,0x42D0,0x29CA,0x94F4,0xFFFF,
  0xE7DF,0xEFFF,0xE7DF,0xE7DF,0xE7DF,0xE7DF,0xE7DF,0xEFDF,0xE7FF,0xEFDF,0xE7DF,0xE7DF,0xEFDF,0xE7DF,0xE7DF,0xEFDF,
  0xE7DF,0xE7DF,0xE7DF,0xE7DF,0xE7DF,0xE7DF,0xE7DF,0xE7DF,0xE7DF,0xE7DF,0xFFFF,0x7BD0,0x322F,0x29EE,0x218C,0xA538,
  0x8CB6,0x4AF0,0x322E,0x3A6F,0x6B91,0xFFFF,0xE7BF,0xE7DF,0xE7DF,0xE7DF,0xE7DF,0xE7DF,0xE7DF,0xE7DF,0xEFFF,0xE7BF,
  0xE7DF,0xE7DF,0xE7DF,0xE7DF,0xE7DF,0xE7DF,0xE7DF,0xE7DF,0xE7DF,0xE7DF,0xE7DF,0xE7DF,0xE7DF,0xE7DF,0xEFDF,0xE7DF,
  0xEFDF,0xE7DF,0xE7DF,0xE7DF,0xEFDF,0xEFDF,0xE7DF,0xE7DF,0xE7DF,0xE7DF,0xE7DF,0xE7DF,0xE7DF,0xE7DF,0xE7DF,0xE7DF,
  0xE7DF,0xE7DF,0xEFDF,0xE7DF,0xE7DF,0xE7DF,0xE7DF,0xE7DF,0xE7DF,0xE7DF,0xE7DF,0xE7DF,0xE7DF,0xEFFF,0xCF9F,0xBF7F,
  0xC79F,0xBF7F,0xBF7F,0xE7DF,0xE7DF,0xD77E,0xD79F,0xC69A,0x18A3,0xE77E,0xE7FF,0xEFFF,0xCEDB,0x4A8D,0x4AF1,0x5B73,
  0x428E,0x31A8,0x31C8,0x39E9,0x39E8,0x9D13,0xBE38,0xA574,0xADB5,0xCE7A,0x7C6C,0x5383,0x7C6B,0xBDF8,0xC658,0x8CB4,
  0xA555,0xBDF6,0xADB5,0xBDF7,0xB5F7,0xB5F6,0xB5F6,0xB5F7,0xB5F7,0xB5F7,0xB5F7,0xB5F7,0xB5F7,0xB5F7,0xB5F7,0xB5F7,
  0xB5F7,0xB5F7,0xB5F7,0xB5F7,0xB5F7,0xB5F7,0xB5F6,0xB5F7,0xBE18,0xB5F7,0xB5F7,0xB5F7,0xB5F7,0xB5F7,0xB5F7,0xB5F7,
  0xB5F7,0xB5F7,0xB5F7,0xB5F7,0xB5F7,0xB5F7,0xB5F7,0xB5F7,0xB5F7,0xB5F7,0xB5F7,0xB5F7,0xB5F7,0xB5F7,0xB5F7,0xB5F7,
  0xB5F7,0xB5F7,0xB5F7,0xB5F7,0xB5F7,0xB5F7,0xB5F7,0xB5F7,0xB5F7,0xB5F7,0xB5F7,0xB5F7,0xB5F7,0xB5F7,0xB5F7,0xB5F7,
  0xB5F7,0xB5F7,0xB5F7,0xB5F7,0xB5F7,0xB5F7,0xB5F7,0xB5F7,0xB5F7,0xB5F7,0xB5F7,0xB5F7,0xB5F7,0xB5F7,0xB5F7,0xB5F7,
  0xB5F7,0xB5F7,0xB5F7,0xB5F7,0xB5F7,0xB5F7,0xB5F7,0xB5F7,0xB5F7,0xB5F7,0xB5F7,0xB5F7,0xB5F7,0xB5F7,0xB5F7,0xB5F7,
  0xB5F7,0xB5F7,0xB5F7,0xB5F7,0xB5F7,0xB5F7,0xB5F7,0xB5F7,0xB5F7,0xB5F7,0xB5F7,0xB5F7,0xB5F7,0xB5F7,0xB5F7,0xB5F7,
  0xB5F6,0xB5F6,0xB5F6,0xB5F7,0xB5F7,0xB5F6,0xBDF7,0xBE17,0xB5F6,0xB5F6,0xB5F6,0xBDF7,0xBDF7,0xC639,0xADB5,0x63A7,
  0xADB5,0xBE17,0xAD94,0x63E8,0x7C4C,0xB5F7,0xBE17,0xC638,0xBE18,0xBE18,0xC679,0x6B6D,0x2124,0x3A2B,0x5311,0x5B72,
  0x428F,0x4AF1,0x6B8F,0xF7FF,0xDFBF,0xFFFF,0x39E7,0x7410,0xFFFF,0xE7BF,0xE7DF,0xF7FF,0xEF9E,0xB69B,0xBEDC,0xBEDB,
  0xB6BB,0xD79F,0xEFFF,0xE7DF,0xE7DF,0xE7DF,0xE7DF,0xE7DF,0xEFDF,0xE7DF,0xE7DF,0xEFDF,0xEFFF,0xE7DF,0xEFFF,0xF7DF,
  0x9CF4,0x4A8C,0x320B,0x29AB,0x29CB,0x320C,0x320C,0x29AB,0x29AA,0x29AB,0x29AA,0x3A2C,0x52CD,0xBE39,0xFFFF,0xE7DF,
  0xEFDF,0xE7DF,0xE7DF,0xEFDF,0xEFDF,0xE7DF,0xE7DF,0xE7DF,0xEFDF,0xE7DF,0xE7DF,0xEFFF,0xEFDF,0xE7DF,0xE7DF,0xE7DF,
  0xE7DF,0xE7DF,0xE7DF,0xEFFF,0xE7DF,0xE7DF,0xE7DF,0xE7DF,0xE7DF,0xE7BF,0xFFFF,0x73CF,0x2A0E,0x29EE,0x21AD,0x9D38,
  0x8C96,0x4AF0,0x322E,0x4290,0x7391,0xFFFF,0xE7DF,0xE7DF,0xE7DF,0xEFDF,0xE7DF,0xE7DF,0xE7DF,0xEFFF,0xCEFC,0xA5D9,
  0xEFFF,0xE7DF,0xEFFF,0xE7DF,0xE7DF,0xE7DF,0xE7DF,0xE7DF,0xEFDF,0xEFDF,0xEFDF,0xE7DF,0xE7DF,0xE7DF,0xEFDF,0xE7DF,
  0xEFFF,0xE7DF,0xE7DF,0xE7DF,0xE7FF,0xE7DF,0xEFDF,0xE7DF,0xE7DF,0xE7DF,0xE7DF,0xE7DF,0xE7DF,0xE7DF,0xE7DF,0xE7DF,
  0xE7DF,0xE7DF,0xE7DF,0xE7DF,0xEFFF,0xE7DF,0xE7DF,0xEFDF,0xE7DF,0xE7DF,0xE7DF,0xE7DF,0xE7DF,0xEFDF,0xC79F,0xBF7F,
  0xC79F,0xBF9F,0xBF7F,0xDFBF,0xE7FF,0xCF5E,0xEFFF,0xBE7A,0x1082,0xE77E,0xDFFF,0xE7FF,0xC6BB,0x426C,0x4AF1,0x5B52,
  0x4AAF,0x31A8,0x39E9,0x39C8,0x31A7,0x9D14,0xBE17,0xBDF7,0xBE17,0xADB5,0x4B24,0x9510,0xBE18,0xC637,0x6BB2,0x21AF,
  0x94F4,0xBE37,0xBDF7,0xB5F6,0xB5F7,0xB5F7,0xB5F7,0xB5F7,0xB5F7,0xB5F7,0xB5F7,0xB5F7,0xB5F7,0xB5F7,0xB5F7,0xB5F7,
  0xB5F7,0xB5F7,0xB5F7,0xB5F7,0xB5F7,0xB5F7,0xB5F7,0xB5F7,0xB5F6,0xB5F7,0xB5F7,0xB5F7,0xB5F7,0xB5F7,0xB5F7,0xB5F7,
  0xB5F7,0xB5F7,0xB5F7,0xB5F7,0xB5F7,0xB5F7,0xB5F7,0xB5F7,0xB5F7,0xB5F7,0xB5F7,0xB5F7,0xB5F7,0xB5F7,0xB5F7,0xB5F7,
  0xB5F7,0xB5F7,0xB5F7,0xB5F7,0xB5F7,0xB5F7,0xB5F7,0xB5F7,0xB5F7,0xB5F7,0xB5F7,0xB5F7,0xB5F7,0xB5F7,0xB5F7,0xB5F7,
  0xB5F7,0xB5F7,0xB5F7,0xB5F7,0xB5F7,0xB5F7,0xB5F7,0xB5F7,0xB5F7,0xB5F7,0xB5F7,0xB5F7,0xB5F7,0xB5F7,0xB5F7,0xB5F7,
  0xB5F7,0xB5F7,0xB5F7,0xB5F7,0xB5F7,0xB5F7,0xB5F7,0xB5F7,0xB5F7,0xB5F7,0xB5F7,0xB5F7,0xB5F7,0xB5F7,0xB5F7,0xB5F7,
  0xB5F7,0xB5F7,0xB5F7,0xB5F7,0xB5F7,0xB5F7,0xB5F7,0xB5F7,0xB5F7,0xB5F7,0xB5F7,0xB5F7,0xB5F7,0xB5F7,0xB5F7,0xB5F6,
  0xBDF7,0xBE17,0xBDF7,0xB5F6,0xB5D6,0xBDF7,0xADB5,0xAD95,0xBE18,0xBE17,0xBE18,0x742B,0x4B63,0x84AD,0x6C28,0x5382,
  0xA574,0xBDF8,0x63E6,0x53A2,0xB5D7,0xC659,0x9D12,0x7C6D,0x742A,0x63A8,0xB5D5,0x6B6D,0x3186,0x428C,0x4AF0,0x5B31,
  0x428F,0x4AF1,0x6B90,0xF7FF,0xDFBF,0xFFFF,0x39C7,0x7C10,0xFFFF,0xE7DF,0xE7BF,0xF7FF,0xEF9E,0xB69A,0xBEDC,0xBEDB,
  0xB69B,0xD77E,0xEFFF,0xEFDF,0xEFDF,0xEFDF,0xE7DF,0xEFDF,0xE7DF,0xEFDF,0xE7DF,0xE7DF,0xE7DF,0xEFDF,0xE7DF,0xE7FF,
  0xFFFF,0xF7FF,0xC679,0xBE17,0xB618,0xADD8,0xADD7,0xADD7,0xB618,0xB617,0xBE17,0xCEBB,0xF7FF,0xF7FF,0xE7DF,0xE7DF,
  0xE7FF,0xE7DF,0xE7DF,0xE7DF,0xE7DF,0xE7DF,0xE7DF,0xE7DF,0xEFFF,0xE7DF,0xE7DF,0xE7FF,0xE7DF,0xE7DF,0xEFDF,0xE7DF,
  0xE7DF,0xEFDF,0xE7DF,0xE7DF,0xE7DF,0xE7DF,0xEFDF,0xE7DF,0xE7DF,0xE7BF,0xFFFF,0x7BD0,0x322F,0x29CD,0x21AD,0xA558,
  0x8475,0x4AD0,0x322E,0x3A4F,0x6B71,0xFFFF,0xE7DF,0xEFDF,0xE7DF,0xEFDF,0xE7DF,0xE7DF,0xEFDF,0xEFDF,0xC6DC,0xE79E,
  0xEFDF,0xE7DF,0xEFBF,0xEFDF,0xE7DF,0xE7DF,0xE7DF,0xEFDF,0xEFDF,0xE7DF,0xE7DF,0xE7DF,0xE7DF,0xE7DF,0xE7DF,0xE7DF,
  0xE7DF,0xE7DF,0xE7DF,0xEFDF,0xE7DF,0xE7DF,0xEFDF,0xEFDF,0xE7DF,0xE7DF,0xE7DF,0xE7DF,0xE7DF,0xE7DF,0xE7DF,0xE7DF,
  0xEFDF,0xE7DF,0xE7DF,0xE7DF,0xE7DF,0xE7DF,0xE7DF,0xE7DF,0xE7DF,0xE7DF,0xE7DF,0xE7DF,0xE7DF,0xEFFF,0xCF9F,0xBF7F,
  0xC79F,0xBF9F,0x96FE,0xE7DF,0xEFFF,0xDFBF,0xE7FF,0xC69A,0x2104,0xE77D,0xDFDF,0xE7FF,0xC6BA,0x52EE,0x5312,0x5312,
  0x426E,0x31C8,0x39C8,0x31C8,0x31A8,0x9D13,0xBE17,0xB5D6,0xBE18,0x9D31,0x8CD0,0xC638,0xBE16,0x6BB2,0x19B0,0x73F3,
  0xC657,0xB5D6,0xB5F6,0xB5F7,0xB5F7,0xB5F7,0xB5F7,0xB5F7,0xB5F7,0xB5F7,0xB5F7,0xB5F7,0xB5F7,0xB5F7,0xB5F7,0xB5F7,
  0xB5F7,0xB5F7,0xB5F7,0xB5F7,0xB5F7,0xB5F7,0xB5F7,0xB5F7,0xB5F7,0xB5F7,0xB5F7,0xB5F7,0xB5F7,0xB5F7,0xB5F7,0xB5F7,
  0xB5F7,0xB5F7,0xB5F7,0xB5F7,0xB5F7,0xB5F7,0xB5F7,0xB5F7,0xB5F7,0xB5F7,0xB5F7,0xB5F7,0xB5F7,0xB5F7,0xB5F7,0xB5F7,
  0xB5F7,0xB5F7,0xB5F7,0xB5F7,0xB5F7,0xB5F7,0xB5F7,0xB5F7,0xB5F7,0xB5F7,0xB5F7,0xB5F7,0xB5F7,0xB5F7,0xB5F7,0xB5F7,
  0xB5F7,0xB5F7,0xB5F7,0xB5F7,0xB5F7,0xB5F7,0xB5F7,0xB5F7,0xB5F7,0xB5F7,0xB5F7,0xB5F7,0xB5F7,0xB5F7,0xB5F7,0xB5F7,
  0xB5F7,0xB5F7,0xB5F7,0xB5F7,0xB5F7,0xB5F7,0xB5F7,0xB5F7,0xB5F7,0xB5F7,0xB5F7,0xB5F7,0xB5F7,0xB5F7,0xB5F7,0xB5F7,
  0xB5F7,0xB5F7,0xB5F7,0xB5F7,0xB5F7,0xB5F7,0xB5F7,0xB5F7,0xB5F7,0xB5F7,0xB5F7,0xB5F7,0xB5F6,0xB5F6,0xB5F7,0xBE17,
  0xADB5,0xAD95,0xB5D6,0xBE18,0xBE18,0xC638,0x9D11,0x4B43,0x6C09,0x9D12,0xBDF7,0xADB5,0x7C6B,0x53A3,0x5C02,0x5C03,
  0x5BA4,0x63E7,0x5C03,0x5BE3,0x742B,0x7C6C,0x5BA4,0x5382,0x5382,0x63C8,0xBE37,0x634D,0x3186,0x4A8C,0x4AF1,0x5331,
  0x428F,0x5312,0x73B0,0xF7FF,0xDFBF,0xFFFF,0x39C7,0x7C30,0xFFFF,0xE7BF,0xE7DF,0xF7FF,0xEFBE,0xB69A,0xBEDC,0xBEBB,
  0xB6BB,0xD79E,0xEFFF,0xEFDF,0xE7DF,0xEFDF,0xE7DF,0xE7DF,0xEFDF,0xE7DF,0xE7DF,0xEFDF,0xEFDF,0xE7DF,0xEFDF,0xE7DF,
  0xE7FF,0xEFFF,0xFFFF,0xF7FF,0xF7FF,0xF7FF,0xF7FF,0xF7FF,0xF7FF,0xF7FF,0xF7FF,0xEFFF,0xE7FF,0xE7FF,0xEFDF,0xE7DF,
  0xE7DF,0xE7DF,0xE7DF,0xE7DF,0xE7DF,0xE7DF,0xE7DF,0xE7DF,0xE7FF,0xE7DF,0xE7DF,0xEFDF,0xE7DF,0xE7DF,0xE7DF,0xE7DF,
  0xE7DF,0xE7DF,0xE7DF,0xE7DF,0xE7DF,0xE7DF,0xE7DF,0xE7DF,0xE7DF,0xE7DF,0xF7FF,0x73D0,0x322F,0x29CD,0x218C,0x9D17,
  0x8475,0x4AD0,0x320E,0x322F,0x6B91,0xFFFF,0xE7BF,0xE7DF,0xE7DF,0xE7DF,0xE7DF,0xE7DF,0xE7DF,0xE7DF,0xF7FF,0xEFFF,
  0xE7DF,0xEFFF,0xAE5B,0xB67B,0xF7FF,0xE7DF,0xE7DF,0xEFDF,0xEFDF,0xE7DF,0xE7DF,0xE7DF,0xE7DF,0xE7DF,0xE7DF,0xE7DF,
  0xE7DF,0xE7DF,0xE7DF,0xE7DF,0xEFDF,0xE7DF,0xE7DF,0xE7DF,0xE7DF,0xE7DF,0xE7DF,0xE7DF,0xE7DF,0xE7DF,0xE7DF,0xE7DF,
  0xE7DF,0xE7DF,0xE7DF,0xE7DF,0xE7DF,0xE7DF,0xE7DF,0xE7DF,0xE7DF,0xE7DF,0xE7DF,0xE7DF,0xE7DF,0xEFFF,0xC79F,0xBF7F,
  0xCF9F,0xBF7F,0x971E,0xD79F,0xE7DF,0xCF7E,0xF7FF,0xC67A,0x18C3,0xE77E,0xDFDF,0xE7FF,0xC6BB,0x4A8D,0x5312,0x5B32,
  0x4AAF,0x31A8,0x31A8,0x31C8,0x31A7,0x9D13,0xBE17,0xB5F6,0xB5F7,0xB5D6,0xBDF7,0xBE37,0x6BD2,0x21F1,0x5B52,0xBE17,
  0xB5F7,0xB5F7,0xB5F7,0xB5F7,0xB5F7,0xB5F7,0xB5F7,0xB5F7,0xB5F7,0xB5F7,0xB5F7,0xB5F7,0xB5F7,0xB5F7,0xB5F7,0xB5F7,
  0xB5F7,0xB5F7,0xB5F7,0xB5F7,0xB5F7,0xB5F7,0xB5F7,0xB5F7,0xB5F7,0xB5F7,0xB5F7,0xB5F7,0xB5F7,0xB5F7,0xB5F7,0xB5F7,
  0xB5F7,0xB5F7,0xB5F7,0xB5F7,0xB5F7,0xB5F7,0xB5F7,0xB5F7,0xB5F7,0xB5F7,0xB5F7,0xB5F7,0xB5F7,0xB5F7,0xB5F7,0xB5F7,
  0xB5F7,0xB5F7,0xB5F7,0xB5F7,0xB5F7,0xB5F7,0xB5F7,0xB5F7,0xB5F7,0xB5F7,0xB5F7,0xB5F7,0xB5F7,0xB5F7,0xB5F7,0xB5F7,
  0xB5F7,0xB5F7,0xB5F7,0xB5F7,0xB5F7,0xB5F7,0xB5F7,0xB5F7,0xB5F7,0xB5F7,0xB5F7,0xB5F7,0xB5F7,0xB5F7,0xB5F7,0xB5F7,
  0xB5F7,0xB5F7,0xB5F7,0xB5F7,0xB5F7,0xB5F7,0xB5F7,0xB5F7,0xB5F7,0xB5F7,0xB5F7,0xB5F7,0xB5F7,0xB5F7,0xB5F7,0xB5F7,
  0xB5F7,0xB5F7,0xB5F7,0xB5F7,0xB5F7,0xB5F7,0xB5F7,0xB5F7,0xB5F7,0xB5F6,0xB5F6,0xB5F6,0xBE17,0xBE18,0xBE18,0x6409,
  0x4B82,0x53A3,0x53A4,0x7449,0x742A,0xAD95,0xBDF8,0x6C29,0x53E1,0x53A2,0x5BC5,0xADB5,0xC63A,0x63E7,0x5C23,0x6403,
  0x5C02,0x53E1,0x5C02,0x6423,0x53A2,0x4340,0x4B60,0x5382,0x42E0,0x848E,0xCE9A,0x634D,0x2945,0x426B,0x4AD0,0x4AB0,
  0x42AF,0x4AF1,0x6BB0,0xF7FF,0xDFBF,0xFFFF,0x39C7,0x7C10,0xFFFF,0xE7BF,0xE7DF,0xF7FF,0xEF9E,0xB69B,0xBEDC,0xBEDC,
  0xAE9B,0xD79E,0xEFFF,0xE7DF,0xE7DF,0xEFDF,0xE7DF,0xE7FF,0xEFDF,0xE7DF,0xEFDF,0xEFDF,0xE7DF,0xE7DF,0xE7DF,0xEFFF,
  0xD71C,0xD6BB,0xD6BA,0xE75D,0xEFFF,0xEFDF,0xEFBF,0xEFDF,0xEFFF,0xEFBF,0xEFFF,0xEF9E,0xDF3C,0xE75D,0xEFFF,0xE7DF,
  0xE7DF,0xE7DF,0xEFFF,0xE7DF,0xE7DF,0xE7DF,0xE7DF,0xE7DF,0xE7DF,0xEFDF,0xE7DF,0xE7DF,0xEFDF,0xE7DF,0xE7DF,0xE7DF,
  0xE7DF,0xE7DF,0xE7DF,0xE7DF,0xE7DF,0xE7FF,0xE7DF,0xE7DF,0xE7DF,0xE7BF,0xF7FF,0x7BF0,0x322E,0x29CD,0x21AD,0x9D17,
  0x8476,0x5311,0x322E,0x3A2F,0x73B2,0xFFFF,0xE7DF,0xE7DF,0xE7DF,0xE7DF,0xE7DF,0xEFDF,0xE7DF,0xE7FF,0xE7DF,0xE7DF,
  0xEFDF,0xEFFF,0xEFFF,0xE7DF,0xE7DF,0xE7DF,0xE7DF,0xEFDF,0xE7DF,0xEFDF,0xE7DF,0xE7DF,0xE7DF,0xE7DF,0xE7DF,0xE7DF,
  0xE7DF,0xE7DF,0xE7DF,0xEFDF,0xE7DF,0xE7DF,0xE7DF,0xE7DF,0xE7DF,0xE7DF,0xE7DF,0xE7DF,0xE7DF,0xE7DF,0xE7DF,0xE7DF,
  0xE7DF,0xE7DF,0xE7DF,0xE7DF,0xE7DF,0xE7DF,0xE7DF,0xE7DF,0xE7DF,0xE7DF,0xE7DF,0xE7DF,0xE7DF,0xEFFF,0xCF9F,0xBF9F,
  0xCF5E,0x5DDC,0x9F3F,0xD7BF,0xDFDF,0xDFBF,0xD7BF,0x95D8,0x20E4,0xE77E,0xE7FF,0xEFFF,0xC69A,0x4AAE,0x5312,0x5312,
  0x428E,0x39E9,0x31A8,0x31A8,0x31A8,0x9D13,0xBE17,0xB5F6,0xB5F7,0xB5F7,0xBE37,0x94D4,0x3231,0x42B2,0xA575,0xBE17,
  0xB5F6,0xB5F7,0xB5F7,0xB5F7,0xB5F7,0xB5F7,0xB5F7,0xB5F7,0xB5F7,0xB5F7,0xB5F7,0xB5F7,0xB5F7,0xB5F7,0xB5F7,0xB5F7,
  0xB5F7,0xB5F7,0xB5F7,0xB5F7,0xB5F7,0xB5F7,0xB5F7,0xB5F7,0xB5F7,0xB5F7,0xB5F7,0xB5F7,0xB5F7,0xB5F7,0xB5F7,0xB5F7,
  0xB5F7,0xB5F7,0xB5F7,0xB5F7,0xB5F7,0xB5F7,0xB5F7,0xB5F7,0xB5F7,0xB5F7,0xB5F7,0xB5F7,0xB5F7,0xB5F7,0xB5F7,0xB5F7,
  0xB5F7,0xB5F7,0xB5F7,0xB5F7,0xB5F7,0xB5F7,0xB5F7,0xB5F7,0xB5F7,0xB5F7,0xB5F7,0xB5F7,0xB5F7,0xB5F7,0xB5F7,0xB5F7,
  0xB5F7,0xB5F7,0xB5F7,0xB5F7,0xB5F7,0xB5F7,0xB5F7,0xB5F7,0xB5F7,0xB5F7,0xB5F7,0xB5F7,0xB5F7,0xB5F7,0xB5F7,0xB5F7,
  0xB5F7,0xB5F7,0xB5F7,0xB5F7,0xB5F7,0xB5F7,0xB5F7,0xB5F7,0xB5F7,0xB5F7,0xB5F7,0xB5F7,0xB5F7,0xB5F7,0xB5F7,0xB5F7,
  0xB5F7,0xB5F7,0xB5F7,0xB5F7,0xB5F7,0xB5F7,0xB5F7,0xB5D6,0xBDF7,0xBE18,0xBE18,0xBDF7,0xAD95,0x9511,0x742B,0x6C09,
  0x5C02,0x6443,0x5C23,0x5C02,0x53C1,0x5BC4,0x63E5,0x5BC3,0x6423,0x6443,0x5C01,0x5383,0x6C08,0x5BC2,0x6422,0x5BE2,
  0x5BE2,0x5C01,0x5C02,0x5C02,0x63E6,0x7C4B,0x94F0,0x84AE,0x7C4C,0x7C4C,0xBE17,0x73CF,0x2965,0x3A2A,0x4AF1,0x4AB0,
  0x4AD0,0x4AF1,0x6B8F,0xFFFF,0xDFBF,0xFFFF,0x39C7,0x7C30,0xFFFF,0xE7BF,0xE7DF,0xF7FF,0xEF9E,0xB69B,0xBEDC,0xBEBB,
  0xB69B,0xD79E,0xEFBF,0xEFDF,0xEFDF,0xE7DF,0xE7DF,0xEFDF,0xEFDF,0xE7DF,0xE7DF,0xE7DF,0xE7DF,0xE7DF,0xE7DF,0xEFDF,
  0xC659,0x5ACB,0x73CF,0xDF1C,0x9CF3,0xCE9A,0x18E3,0xD6DB,0xBE18,0x2145,0xDF1C,0x5B2C,0xA555,0xA575,0xEFFF,0xE7DF,
  0xE7DF,0xE7DF,0xE7DF,0xE7DF,0xE7DF,0xEFFF,0xEFDF,0xE7DF,0xE7DF,0xE7DF,0xE7DF,0xE7DF,0xE7DF,0xE7DF,0xEFFF,0xE7DF,
  0xE7DF,0xE7DF,0xE7DF,0xE7DF,0xE7DF,0xE7DF,0xE7DF,0xE7DF,0xE7DF,0xDFBF,0xF7FF,0x7BF0,0x322E,0x29CD,0x29CD,0x9D18,
  0x8C96,0x52F1,0x320E,0x3A4F,0x73B2,0xFFFF,0xE7BF,0xEFFF,0xE7DF,0xE7DF,0xE7DF,0xE7DF,0xE7DF,0xE7DF,0xE7DF,0xE7DF,
  0xEFFF,0xE7DF,0xEFDF,0xEFDF,0xE7DF,0xE7DF,0xE7DF,0xE7DF,0xEFDF,0xEFDF,0xE7DF,0xE7DF,0xE7DF,0xE7DF,0xE7DF,0xEFFF,
  0xE7DF,0xE7DF,0xE7DF,0xE7DF,0xE7DF,0xE7DF,0xE7DF,0xE7DF,0xE7DF,0xE7DF,0xEFDF,0xE7DF,0xE7DF,0xE7DF,0xE7DF,0xE7DF,
  0xE7DF,0xE7DF,0xE7DF,0xE7DF,0xE7DF,0xE7DF,0xEFDF,0xEFDF,0xE7DF,0xE7DF,0xE7DF,0xE7DF,0xE7DF,0xEFFF,0xCF9F,0xBF7F,
  0xCFBF,0xBF7F,0x86BE,0xE7DF,0xDFFF,0xDFBF,0xC7BF,0x9619,0x20E3,0xD75D,0xAF3E,0xDFBF,0xCEBB,0x426D,0x5312,0x52F1,
  0x426E,0x31C9,0x39C9,0x31A7,0x39E8,0x9D34,0xBE17,0xB5F6,0xB5F7,0xBDF7,0xB5D6,0x4AD1,0x3253,0x73D2,0xC657,0xB5D6,
  0xB5F7,0xB5F7,0xB5F7,0xB5F7,0xB5F7,0xB5F7,0xB5F7,0xB5F7,0xB5F7,0xB5F7,0xB5F7,0xB5F7,0xB5F7,0xB5F7,0xB5F7,0xB5F7,
  0xB5F7,0xB5F7,0xB5F7,0xB5F7,0xB5F7,0xB5F7,0xB5F7,0xB5F7,0xB5F7,0xB5F7,0xB5F7,0xB5F7,0xB5F7,0xB5F7,0xB5F7,0xB5F7,
  0xB5F7,0xB5F7,0xB5F7,0xB5F7,0xB5F7,0xB5F7,0xB5F7,0xB5F7,0xB5F7,0xB5F7,0xB5F7,0xB5F7,0xB5F7,0xB5F7,0xB5F7,0xB5F7,
  0xB5F7,0xB5F7,0xB5F7,0xB5F7,0xB5F7,0xB5F7,0xB5F7,0xB5F7,0xB5F7,0xB5F7,0xB5F7,0xB5F7,0xB5F7,0xB5F7,0xB5F7,0xB5F7,
  0xB5F7,0xB5F7,0xB5F7,0xB5F7,0xB5F7,0xB5F7,0xB5F7,0xB5F7,0xB5F7,0xB5F7,0xB5F7,0xB5F7,0xB5F7,0xB5F7,0xB5F7,0xB5F7,
  0xB5F7,0xB5F7,0xB5F7,0xB5F7,0xB5F7,0xB5F7,0xB5F7,0xB5F7,0xB5F7,0xB5F7,0xB5F7,0xB5F7,0xB5F7,0xB5F7,0xB5F7,0xB5F7,
  0xB5F7,0xB5F7,0xB5F7,0xB5F7,0xB5F7,0xB5F6,0xB5F6,0xBE38,0xB5D7,0x9D12,0x744B,0x63E6,0x5BC5,0x4B81,0x4BC1,0x5C03,
  0x6444,0x5C02,0x53E1,0x5C23,0x6423,0x5C22,0x5C22,0x5C01,0x53E0,0x53C0,0x5BE0,0x5C22,0x5C02,0x5BE0,0x5381,0x5382,
  0x5383,0x4B40,0x5BE1,0x5BE2,0x7C6C,0xA553,0x8CCF,0xBDF7,0xC659,0xBDF7,0xC658,0x6B6D,0x1903,0x3A4B,0x4AF1,0x4AD0,
  0x42B0,0x4AF1,0x6B8F,0xFFFF,0xDFBF,0xFFFF,0x39C7,0x7C31,0xFFFF,0xE7DF,0xE7BF,0xF7FF,0xE79E,0xB69B,0xBEDC,0xBEDB,
  0xB6BB,0xD77E,0xEFDF,0xEFDF,0xE7DF,0xE7DF,0xEFDF,0xE7DF,0xE7DF,0xEFDF,0xE7DF,0xE7DF,0xEFDF,0xE7DF,0xEFFF,0xE7BF,
  0xFFFF,0xA555,0xC67A,0xFFFF,0x7C31,0xC659,0x6B8E,0x8410,0x8410,0x73CF,0xC639,0x4A6A,0xBE18,0xFFFF,0xE7DF,0xE7DF,
  0xE7DF,0xE7DF,0xE7DF,0xE7DF,0xE7DF,0xE7DF,0xE7DF,0xE7DF,0xE7DF,0xE7DF,0xE7DF,0xE7DF,0xE7DF,0xE7DF,0xE7DF,0xE7DF,
  0xE7DF,0xE7DF,0xE7DF,0xE7DF,0xE7DF,0xE7DF,0xE7DF,0xE7DF,0xE7DF,0xE7DF,0xF7FF,0x7BF0,0x324F,0x29CD,0x21CD,0x94F7,
  0x8C96,0x4AF0,0x322E,0x3A6F,0x6B91,0xFFFF,0xD77E,0xEFFF,0xE7DF,0xE7DF,0xE7DF,0xE7DF,0xE7DF,0xE7DF,0xE7DF,0xE7DF,
  0xE7DF,0xE7DF,0xE7DF,0xE7DF,0xE7DF,0xE7DF,0xE7DF,0xEFDF,0xE7BF,0xE7DF,0xE7DF,0xE7DF,0xEFDF,0xE7DF,0xE7DF,0xE7DF,
  0xE7DF,0xE7DF,0xE7DF,0xE7DF,0xE7DF,0xE7DF,0xE7DF,0xEFDF,0xE7DF,0xE7DF,0xE7DF,0xE7DF,0xE7DF,0xE7DF,0xE7DF,0xEFDF,
  0xE7DF,0xE7DF,0xE7DF,0xE7DF,0xE7DF,0xE7DF,0xE7DF,0xE7DF,0xE7DF,0xE7DF,0xE7DF,0xE7DF,0xE7DF,0xEFFF,0xC79F,0xB77F,
  0xCFBF,0xA73E,0x9EFE,0xD7BF,0xE7DF,0xCF9F,0xD7FF,0xC67A,0x2104,0xE77E,0xC77F,0xCFBF,0xC69A,0x426D,0x5332,0x4AF1,
  0x426E,0x31C9,0x39E9,0x4A4A,0x31A8,0x9D13,0xBE17,0xB5F6,0xB5D6,0xBE37,0x63B2,0x3273,0x3A71,0xAD95,0xBDF7,0xB5F6,
  0xB5F7,0xB5F7,0xB5F7,0xB5F7,0xB5F7,0xB5F7,0xB5F7,0xB5F7,0xB5F7,0xB5F7,0xB5F7,0xB5F7,0xB5F7,0xB5F7,0xB5F7,0xB5F7,
  0xB5F7,0xB5F7,0xB5F7,0xB5F7,0xB5F7,0xB5F7,0xB5F7,0xB5F7,0xB5F7,0xB5F7,0xB5F7,0xB5F7,0xB5F7,0xB5F7,0xB5F7,0xB5F7,
  0xB5F7,0xB5F7,0xB5F7,0xB5F7,0xB5F7,0xB5F7,0xB5F7,0xB5F7,0xB5F7,0xB5F7,0xB5F7,0xB5F7,0xB5F7,0xB5F7,0xB5F7,0xB5F7,
  0xB5F7,0xB5F7,0xB5F7,0xB5F7,0xB5F7,0xB5F7,0xB5F7,0xB5F7,0xB5F7,0xB5F7,0xB5F7,0xB5F7,0xB5F7,0xB5F7,0xB5F7,0xB5F7,
  0xB5F7,0xB5F7,0xB5F7,0xB5F7,0xB5F7,0xB5F7,0xB5F7,0xB5F7,0xB5F7,0xB5F7,0xB5F7,0xB5F7,0xB5F7,0xB5F7,0xB5F7,0xB5F7,
  0xB5F7,0xB5F7,0xB5F7,0xB5F7,0xB5F7,0xB5F7,0xB5F7,0xB5F7,0xB5F7,0xB5F7,0xB5F7,0xB5F7,0xB5F7,0xB5F7,0xB5F7,0xB5F7,
  0xB5F7,0xB5F7,0xB5F7,0xB5F7,0xB5F6,0xBDF7,0xBE18,0x8CCE,0x5384,0x4B81,0x53E1,0x5C22,0x6464,0x6C65,0x6464,0x6464,
  0x53E0,0x5BE5,0x744A,0x5C04,0x6444,0x6443,0x53E2,0x53C2,0x6C28,0x7449,0x6406,0x5C01,0x6423,0x63E6,0x9D32,0x9D13,
  0xB5D6,0x9D31,0x5B86,0x5382,0x4B83,0x4B42,0x4340,0x5384,0xAD95,0xBDF7,0xC658,0x6B6D,0x31A6,0x3A0A,0x4AF1,0x4AD0,
  0x42B0,0x4AF1,0x7390,0xFFFF,0xDFBF,0xFFFF,0x39C7,0x7410,0xFFFF,0xE7BF,0xE7DF,0xF7FF,0xEFBE,0xB6BB,0xBEDC,0xBEDC,
  0xB6BB,0xD79E,0xEFFF,0xE7DF,0xE7DF,0xE7DF,0xE7DF,0xE7DF,0xE7DF,0xE7DF,0xE7DF,0xEFDF,0xE7DF,0xE7DF,0xE7DF,0xE7BF,
  0xFFFF,0x94D3,0xADD7,0xFFFF,0x7C30,0xAD96,0xB5D7,0x52CB,0x6B8E,0xB5D7,0xB5D7,0x4A8A,0xBE18,0xD6DB,0xEFDF,0xE7DF,
  0xE7DF,0xE7DF,0xE7DF,0xE7DF,0xE7DF,0xE7DF,0xE7DF,0xE7DF,0xE7DF,0xE7DF,0xE7DF,0xE7DF,0xE7FF,0xE7DF,0xE7DF,0xE7DF,
  0xE7DF,0xE7DF,0xE7DF,0xE7DF,0xE7DF,0xE7DF,0xE7DF,0xE7DF,0xE7DF,0xE7BF,0xF7FF,0x7C11,0x322E,0x29CD,0x29CD,0x94F7,
  0x8496,0x4AD0,0x320E,0x3A4F,0x7BF2,0xFFFF,0xE7BF,0xE7DF,0xE7DF,0xE7DF,0xE7DF,0xE7DF,0xE7DF,0xE7DF,0xE7DF,0xE7FF,
  0xE7BF,0xD77E,0xEFFF,0xE7DF,0xE7DF,0xE7DF,0xEFDF,0xE7DF,0xEFDF,0xEFDF,0xE7DF,0xEFDF,0xE7DF,0xE7DF,0xE7DF,0xE7DF,
  0xE7DF,0xE7DF,0xE7DF,0xE7DF,0xEFDF,0xE7DF,0xE7DF,0xE7DF,0xE7DF,0xE7DF,0xE7DF,0xE7DF,0xE7DF,0xE7DF,0xE7DF,0xE7DF,
  0xE7DF,0xE7DF,0xE7DF,0xEFDF,0xEFDF,0xE7DF,0xE7DF,0xE7DF,0xE7DF,0xE7DF,0xE7DF,0xE7DF,0xE7DF,0xEFFF,0xCF9F,0xBF7F,
  0xC79F,0xB77F,0xAF5F,0xCF9F,0xE7DF,0xD7BF,0xE7FF,0xAE19,0x18C3,0xD75D,0xCFBF,0xCFBF,0xC69A,0x426C,0x5312,0x4AD0,
  0x424E,0x31C9,0x31A8,0x31A8,0x39E9,0x9D13,0xBE17,0xB5D6,0xBE37,0x94F4,0x3A72,0x3A92,0x7C32,0xC637,0xB5D6,0xB5F7,
  0xB5F7,0xB5F7,0xB5F7,0xB5F7,0xB5F7,0xB5F7,0xB5F7,0xB5F7,0xB5F7,0xB5F7,0xB5F7,0xB5F7,0xB5F7,0xB5F7,0xB5F7,0xB5F7,
  0xB5F7,0xB5F7,0xB5F7,0xB5F7,0xB5F7,0xB5F7,0xB5F7,0xB5F7,0xB5F7,0xB5F7,0xB5F7,0xB5F7,0xB5F7,0xB5F7,0xB5F7,0xB5F7,
  0xB5F7,0xB5F7,0xB5F7,0xB5F7,0xB5F7,0xB5F7,0xB5F7,0xB5F7,0xB5F7,0xB5F7,0xB5F7,0xB5F7,0xB5F7,0xB5F7,0xB5F7,0xB5F7,
  0xB5F7,0xB5F7,0xB5F7,0xB5F7,0xB5F7,0xB5F7,0xB5F7,0xB5F7,0xB5F7,0xB5F7,0xB5F7,0xB5F7,0xB5F7,0xB5F7,0xB5F7,0xB5F7,
  0xB5F7,0xB5F7,0xB5F7,0xB5F7,0xB5F7,0xB5F7,0xB5F7,0xB5F7,0xB5F7,0xB5F7,0xB5F7,0xB5F7,0xB5F7,0xB5F7,0xB5F7,0xB5F7,
  0xB5F7,0xB5F7,0xB5F7,0xB5F7,0xB5F7,0xB5F7,0xB5F7,0xB5F7,0xB5F7,0xB5F7,0xB5F7,0xB5F7,0xB5F7,0xB5F7,0xB5F7,0xB5F7,
  0xB5F7,0xB5F7,0xB5F7,0xB5F6,0xBDF7,0xADB5,0x5BC8,0x3B00,0x6427,0x6C48,0x746A,0x6428,0x6427,0x6444,0x6465,0x53C1,
  0x6C49,0xADB5,0xC63A,0x746A,0x53E1,0x5BE5,0x84CE,0xADB5,0xBE18,0xCE5B,0x7C8C,0x5C22,0x5C03,0x9532,0xCE79,0x6371,
  0x42AF,0xB5D7,0xC638,0x8CD0,0x5B86,0xAD95,0xA574,0x6C08,0x5385,0xA574,0xC658,0x6B8D,0x2145,0x424B,0x4AF1,0x4AD0,
  0x42B0,0x4AF1,0x73B0,0xF7FF,0xDFBF,0xFFFF,0x39C7,0x8451,0xFFFF,0xE7BF,0xE7BF,0xF7FF,0xEFBE,0xB69B,0xBEDC,0xBEDC,
  0xB6BB,0xD79E,0xEFFF,0xE7DF,0xE7DF,0xE7DF,0xE7DF,0xEFDF,0xEFDF,0xE7DF,0xEFDF,0xEFDF,0xE7DF,0xE7DF,0xEFDF,0xEFDF,
  0xEFFF,0xDF1C,0xDF5D,0xF7FF,0xD6DB,0xDF3D,0xDF3D,0xDF3C,0xE75D,0xDF3C,0xE77D,0xB5B6,0x9D14,0xA555,0xEFDF,0xE7DF,
  0xE7DF,0xE7DF,0xE7DF,0xE7DF,0xE7DF,0xE7DF,0xE7DF,0xE7DF,0xE7DF,0xE7DF,0xE7DF,0xE7DF,0xE7DF,0xE7DF,0xE7DF,0xEFDF,
  0xEFDF,0xE7DF,0xE7DF,0xE7DF,0xE7DF,0xE7DF,0xE7DF,0xE7DF,0xE7DF,0xE7BF,0xF7FF,0x8411,0x3A4F,0x29CD,0x29CD,0x9D17,
  0x8475,0x4AD0,0x320E,0x3A4F,0x7C33,0xFFFF,0xE7BF,0xE7DF,0xE7DF,0xE7DF,0xEFDF,0xE7DF,0xE7DF,0xE7DF,0xEFFF,0xE7DF,
  0xEFFF,0xEFFF,0xE7DF,0xE7DF,0xE7DF,0xE7DF,0xE7DF,0xEFDF,0xEFDF,0xE7DF,0xE7DF,0xE7DF,0xE7DF,0xE7DF,0xE7DF,0xE7DF,
  0xE7DF,0xEFDF,0xEFDF,0xE7DF,0xE7DF,0xE7DF,0xE7DF,0xE7DF,0xE7DF,0xE7DF,0xE7DF,0xE7DF,0xE7DF,0xE7DF,0xE7DF,0xE7DF,
  0xE7DF,0xE7DF,0xE7DF,0xE7DF,0xEFDF,0xEFDF,0xE7DF,0xE7DF,0xE7DF,0xE7DF,0xE7DF,0xE7DF,0xE7DF,0xEFFF,0xCF9F,0xBF7F,
  0xC79F,0xBF7F,0x86BE,0xE7DF,0xD79E,0xCF9E,0xE7FF,0xB659,0x18A3,0xE77D,0xD7BF,0xE7FF,0xCEBA,0x4AAD,0x5B73,0x4AD0,
  0x428E,0x31E9,0x424B,0x39C8,0x39E9,0x9D13,0xBE17,0xB5D6,0xBE17,0x5B51,0x42B3,0x4290,0xB5D6,0xBDF7,0xB5F7,0xB5F7,
  0xB5F7,0xB5F7,0xB5F7,0xB5F7,0xB5F7,0xB5F7,0xB5F7,0xB5F7,0xB5F7,0xB5F7,0xB5F7,0xB5F7,0xB5F7,0xB5F7,0xB5F7,0xB5F7,
  0xB5F7,0xB5F7,0xB5F7,0xB5F7,0xB5F7,0xB5F7,0xB5F7,0xB5F7,0xB5F7,0xB5F7,0xB5F7,0xB5F7,0xB5F7,0xB5F7,0xB5F7,0xB5F7,
  0xB5F7,0xB5F7,0xB5F7,0xB5F7,0xB5F7,0xB5F7,0xB5F7,0xB5F7,0xB5F7,0xB5F7,0xB5F7,0xB5F7,0xB5F7,0xB5F7,0xB5F7,0xB5F7,
  0xB5F7,0xB5F7,0xB5F7,0xB5F7,0xB5F7,0xB5F7,0xB5F7,0xB5F7,0xB5F7,0xB5F7,0xB5F7,0xB5F7,0xB5F7,0xB5F7,0xB5F7,0xB5F7,
  0xB5F7,0xB5F7,0xB5F7,0xB5F7,0xB5F7,0xB5F7,0xB5F7,0xB5F7,0xB5F7,0xB5F7,0xB5F7,0xB5F7,0xB5F7,0xB5F7,0xB5F7,0xB5F7,
  0xB5F7,0xB5F7,0xB5F7,0xB5F7,0xB5F7,0xB5F7,0xB5F7,0xB5F7,0xB5F7,0xB5F7,0xB5F7,0xB5F7,0xB5F7,0xB5F7,0xB5F7,0xB5F7,
  0xB5F7,0xB5F7,0xB5F7,0xB5F7,0xBDF7,0xB5D6,0xA573,0xADB5,0xBE18,0xBE18,0xBE18,0xC618,0xADB5,0x6426,0x53E1,0x746A,
  0xBE18,0xBDF7,0xBE18,0x6C49,0x6407,0xAD95,0xC638,0xBE17,0xBE18,0x84CD,0x5C22,0x6C84,0x6423,0x746A,0xBE18,0xB5F6,
  0x4AD0,0x19AE,0xA555,0xCE79,0xA553,0xADB5,0xBE38,0xBDF8,0x5B86,0x848E,0xCE9A,0x6B6D,0x2945,0x3A2A,0x5312,0x5311,
  0x42B0,0x4B12,0x73B0,0xF7FF,0xDFBF,0xFFFF,0x39C7,0x8471,0xFFFF,0xE7BF,0xE7BF,0xF7FF,0xEFBE,0xB69B,0xBEDC,0xBEDC,
  0xB6BB,0xD77E,0xEFFF,0xEFDF,0xE7DF,0xEFDF,0xE7DF,0xE7DF,0xE7DF,0xE7DF,0xE7DF,0xEFDF,0xEFDF,0xE7DF,0xE7DF,0xE7DF,
  0xE7DF,0xEFFF,0xEFFF,0xE7DF,0xEFFF,0xEFFF,0xEFFF,0xEFFF,0xEFFF,0xEFFF,0xEFFF,0xF7FF,0xF7FF,0xF7FF,0xEFFF,0xE7DF,
  0xE7DF,0xEFFF,0xEFDF,0xE7DF,0xE7DF,0xE7DF,0xE7DF,0xE7DF,0xE7DF,0xE7DF,0xE7DF,0xE7DF,0xE7DF,0xE7DF,0xE7DF,0xE7DF,
  0xE7DF,0xE7DF,0xE7FF,0xE7DF,0xE7DF,0xE7DF,0xE7DF,0xE7DF,0xE7DF,0xE7DF,0xF7FF,0x73D0,0x320E,0x29CD,0x21AD,0x9D18,
  0x8476,0x52F0,0x320E,0x3A50,0x6B71,0xFFFF,0xE7BF,0xE7DF,0xEFDF,0xE7DF,0xE7DF,0xE7DF,0xEFFF,0xE7BF,0xDFBF,0xEFFF,
  0xE7DF,0xE7DF,0xE7DF,0xE7DF,0xE7DF,0xE7DF,0xE7FF,0xE7DF,0xEFDF,0xE7DF,0xE7DF,0xE7DF,0xE7DF,0xE7DF,0xE7DF,0xE7DF,
  0xE7DF,0xE7DF,0xE7DF,0xE7DF,0xEFFF,0xEFDF,0xE7DF,0xE7DF,0xE7DF,0xE7DF,0xE7DF,0xE7DF,0xE7DF,0xE7DF,0xE7DF,0xE7DF,
  0xE7DF,0xE7DF,0xE7DF,0xE7DF,0xE7DF,0xE7DF,0xE7DF,0xE7DF,0xE7DF,0xE7DF,0xE7DF,0xE7DF,0xE7DF,0xEFFF,0xCF9F,0xBF7F,
  0xC79F,0xC79F,0x9F1E,0xDFBF,0xDFDF,0xC79F,0xE7FF,0xB659,0x18C4,0xDF7E,0xC79F,0xB75E,0xB65A,0x4A8D,0x5B73,0x4AD1,
  0x4AAF,0x31C8,0x39C9,0x39C8,0x31A7,0x9D13,0xBE17,0xBE17,0x94F4,0x4291,0x3A92,0x8453,0xC637,0xB5D6,0xB5F7,0xB5F7,
  0xB5F7,0xB5F7,0xB5F7,0xB5F7,0xB5F7,0xB5F7,0xB5F7,0xB5F7,0xB5F7,0xB5F7,0xB5F7,0xB5F7,0xB5F7,0xB5F7,0xB5F7,0xB5F7,
  0xB5F7,0xB5F7,0xB5F7,0xB5F7,0xB5F7,0xB5F7,0xB5F7,0xB5F7,0xB5F7,0xB5F7,0xB5F7,0xB5F7,0xB5F7,0xB5F7,0xB5F7,0xB5F7,
  0xB5F7,0xB5F7,0xB5F7,0xB5F7,0xB5F7,0xB5F7,0xB5F7,0xB5F7,0xB5F7,0xB5F7,0xB5F7,0xB5F7,0xB5F7,0xB5F7,0xB5F7,0xB5F7,
  0xB5F7,0xB5F7,0xB5F7,0xB5F7,0xB5F7,0xB5F7,0xB5F7,0xB5F7,0xB5F7,0xB5F7,0xB5F7,0xB5F7,0xB5F7,0xB5F7,0xB5F7,0xB5F7,
  0xB5F7,0xB5F7,0xB5F7,0xB5F7,0xB5F7,0xB5F7,0xB5F7,0xB5F7,0xB5F7,0xB5F7,0xB5F7,0xB5F7,0xB5F7,0xB5F7,0xB5F7,0xB5F7,
  0xB5F7,0xB5F7,0xB5F7,0xB5F7,0xB5F7,0xB5F7,0xB5F7,0xB5F7,0xB5F7,0xB5F7,0xB5F7,0xB5F7,0xB5F7,0xB5F7,0xB5F7,0xB5F7,
  0xB5F7,0xB5F7,0xB5F7,0xB5F7,0xB5F7,0xBDF7,0xBE17,0xBDF7,0xB5F6,0xB5F6,0xB5D6,0xBE17,0xA594,0x4381,0x746A,0xBE18,
  0xB5F6,0xB5F6,0xBDF7,0xAD94,0xBDF7,0xBE17,0xB5F6,0xB5D6,0x6C49,0x5C23,0x6C63,0x6464,0x6464,0x6426,0xB5B6,0xBE17,
  0xBDF6,0x322F,0x21CF,0x9D35,0xC658,0xB5F7,0xB5D6,0xBDF7,0xB5D6,0xAD95,0xC658,0x6B6D,0x2144,0x3A2B,0x5312,0x4AD0,
  0x42AF,0x4AF1,0x6B90,0xFFFF,0xDFBF,0xFFFF,0x39C7,0x7C31,0xFFFF,0xE7BF,0xE7DF,0xF7FF,0xEF9E,0xAE7A,0xBEDC,0xBEDC,
  0xB6BB,0xDF9F,0xEFDF,0xE7DF,0xE7DF,0xE7DF,0xE7DF,0xE7DF,0xE7DF,0xE7DF,0xE7DF,0xE7DF,0xEFDF,0xE7DF,0xE7DF,0xEFDF,
  0xEFFF,0xE7DF,0xE7DF,0xE7DF,0xE7DF,0xE7DF,0xE7DF,0xE7DF,0xE7DF,0xE7DF,0xE7DF,0xE7DF,0xE7DF,0xE7DF,0xE7DF,0xE7DF,
  0xE7DF,0xE7DF,0xE7DF,0xEFDF,0xE7DF,0xE7DF,0xE7DF,0xE7DF,0xE7DF,0xE7FF,0xE7DF,0xE7DF,0xE7DF,0xE7DF,0xE7DF,0xE7DF,
  0xE7DF,0xE7DF,0xE7DF,0xE7DF,0xE7DF,0xE7DF,0xE7DF,0xE7DF,0xE7DF,0xE7BF,0xF7FF,0x7BF1,0x320E,0x21AD,0x29CD,0x9D17,
  0x8475,0x52F1,0x320E,0x320F,0x6B71,0xFFFF,0xE7BF,0xE7DF,0xE7DF,0xE7DF,0xE7DF,0xE7DF,0xE7DF,0xE7DF,0xE7BF,0xE7DF,
  0xEFDF,0xE7DF,0xE7DF,0xE7DF,0xE7DF,0xE7DF,0xEFDF,0xE7DF,0xEFDF,0xE7DF,0xE7DF,0xE7DF,0xE7DF,0xE7DF,0xE7DF,0xE7DF,
  0xE7DF,0xE7DF,0xE7DF,0xEFDF,0xDF9F,0xCF7E,0xE7DF,0xEFDF,0xE7BF,0xE7BF,0xE7DF,0xE7DF,0xE7BF,0xE7DF,0xE7DF,0xE7DF,
  0xE7DF,0xE7DF,0xE7DF,0xE7DF,0xE7DF,0xE7DF,0xE7DF,0xE7DF,0xE7DF,0xE7DF,0xE7DF,0xE7DF,0xE7DF,0xEFFF,0xCF9F,0xBF7F,
  0xC79F,0xBF9F,0xAF3F,0xDFDF,0xDFDF,0xD7BF,0xE7FF,0xB639,0x18A2,0xDF5D,0xCFDF,0xD7DF,0xCEBA,0x424C,0x4AF1,0x52F1,
  0x424D,0x422A,0x3A0A,0x31A8,0x39C8,0x9D13,0xBE17,0xBE17,0x5B31,0x3A72,0x4291,0xAD95,0xBE17,0xB5F7,0xB5F7,0xB5F7,
  0xB5F7,0xB5F7,0xB5F7,0xB5F7,0xB5F7,0xB5F7,0xB5F7,0xB5F7,0xB5F7,0xB5F7,0xB5F7,0xB5F7,0xB5F7,0xB5F7,0xB5F7,0xB5F7,
  0xB5F7,0xB5F7,0xB5F7,0xB5F7,0xB5F7,0xB5F7,0xB5F7,0xB5F7,0xB5F7,0xB5F7,0xB5F7,0xB5F7,0xB5F7,0xB5F7,0xB5F7,0xB5F7,
  0xB5F7,0xB5F7,0xB5F7,0xB5F7,0xB5F7,0xB5F7,0xB5F7,0xB5F7,0xB5F7,0xB5F7,0xB5F7,0xB5F7,0xB5F7,0xB5F7,0xB5F7,0xB5F7,
  0xB5F7,0xB5F7,0xB5F7,0xB5F7,0xB5F7,0xB5F7,0xB5F7,0xB5F7,0xB5F7,0xB5F7,0xB5F7,0xB5F7,0xB5F7,0xB5F7,0xB5F7,0xB5F7,
  0xB5F7,0xB5F7,0xB5F7,0xB5F7,0xB5F7,0xB5F7,0xB5F7,0xB5F7,0xB5F7,0xB5F7,0xB5F7,0xB5F7,0xB5F7,0xB5F7,0xB5F7,0xB5F7,
  0xB5F7,0xB5F7,0xB5F7,0xB5F7,0xB5F7,0xB5F7,0xB5F7,0xB5F7,0xB5F7,0xB5F7,0xB5F7,0xB5F7,0xB5F7,0xB5F7,0xB5F7,0xB5F7,
  0xB5F7,0xB5F7,0xB5F7,0xB5F7,0xB5F7,0xB5F7,0xB5F6,0xB5F6,0xB5F7,0xB5F7,0xB5F6,0xC618,0x746C,0x84AD,0xBE18,0xB5F6,
  0xB5F6,0xB5F7,0xB5F6,0xBDF7,0xB5F7,0xB5D6,0xC618,0x84AD,0x53E0,0x74A5,0x6C64,0x6C84,0x6C64,0x4BA1,0x8CEF,0xBE18,
  0xBE17,0x9D34,0x2A0F,0x2A10,0x9D35,0xBE37,0xB5D6,0xB5F6,0xBDF7,0xB5F7,0xC638,0x73AE,0x3186,0x424B,0x4B12,0x4AF1,
  0x4AB0,0x4AF1,0x6B90,0xFFFF,0xDF9F,0xFFFF,0x31C7,0x8451,0xFFFF,0xE7BF,0xE7DF,0xF7FF,0xEF9E,0xAE7A,0xBEDC,0xBEDC,
  0xB6DC,0xD79E,0xEFDF,0xE7DF,0xE7DF,0xE7DF,0xE7DF,0xE7DF,0xE7DF,0xE7DF,0xE7DF,0xE7DF,0xE7DF,0xE7DF,0xEFDF,0xEFDF,
  0xE7DF,0xE7DF,0xEFDF,0xE7DF,0xEFDF,0xE7DF,0xE7DF,0xE7DF,0xE7DF,0xE7DF,0xE7DF,0xEFDF,0xE7DF,0xE7DF,0xEFDF,0xE7DF,
  0xE7DF,0xE7DF,0xE7DF,0xEFDF,0xE7DF,0xE7DF,0xE7DF,0xE7DF,0xE7DF,0xE7DF,0xE7DF,0xE7DF,0xE7DF,0xE7DF,0xE7DF,0xE7DF,
  0xE7DF,0xE7DF,0xE7DF,0xE7DF,0xE7DF,0xE7DF,0xE7DF,0xE7DF,0xE7DF,0xE7BF,0xF7FF,0x8431,0x322E,0x21AD,0x29CD,0x9D17,
  0x8475,0x52F1,0x31EE,0x322F,0x6B71,0xFFFF,0xE7BF,0xE7DF,0xE7DF,0xE7DF,0xEFDF,0xEFDF,0xE7DF,0xE7DF,0xEFFF,0xDF9F,
  0xDF9E,0xEFFF,0xE7DF,0xE7DF,0xE7DF,0xE7DF,0xE7DF,0xE7DF,0xE7DF,0xE7DF,0xE7DF,0xE7DF,0xE7DF,0xE7DF,0xE7DF,0xE7DF,
  0xE7DF,0xE7DF,0xEFDF,0xE7BF,0xC73E,0xDFBF,0xDF9F,0xEFFF,0xE7DF,0xE7DF,0xDFBF,0xDFBF,0xE7DF,0xE7DF,0xE7DF,0xE7DF,
  0xE7DF,0xE7DF,0xE7DF,0xE7DF,0xE7DF,0xE7DF,0xE7DF,0xE7DF,0xE7DF,0xE7DF,0xE7DF,0xE7DF,0xE7DF,0xEFFF,0xCF9F,0xBF7F,
  0xC79F,0xC79F,0xBF7F,0xDFDF,0xE7DF,0xCF9F,0xDFFF,0xB639,0x18C3,0xD75D,0xD7DF,0xEFFF,0xCEDB,0x424C,0x6373,0x5B32,
  0x428E,0x31C9,0x3A0A,0x3A09,0x39A8,0x9D14,0xC658,0x94D4,0x3A30,0x4292,0x6392,0xC637,0xB5D6,0xB5F7,0xB5F7,0xB5F7,
  0xB5F7,0xB5F7,0xB5F7,0xB5F7,0xB5F7,0xB5F7,0xB5F7,0xB5F7,0xB5F7,0xB5F7,0xB5F7,0xB5F7,0xB5F7,0xB5F7,0xB5F7,0xB5F7,
  0xB5F7,0xB5F7,0xB5F7,0xB5F7,0xB5F7,0xB5F7,0xB5F7,0xB5F7,0xB5F7,0xB5F7,0xB5F7,0xB5F7,0xB5F7,0xB5F7,0xB5F7,0xB5F7,
  0xB5F7,0xB5F7,0xB5F7,0xB5F7,0xB5F7,0xB5F7,0xB5F7,0xB5F7,0xB5F7,0xB5F7,0xB5F7,0xB5F7,0xB5F7,0xB5F7,0xB5F7,0xB5F7,
  0xB5F7,0xB5F7,0xB5F7,0xB5F7,0xB5F7,0xB5F7,0xB5F7,0xB5F7,0xB5F7,0xB5F7,0xB5F7,0xB5F7,0xB5F7,0xB5F7,0xB5F7,0xB5F7,
  0xB5F7,0xB5F7,0xB5F7,0xB5F7,0xB5F7,0xB5F7,0xB5F7,0xB5F7,0xB5F7,0xB5F7,0xB5F7,0xB5F7,0xB5F7,0xB5F7,0xB5F7,0xB5F7,
  0xB5F7,0xB5F7,0xB5F7,0xB5F7,0xB5F7,0xB5F7,0xB5F7,0xB5F7,0xB5F7,0xB5F7,0xB5F7,0xB5F7,0xB5F7,0xB5F7,0xB5F7,0xB5F7,
  0xB5F7,0xB5F7,0xB5F7,0xB5F7,0xB5F7,0xB5F7,0xB5F7,0xB5F7,0xB5F7,0xB5F7,0xB5F7,0xB5F6,0x8CF0,0xBE17,0xB5F7,0xB5F6,
  0xB5F7,0xB5F7,0xB5F7,0xB5F6,0xB5F6,0xBDF7,0xB5D6,0x4B84,0x6C49,0x6444,0x6C85,0x6C85,0x5C03,0x84CF,0xB5D6,0xB5F7,
  0xB5D6,0xC658,0x8473,0x21F0,0x3230,0xA575,0xBE17,0xB5D6,0xB5F6,0xB5D6,0xC658,0x634D,0x2965,0x424B,0x5312,0x4AD0,
  0x42AF,0x4AD1,0x6B8F,0xFFFF,0xDFBF,0xFFFF,0x39A7,0x8451,0xFFFF,0xE7BF,0xE7DF,0xF7FF,0xEFBE,0xAE7A,0xBEDC,0xBEDC,
  0xB6DB,0xD79E,0xEFDF,0xE7DF,0xE7DF,0xE7DF,0xE7DF,0xE7DF,0xEFDF,0xE7DF,0xEFDF,0xE7DF,0xE7DF,0xEFDF,0xE7DF,0xE7DF,
  0xEFDF,0xEFDF,0xE7DF,0xE7DF,0xE7DF,0xE7DF,0xE7DF,0xE7DF,0xE7DF,0xE7DF,0xE7DF,0xE7DF,0xE7DF,0xE7DF,0xE7DF,0xE7DF,
  0xEFDF,0xE7DF,0xE7FF,0xE7FF,0xE7DF,0xE7DF,0xE7DF,0xE7DF,0xE7DF,0xE7DF,0xE7DF,0xE7DF,0xE7DF,0xE7DF,0xEFDF,0xE7DF,
  0xE7DF,0xE7DF,0xE7DF,0xE7DF,0xE7DF,0xE7DF,0xE7DF,0xE7DF,0xE7DF,0xDFBF,0xF7FF,0x73D0,0x2A0E,0x21CD,0x21AC,0x94F7,
  0x8475,0x52F0,0x320E,0x322F,0x6B91,0xFFFF,0xE7BF,0xE7DF,0xE7DF,0xE7DF,0xE7DF,0xE7DF,0xE7DF,0xE7DF,0xEFDF,0xEFFF,
  0xE7DF,0xE7DF,0xE7DF,0xE7DF,0xE7DF,0xE7DF,0xE7DF,0xE7DF,0xE7DF,0xE7DF,0xE7DF,0xE7DF,0xEFDF,0xE7DF,0xE7DF,0xE7DF,
  0xEFDF,0xE7DF,0xEFDF,0xDFBF,0xCF7E,0xE7BF,0xDFBF,0xDF9E,0xE7DF,0xEFDF,0xDFBF,0xDFBF,0xEFDF,0xE7DF,0xE7DF,0xE7DF,
  0xE7DF,0xE7DF,0xE7DF,0xE7DF,0xE7DF,0xE7DF,0xE7DF,0xE7DF,0xE7DF,0xE7DF,0xE7DF,0xE7DF,0xE7DF,0xEFFF,0xC79F,0xBF7F,
  0xC79F,0xBF9F,0xBF7F,0xDFDF,0xE7DF,0xDFBF,0xEFFF,0xB639,0x18C3,0xE77E,0xD7DF,0xE7FF,0xCEBB,0x3A2B,0x5312,0x5311,
  0x426E,0x2988,0x31A8,0x3A09,0x31A8,0x9CF3,0xCE78,0x5B51,0x4271,0x3A71,0x8CB4,0xBE37,0xB5D6,0xB5F7,0xB5F7,0xB5F7,
  0xB5F7,0xB5F7,0xB5F7,0xB5F7,0xB5F7,0xB5F7,0xB5F7,0xB5F7,0xB5F7,0xB5F7,0xB5F7,0xB5F7,0xB5F7,0xB5F7,0xB5F7,0xB5F7,
  0xB5F7,0xB5F7,0xB5F7,0xB5F7,0xB5F7,0xB5F7,0xB5F7,0xB5F7,0xB5F7,0xB5F7,0xB5F7,0xB5F7,0xB5F7,0xB5F7,0xB5F7,0xB5F7,
  0xB5F7,0xB5F7,0xB5F7,0xB5F7,0xB5F7,0xB5F7,0xB5F7,0xB5F7,0xB5F7,0xB5F7,0xB5F7,0xB5F7,0xB5F7,0xB5F7,0xB5F7,0xB5F7,
  0xB5F7,0xB5F7,0xB5F7,0xB5F7,0xB5F7,0xB5F7,0xB5F7,0xB5F7,0xB5F7,0xB5F7,0xB5F7,0xB5F7,0xB5F7,0xB5F7,0xB5F7,0xB5F7,
  0xB5F7,0xB5F7,0xB5F7,0xB5F7,0xB5F7,0xB5F7,0xB5F7,0xB5F7,0xB5F7,0xB5F7,0xB5F7,0xB5F7,0xB5F7,0xB5F7,0xB5F7,0xB5F7,
  0xB5F7,0xB5F7,0xB5F7,0xB5F7,0xB5F7,0xB5F7,0xB5F7,0xB5F7,0xB5F7,0xB5F7,0xB5F7,0xB5F7,0xB5F7,0xB5F7,0xB5F7,0xB5F7,
  0xB5F7,0xB5F7,0xB5F7,0xB5F7,0xB5F7,0xB5F7,0xB5F7,0xB5F7,0xB5F7,0xB5F7,0xB5F7,0xB5F7,0xBE17,0xB5F6,0xB5F7,0xB5F7,
  0xB5F7,0xB5F7,0xB5F7,0xB5F7,0xB5F7,0xB5F7,0xB5F6,0xADB5,0xB5B6,0x6425,0x6CA4,0x74A5,0x5C23,0x9531,0xC659,0xB5D6,
  0xB5F7,0xB5D6,0xBE37,0x5B30,0x2211,0x4AF1,0xBDF6,0xB5F7,0xB5F7,0xB5D6,0xC638,0x73AE,0x3186,0x428C,0x4AF1,0x4AD0,
  0x428F,0x42D1,0x6B90,0xF7FF,0xDFBF,0xFFFF,0x31A6,0x8471,0xFFFF,0xE7BF,0xE7BF,0xF7FF,0xEFBE,0xB69B,0xBEDC,0xBEDC,
  0xBEDC,0xD79E,0xEFFF,0xE7DF,0xE7DF,0xE7DF,0xE7DF,0xE7DF,0xE7DF,0xE7DF,0xEFDF,0xEFDF,0xEFDF,0xE7DF,0xE7DF,0xEFDF,
  0xE7DF,0xE7DF,0xEFFF,0xE7DF,0xEFDF,0xEFDF,0xE7DF,0xE7DF,0xE7DF,0xEFDF,0xE7DF,0xE7DF,0xE7DF,0xE7DF,0xEFDF,0xE7DF,
  0xE7DF,0xE7DF,0xE7FF,0xE7DF,0xEFDF,0xEFDF,0xE7DF,0xE7DF,0xE7DF,0xE7DF,0xE7DF,0xE7DF,0xE7DF,0xE7DF,0xE7DF,0xE7DF,
  0xE7DF,0xE7DF,0xE7DF,0xE7DF,0xE7DF,0xE7DF,0xE7DF,0xE7DF,0xE7DF,0xE7BF,0xF7FF,0x7C11,0x324F,0x21AD,0x21AC,0x94D7,
  0x8475,0x52F1,0x320E,0x322F,0x6371,0xFFFF,0xE7BF,0xE7DF,0xE7DF,0xE7DF,0xE7DF,0xE7DF,0xE7DF,0xE7DF,0xE7DF,0xE7DF,
  0xE7BF,0xE7DF,0xE7DF,0xE7DF,0xE7DF,0xE7DF,0xEFDF,0xE7DF,0xE7DF,0xEFDF,0xE7DF,0xE7DF,0xE7DF,0xE7DF,0xE7DF,0xE7DF,
  0xE7DF,0xE7DF,0xE7DF,0xDFBF,0xE7DF,0xE7DF,0xE7DF,0xDF9E,0xE7DF,0xE7FF,0xE7DF,0xE7DF,0xE7DF,0xE7DF,0xE7DF,0xE7DF,
  0xE7DF,0xE7DF,0xE7DF,0xE7DF,0xE7DF,0xE7DF,0xE7DF,0xE7DF,0xE7DF,0xE7DF,0xE7DF,0xE7DF,0xE7DF,0xEFFF,0xCF9F,0xBF7F,
  0xC77F,0xC79F,0xBF5F,0xE7DF,0xE7DF,0xDFBF,0xF7FF,0xB639,0x18E4,0xDF7D,0xDFDF,0xEFFF,0xCEBB,0x52AE,0x4AF1,0x5311,
  0x3A4D,0x31A9,0x31C9,0x31A8,0x39C8,0xA534,0xA535,0x3A4F,0x4AD2,0x4290,0xB5B6,0xBDF7,0xB5F7,0xB5F7,0xB5F7,0xB5F7,
  0xB5F7,0xB5F7,0xB5F7,0xB5F7,0xB5F7,0xB5F7,0xB5F7,0xB5F7,0xB5F7,0xB5F7,0xB5F7,0xB5F7,0xB5F7,0xB5F7,0xB5F7,0xB5F7,
  0xB5F7,0xB5F7,0xB5F7,0xB5F7,0xB5F7,0xB5F7,0xB5F7,0xB5F7,0xB5F7,0xB5F7,0xB5F7,0xB5F7,0xB5F7,0xB5F7,0xB5F7,0xB5F7,
  0xB5F7,0xB5F7,0xB5F7,0xB5F7,0xB5F7,0xB5F7,0xB5F7,0xB5F7,0xB5F7,0xB5F7,0xB5F7,0xB5F7,0xB5F7,0xB5F7,0xB5F7,0xB5F7,
  0xB5F7,0xB5F7,0xB5F7,0xB5F7,0xB5F7,0xB5F7,0xB5F7,0xB5F7,0xB5F7,0xB5F7,0xB5F7,0xB5F7,0xB5F7,0xB5F7,0xB5F7,0xB5F7,
  0xB5F7,0xB5F7,0xB5F7,0xB5F7,0xB5F7,0xB5F7,0xB5F7,0xB5F7,0xB5F7,0xB5F7,0xB5F7,0xB5F7,0xB5F7,0xB5F7,0xB5F7,0xB5F7,
  0xB5F7,0xB5F7,0xB5F7,0xB5F7,0xB5F7,0xB5F7,0xB5F7,0xB5F7,0xB5F7,0xB5F7,0xB5F7,0xB5F7,0xB5F7,0xB5F7,0xB5F7,0xB5F7,
  0xB5F7,0xB5F7,0xB5F7,0xB5F7,0xB5F7,0xB5F7,0xB5F7,0xB5F7,0xB5F7,0xB5F7,0xB5F7,0xB5F7,0xB5F6,0xB5F7,0xB5F7,0xB5F7,
  0xB5F7,0xB5F7,0xB5F7,0xB5F7,0xB5F7,0xB5F7,0xB5F6,0xC639,0x84AD,0x5401,0x5C23,0x6463,0x6C85,0x53A2,0x9531,0xBE17,
  0xB5F6,0xB5F7,0xBDF7,0xB5B6,0x4AD0,0x2A11,0x6BB2,0xC657,0xB5D6,0xB5D6,0xC658,0x6B6D,0x2945,0x426C,0x4B11,0x42B0,
  0x428F,0x42D1,0x73B0,0xF7FF,0xDF9F,0xFFFF,0x39C7,0x8451,0xFFFF,0xE7BF,0xE7BF,0xFFFF,0xEFBE,0xB69B,0xBEDC,0xBEDC,
  0xB6BB,0xDF9F,0xEFFF,0xE7DF,0xE7DF,0xEFDF,0xE7DF,0xE7DF,0xE7DF,0xEFDF,0xE7DF,0xEFDF,0xE7DF,0xEFDF,0xE7DF,0xE7DF,
  0xE7DF,0xE7DF,0xEFDF,0xE7DF,0xE7DF,0xE7DF,0xEFDF,0xE7DF,0xE7DF,0xE7DF,0xE7DF,0xEFDF,0xE7DF,0xE7DF,0xEFDF,0xE7DF,
  0xE7DF,0xE7DF,0xE7DF,0xEFDF,0xE7DF,0xEFDF,0xE7DF,0xE7DF,0xE7DF,0xE7DF,0xE7DF,0xE7DF,0xE7DF,0xE7DF,0xE7DF,0xE7DF,
  0xE7DF,0xE7DF,0xE7DF,0xE7DF,0xE7DF,0xE7DF,0xE7DF,0xE7DF,0xE7DF,0xE7DF,0xF7FF,0x7C11,0x322F,0x29CD,0x320E,0x94F7,
  0x8475,0x4AF0,0x320E,0x322F,0x6B91,0xFFFF,0xE7BF,0xE7DF,0xE7DF,0xE7DF,0xE7DF,0xE7DF,0xE7DF,0xEFDF,0xE7DF,0xE7DF,
  0xEFDF,0xEFFF,0xEFDF,0xE7DF,0xE7DF,0xE7DF,0xE7DF,0xE7DF,0xE7DF,0xE7DF,0xE7DF,0xE7DF,0xE7DF,0xE7DF,0xE7DF,0xE7DF,
  0xE7DF,0xE7DF,0xE7DF,0xE7DF,0xE7DF,0xE7DF,0xE7DF,0xEFFF,0xEFDF,0xE7DF,0xE7DF,0xE7DF,0xE7DF,0xE7DF,0xE7DF,0xE7DF,
  0xE7DF,0xE7DF,0xE7DF,0xDFBF,0xE7DF,0xE7DF,0xE7DF,0xE7DF,0xE7DF,0xE7DF,0xE7DF,0xE7DF,0xE7DF,0xEFFF,0xCF9F,0xBF7F,
  0xC79F,0xBF7F,0xB75F,0xE7DF,0xEFFF,0xDFBF,0xEFFF,0xBE59,0x10A2,0xEF9E,0xE7DF,0xEFFF,0xCEBB,0x5AEF,0x52F1,0x5312,
  0x3A2D,0x29A8,0x31C9,0x422A,0x422A,0xA554,0x5B30,0x3A71,0x42B2,0x6371,0xC637,0xB5D6,0xB5F7,0xB5F7,0xB5F7,0xB5F7,
  0xB5F7,0xB5F7,0xB5F7,0xB5F7,0xB5F7,0xB5F7,0xB5F7,0xB5F7,0xB5F7,0xB5F7,0xB5F7,0xB5F7,0xB5F7,0xB5F7,0xB5F7,0xB5F7,
  0xB5F7,0xB5F7,0xB5F7,0xB5F7,0xB5F7,0xB5F7,0xB5F7,0xB5F7,0xB5F7,0xB5F7,0xB5F7,0xB5F7,0xB5F7,0xB5F7,0xB5F7,0xB5F7,
  0xB5F7,0xB5F7,0xB5F7,0xB5F7,0xB5F7,0xB5F7,0xB5F7,0xB5F7,0xB5F7,0xB5F7,0xB5F7,0xB5F7,0xB5F7,0xB5F7,0xB5F7,0xB5F7,
  0xB5F7,0xB5F7,0xB5F7,0xB5F7,0xB5F7,0xB5F7,0xB5F7,0xB5F7,0xB5F7,0xB5F7,0xB5F7,0xB5F7,0xB5F7,0xB5F7,0xB5F7,0xB5F7,
  0xB5F7,0xB5F7,0xB5F7,0xB5F7,0xB5F7,0xB5F7,0xB5F7,0xB5F7,0xB5F7,0xB5F7,0xB5F7,0xB5F7,0xB5F7,0xB5F7,0xB5F7,0xB5F7,
  0xB5F7,0xB5F7,0xB5F7,0xB5F7,0xB5F7,0xB5F7,0xB5F7,0xB5F7,0xB5F7,0xB5F7,0xB5F7,0xB5F7,0xB5F7,0xB5F7,0xB5F7,0xB5F7,
  0xB5F7,0xB5F7,0xB5F7,0xB5F7,0xB5F7,0xB5F7,0xB5F7,0xB5F7,0xB5F7,0xB5F7,0xB5F7,0xB5F7,0xB5F7,0xB5F7,0xB5F7,0xB5F7,
  0xB5F7,0xB5F7,0xB5F7,0xB5F7,0xB5F7,0xB5F7,0xB5D6,0xC638,0x6407,0x6406,0x9511,0x53E1,0x6423,0x6408,0x6C2A,0xB5D6,
  0xBDF7,0xB5F7,0xB5D6,0xC657,0x6BD2,0x3A92,0x2A10,0x94F4,0xBE17,0xB5D6,0xC658,0x6B6D,0x2104,0x424B,0x5332,0x42B0,
  0x42B0,0x42D1,0x6B8F,0xF7FF,0xDFBF,0xFFFF,0x31A6,0x8C92,0xFFFF,0xE7BF,0xE7BF,0xF7FF,0xEFBE,0xB69B,0xBEDC,0xBEDC,
  0xB6DC,0xD75E,0xEFBF,0xEFDF,0xE7DF,0xE7DF,0xE7DF,0xE7DF,0xEFDF,0xEFDF,0xEFDF,0xE7DF,0xEFDF,0xE7DF,0xE7DF,0xE7DF,
  0xE7DF,0xE7DF,0xEFDF,0xEFDF,0xE7DF,0xE7DF,0xEFDF,0xE7DF,0xE7DF,0xE7DF,0xE7DF,0xE7DF,0xE7DF,0xE7DF,0xE7DF,0xE7DF,
  0xE7FF,0xE7DF,0xE7DF,0xE7DF,0xE7DF,0xEFDF,0xEFDF,0xE7DF,0xE7DF,0xE7DF,0xE7DF,0xE7DF,0xE7DF,0xE7DF,0xE7DF,0xE7DF,
  0xE7DF,0xE7DF,0xE7DF,0xE7DF,0xE7DF,0xE7DF,0xE7DF,0xE7DF,0xE7DF,0xE7BF,0xF7FF,0x7C31,0x320E,0x21CD,0x320E,0x94D7,
  0x8475,0x4AD0,0x29ED,0x322F,0x6351,0xFFFF,0xE7BF,0xE7DF,0xE7DF,0xE7DF,0xE7DF,0xE7DF,0xE7DF,0xEFDF,0xE7DF,0xE7DF,
  0xE7DF,0xE7DF,0xE7DF,0xE7DF,0xE7DF,0xE7DF,0xE7DF,0xE7DF,0xE7DF,0xE7DF,0xE7DF,0xE7DF,0xE7DF,0xE7DF,0xE7DF,0xE7DF,
  0xE7DF,0xE7DF,0xE7DF,0xE7DF,0xE7DF,0xE7DF,0xE7DF,0xE7DF,0xE7DF,0xE7DF,0xE7DF,0xE7DF,0xE7DF,0xE7DF,0xE7DF,0xE7DF,
  0xE7DF,0xE7DF,0xE7DF,0xE7DF,0xE7DF,0xE7DF,0xE7DF,0xE7DF,0xE7DF,0xE7DF,0xE7DF,0xE7DF,0xE7DF,0xE7FF,0xCF9F,0xBF7F,
  0xC79F,0xC79F,0xBF7F,0xE7DF,0xEFFF,0xDFBF,0xEFFF,0xB618,0x1082,0xEF9E,0xE7FF,0xEFFF,0xC69A,0x5B0F,0x4AF1,0x52F1,
  0x3A4D,0x2988,0x31A8,0x39C9,0x39E9,0x5B0F,0x42B1,0x4AF2,0x3A50,0x8CD4,0xBE37,0xB5F6,0xB5F7,0xB5F7,0xB5F7,0xB5F7,
  0xB5F7,0xB5F7,0xB5F7,0xB5F7,0xB5F7,0xB5F7,0xB5F7,0xB5F7,0xB5F7,0xB5F7,0xB5F7,0xB5F7,0xB5F7,0xB5F7,0xB5F7,0xB5F7,
  0xB5F7,0xB5F7,0xB5F7,0xB5F7,0xB5F7,0xB5F7,0xB5F7,0xB5F7,0xB5F7,0xB5F7,0xB5F7,0xB5F7,0xB5F7,0xB5F7,0xB5F7,0xB5F7,
  0xB5F7,0xB5F7,0xB5F7,0xB5F7,0xB5F7,0xB5F7,0xB5F7,0xB5F7,0xB5F7,0xB5F7,0xB5F7,0xB5F7,0xB5F7,0xB5F7,0xB5F7,0xB5F7,
  0xB5F7,0xB5F7,0xB5F7,0xB5F7,0xB5F7,0xB5F7,0xB5F7,0xB5F7,0xB5F7,0xB5F7,0xB5F7,0xB5F7,0xB5F7,0xB5F7,0xB5F7,0xB5F7,
  0xB5F7,0xB5F7,0xB5F7,0xB5F7,0xB5F7,0xB5F7,0xB5F7,0xB5F7,0xB5F7,0xB5F7,0xB5F7,0xB5F7,0xB5F7,0xB5F7,0xB5F7,0xB5F7,
  0xB5F7,0xB5F7,0xB5F7,0xB5F7,0xB5F7,0xB5F7,0xB5F7,0xB5F7,0xB5F7,0xB5F7,0xB5F7,0xB5F7,0xB5F7,0xB5F7,0xB5F7,0xB5F7,
  0xB5F7,0xB5F7,0xB5F7,0xB5F7,0xB5F7,0xB5F7,0xB5F7,0xB5F7,0xB5F7,0xB5F7,0xB5F7,0xB5F7,0xB5F7,0xB5F7,0xB5F7,0xB5F7,
  0xB5F7,0xB5F7,0xB5F7,0xB5F7,0xB5F7,0xB5F7,0xBDF7,0xB5F6,0x9510,0xB5D6,0xC639,0x748A,0x5C04,0xBE19,0xBE17,0xB5F6,
  0xB5F7,0xB5F7,0xB5F7,0xBE17,0xA575,0x4290,0x3A92,0x5B51,0xC637,0xB5D6,0xC658,0x6B8E,0x2945,0x424B,0x5312,0x4AD0,
  0x42B0,0x42D1,0x6B90,0xF7FF,0xDFBF,0xFFFF,0x39C7,0x8471,0xFFFF,0xE7BF,0xE7DF,0xF7FF,0xEFBE,0xAE7B,0xBEDC,0xBEDC,
  0xBEDC,0xCF3D,0xDF7E,0xE7DF,0xE7DF,0xE7DF,0xE7DF,0xE7DF,0xE7DF,0xE7DF,0xE7DF,0xE7DF,0xE7DF,0xE7DF,0xEFDF,0xE7DF,
  0xE7DF,0xE7DF,0xEFFF,0xE7DF,0xE7DF,0xE7DF,0xE7DF,0xE7DF,0xE7DF,0xE7DF,0xE7DF,0xE7DF,0xE7DF,0xE7DF,0xE7DF,0xE7DF,
  0xE7DF,0xE7DF,0xE7DF,0xE7DF,0xE7DF,0xEFDF,0xE7DF,0xE7DF,0xE7DF,0xE7DF,0xE7DF,0xE7DF,0xE7DF,0xE7DF,0xE7DF,0xE7DF,
  0xE7DF,0xE7DF,0xE7DF,0xE7DF,0xE7DF,0xE7DF,0xE7DF,0xE7DF,0xE7DF,0xE7DF,0xF7FF,0x8452,0x324F,0x21AD,0x320E,0x94F7,
  0x8495,0x4AB0,0x29EE,0x322F,0x6351,0xFFFF,0xE7BF,0xE7DF,0xE7DF,0xE7DF,0xE7DF,0xE7DF,0xE7DF,0xE7DF,0xE7DF,0xE7DF,
  0xE7DF,0xE7DF,0xE7DF,0xE7DF,0xE7DF,0xE7DF,0xE7DF,0xE7DF,0xE7DF,0xE7DF,0xE7DF,0xE7DF,0xE7DF,0xE7DF,0xE7DF,0xE7DF,
  0xE7DF,0xE7DF,0xE7DF,0xE7DF,0xE7DF,0xE7DF,0xE7DF,0xE7DF,0xE7DF,0xE7DF,0xE7DF,0xE7DF,0xE7DF,0xE7DF,0xE7DF,0xE7DF,
  0xE7DF,0xE7DF,0xE7DF,0xE7DF,0xE7DF,0xE7DF,0xE7DF,0xE7DF,0xE7DF,0xE7DF,0xE7DF,0xE7DF,0xE7DF,0xEFFF,0xCF9F,0xBF7F,
  0xC79F,0xC79F,0xB75F,0xEFDF,0xEFFF,0xDF9F,0xEFFF,0xB618,0x0882,0xEF9E,0xE7DF,0xEFFF,0xCEBA,0x3A2C,0x52F1,0x5332,
  0x3A4D,0x2988,0x2988,0x31A8,0x39E9,0x4290,0x4AF3,0x42B1,0x428F,0xB5B6,0xBDF7,0xB5F7,0xB5F7,0xB5F7,0xB5F7,0xB5F7,
  0xB5F7,0xB5F7,0xB5F7,0xB5F7,0xB5F7,0xB5F7,0xB5F7,0xB5F7,0xB5F7,0xB5F7,0xB5F7,0xB5F7,0xB5F7,0xB5F7,0xB5F7,0xB5F7,
  0xB5F7,0xB5F7,0xB5F7,0xB5F7,0xB5F7,0xB5F7,0xB5F7,0xB5F7,0xB5F7,0xB5F7,0xB5F7,0xB5F7,0xB5F7,0xB5F7,0xB5F7,0xB5F7,
  0xB5F7,0xB5F7,0xB5F7,0xB5F7,0xB5F7,0xB5F7,0xB5F7,0xB5F7,0xB5F7,0xB5F7,0xB5F7,0xB5F7,0xB5F7,0xB5F7,0xB5F7,0xB5F7,
  0xB5F7,0xB5F7,0xB5F7,0xB5F7,0xB5F7,0xB5F7,0xB5F7,0xB5F7,0xB5F7,0xB5F7,0xB5F7,0xB5F7,0xB5F7,0xB5F7,0xB5F7,0xB5F7,
  0xB5F7,0xB5F7,0xB5F7,0xB5F7,0xB5F7,0xB5F7,0xB5F7,0xB5F7,0xB5F7,0xB5F7,0xB5F7,0xB5F7,0xB5F7,0xB5F7,0xB5F7,0xB5F7,
  0xB5F7,0xB5F7,0xB5F7,0xB5F7,0xB5F7,0xB5F7,0xB5F7,0xB5F7,0xB5F7,0xB5F7,0xB5F7,0xB5F7,0xB5F7,0xB5F7,0xB5F7,0xB5F7,
  0xB5F7,0xB5F7,0xB5F7,0xB5F7,0xB5F7,0xB5F7,0xB5F7,0xB5F7,0xB5F7,0xB5F7,0xB5F7,0xB5F7,0xB5F7,0xB5F7,0xB5F7,0xB5F7,
  0xB5F7,0xB5F7,0xB5F7,0xB5F7,0xB5F7,0xB5F7,0xB5F7,0xB5F6,0xBE17,0xBDF7,0xBDF7,0xADB5,0x53A5,0xA574,0xBDF7,0xB5F7,
  0xB5F7,0xB5F7,0xB5F7,0xB5D6,0xC637,0x6371,0x42B2,0x4291,0x8C93,0xBE17,0xC638,0x6B6D,0x2124,0x424C,0x4AF1,0x5B52,
  0x428F,0x42B0,0x6B8F,0xF7FF,0xDFBF,0xFFFF,0x39E7,0x7C31,0xFFFF,0xE7BF,0xE7BF,0xF7FF,0xEF9E,0xB69B,0xBEDC,0xBEDC,
  0xBEDC,0xD77F,0xF7FF,0xE7DF,0xEFDF,0xE7DF,0xE7DF,0xE7DF,0xE7DF,0xE7DF,0xE7DF,0xEFDF,0xE7DF,0xE7DF,0xE7DF,0xEFDF,
  0xEFDF,0xE7DF,0xE7DF,0xE7DF,0xEFDF,0xE7DF,0xE7DF,0xE7DF,0xE7DF,0xE7DF,0xE7DF,0xE7DF,0xE7DF,0xE7DF,0xE7DF,0xE7DF,
  0xE7DF,0xE7DF,0xE7DF,0xE7DF,0xE7DF,0xE7DF,0xE7DF,0xE7DF,0xE7DF,0xE7DF,0xE7DF,0xE7DF,0xE7DF,0xE7DF,0xE7DF,0xE7DF,
  0xE7DF,0xE7DF,0xE7DF,0xE7DF,0xE7DF,0xE7DF,0xE7DF,0xE7DF,0xE7DF,0xE7DF,0xF7FF,0x7C32,0x3A4F,0x21AD,0x29ED,0x94B6,
  0x8455,0x4AB0,0x320E,0x320F,0x6350,0xFFFF,0xE7BF,0xE7DF,0xE7DF,0xE7DF,0xE7DF,0xE7DF,0xE7DF,0xE7DF,0xE7DF,0xE7DF,
  0xEFDF,0xE7DF,0xE7DF,0xE7DF,0xE7DF,0xE7DF,0xE7DF,0xE7DF,0xE7DF,0xE7DF,0xE7DF,0xE7DF,0xE7DF,0xE7DF,0xE7DF,0xE7DF,
  0xE7DF,0xE7DF,0xEFDF,0xE7DF,0xE7DF,0xE7DF,0xE7DF,0xE7DF,0xE7DF,0xE7DF,0xE7DF,0xE7DF,0xE7DF,0xE7DF,0xE7DF,0xE7DF,
  0xE7DF,0xE7DF,0xEFDF,0xE7DF,0xE7DF,0xE7DF,0xE7DF,0xE7DF,0xE7DF,0xE7DF,0xE7DF,0xE7DF,0xE7DF,0xEFFF,0xCF9F,0xBF7F,
  0xC79F,0xC79F,0xB75F,0xEFDF,0xEFFF,0xDF9F,0xF7FF,0xBE59,0x10A2,0xEF9E,0xE7FF,0xEFFF,0xCEBB,0x424C,0x52F1,0x5312,
  0x3A4D,0x31A9,0x39C9,0x3A09,0x39C8,0x4AD1,0x4AD2,0x3A71,0x6392,0xC637,0xB5D6,0xB5F7,0xB5F7,0xB5F7,0xB5F7,0xB5F7,
  0xB5F7,0xB5F7,0xB5F7,0xB5F7,0xB5F7,0xB5F7,0xB5F7,0xB5F7,0xB5F7,0xB5F7,0xB5F7,0xB5F7,0xB5F7,0xB5F7,0xB5F7,0xB5F7,
  0xB5F7,0xB5F7,0xB5F7,0xB5F7,0xB5F7,0xB5F7,0xB5F7,0xB5F7,0xB5F7,0xB5F7,0xB5F7,0xB5F7,0xB5F7,0xB5F7,0xB5F7,0xB5F7,
  0xB5F7,0xB5F7,0xB5F7,0xB5F7,0xB5F7,0xB5F7,0xB5F7,0xB5F7,0xB5F7,0xB5F7,0xB5F7,0xB5F7,0xB5F7,0xB5F7,0xB5F7,0xB5F7,
  0xB5F7,0xB5F7,0xB5F7,0xB5F7,0xB5F7,0xB5F7,0xB5F7,0xB5F7,0xB5F7,0xB5F7,0xB5F7,0xB5F7,0xB5F7,0xB5F7,0xB5F7,0xB5F7,
  0xB5F7,0xB5F7,0xB5F7,0xB5F7,0xB5F7,0xB5F7,0xB5F7,0xB5F7,0xB5F7,0xB5F7,0xB5F7,0xB5F7,0xB5F7,0xB5F7,0xB5F7,0xB5F7,
  0xB5F7,0xB5F7,0xB5F7,0xB5F7,0xB5F7,0xB5F7,0xB5F7,0xB5F7,0xB5F7,0xB5F7,0xB5F7,0xB5F7,0xB5F7,0xB5F7,0xB5F7,0xB5F7,
  0xB5F7,0xB5F7,0xB5F7,0xB5F7,0xB5F7,0xB5F7,0xB5F7,0xB5F7,0xB5F7,0xB5F7,0xB5F7,0xB5F7,0xB5F7,0xB5F7,0xB5F7,0xB5F7,
  0xB5F7,0xB5F7,0xB5F7,0xB5F7,0xB5F7,0xB5F7,0xB5F7,0xB5F7,0xB5F6,0xB5F7,0xB5F6,0xBE18,0xA574,0xAD94,0xBDF7,0xB5F6,
  0xB5F7,0xB5F7,0xB5F7,0xB5D6,0xBE37,0x8C93,0x3250,0x3AB2,0x5311,0xBDF6,0xC658,0x634D,0x2124,0x424B,0x4AD1,0x42B0,
  0x4AD0,0x42B1,0x6B8F,0xF7FF,0xDFBF,0xFFFF,0x31A6,0x8C71,0xFFFF,0xE7BF,0xE7DF,0xF7FF,0xEFBE,0xB69B,0xBEDC,0xBEDC,
  0xB6BB,0xDF9F,0xE7DF,0xE7DF,0xE7DF,0xE7DF,0xE7DF,0xE7DF,0xE7DF,0xE7DF,0xE7DF,0xE7DF,0xE7DF,0xE7DF,0xEFDF,0xE7DF,
  0xE7DF,0xEFDF,0xE7DF,0xE7DF,0xE7DF,0xE7DF,0xEFDF,0xEFDF,0xE7DF,0xE7DF,0xE7DF,0xE7DF,0xE7DF,0xE7DF,0xE7DF,0xE7DF,
  0xE7DF,0xE7DF,0xE7DF,0xE7DF,0xE7DF,0xE7DF,0xEFDF,0xE7DF,0xE7DF,0xE7DF,0xE7DF,0xE7DF,0xE7DF,0xE7DF,0xE7DF,0xE7DF,
  0xE7DF,0xE7DF,0xE7DF,0xE7DF,0xE7DF,0xE7DF,0xE7DF,0xE7DF,0xE7DF,0xDFBF,0xEFFF,0x6BD0,0x2A0E,0x21CD,0x29CD,0x94F6,
  0x8475,0x4AD0,0x2A0E,0x29EE,0x7413,0xFFFF,0xE7BF,0xE7DF,0xE7DF,0xE7DF,0xE7DF,0xE7DF,0xE7DF,0xE7DF,0xE7DF,0xE7DF,
  0xE7DF,0xE7DF,0xE7DF,0xE7DF,0xE7DF,0xE7DF,0xE7DF,0xE7DF,0xE7DF,0xE7DF,0xE7DF,0xE7DF,0xE7DF,0xE7DF,0xE7DF,0xE7DF,
  0xE7DF,0xE7DF,0xE7DF,0xE7DF,0xE7DF,0xE7DF,0xE7DF,0xE7DF,0xE7DF,0xE7DF,0xE7DF,0xE7DF,0xE7DF,0xE7DF,0xE7DF,0xE7DF,
  0xE7DF,0xE7DF,0xE7DF,0xE7DF,0xE7DF,0xE7DF,0xE7DF,0xE7DF,0xE7DF,0xE7DF,0xE7DF,0xE7DF,0xE7DF,0xEFDF,0xCF9F,0xBF7F,
  0xC79F,0xC79F,0xB75F,0xEFDF,0xEFFF,0xDFBF,0xF7FF,0xB639,0x0882,0xEF9E,0xE7FF,0xEFFF,0xCEBB,0x3A2B,0x4AB0,0x5312,
  0x426E,0x31A9,0x31A8,0x31C8,0x39E8,0x428F,0x4AD2,0x322F,0x8CB3,0xBE37,0xB5D6,0xB5F7,0xB5F7,0xB5F7,0xB5F7,0xB5F7,
  0xB5F7,0xB5F7,0xB5F7,0xB5F7,0xB5F7,0xB5F7,0xB5F7,0xB5F7,0xB5F7,0xB5F7,0xB5F7,0xB5F7,0xB5F7,0xB5F7,0xB5F7,0xB5F7,
  0xB5F7,0xB5F7,0xB5F7,0xB5F7,0xB5F7,0xB5F7,0xB5F7,0xB5F7,0xB5F7,0xB5F7,0xB5F7,0xB5F7,0xB5F7,0xB5F7,0xB5F7,0xB5F7,
  0xB5F7,0xB5F7,0xB5F7,0xB5F7,0xB5F7,0xB5F7,0xB5F7,0xB5F7,0xB5F7,0xB5F7,0xB5F7,0xB5F7,0xB5F7,0xB5F7,0xB5F7,0xB5F7,
  0xB5F7,0xB5F7,0xB5F7,0xB5F7,0xB5F7,0xB5F7,0xB5F7,0xB5F7,0xB5F7,0xB5F7,0xB5F7,0xB5F7,0xB5F7,0xB5F7,0xB5F7,0xB5F7,
  0xB5F7,0xB5F7,0xB5F7,0xB5F7,0xB5F7,0xB5F7,0xB5F7,0xB5F7,0xB5F7,0xB5F7,0xB5F7,0xB5F7,0xB5F7,0xB5F7,0xB5F7,0xB5F7,
  0xB5F7,0xB5F7,0xB5F7,0xB5F7,0xB5F7,0xB5F7,0xB5F7,0xB5F7,0xB5F7,0xB5F7,0xB5F7,0xB5F7,0xB5F7,0xB5F7,0xB5F7,0xB5F7,
  0xB5F7,0xB5F7,0xB5F7,0xB5F7,0xB5F7,0xB5F7,0xB5F7,0xB5F7,0xB5F7,0xB5F7,0xB5F7,0xB5F7,0xB5F7,0xB5F7,0xB5F7,0xB5F7,
  0xB5F7,0xB5F7,0xB5F7,0xB5F7,0xB5F7,0xB5F7,0xB5F7,0xB5F7,0xB5F7,0xB5F7,0xB5F7,0xB5F6,0xBE17,0xBDF7,0xB5F6,0xB5F7,
  0xB5F7,0xB5F7,0xB5F7,0xB5F7,0xBDF7,0xADB6,0x4290,0x42D3,0x3A91,0x8C93,0xCE99,0x634D,0x2104,0x4AAD,0x4AF1,0x428F,
  0x42B0,0x4AD1,0x73B0,0xFFFF,0xDFBF,0xFFFF,0x31A6,0x8C92,0xFFFF,0xE7BF,0xE7BF,0xF7FF,0xEFBE,0xB69B,0xBEDC,0xBEDC,
  0xB6BB,0xD79F,0xEFDF,0xE7BF,0xEFDF,0xE7DF,0xE7DF,0xE7DF,0xE7DF,0xE7DF,0xE7DF,0xE7DF,0xE7DF,0xEFDF,0xE7DF,0xE7DF,
  0xE7DF,0xE7DF,0xE7DF,0xE7DF,0xE7DF,0xE7DF,0xE7DF,0xE7DF,0xE7DF,0xE7DF,0xE7DF,0xE7DF,0xE7DF,0xE7DF,0xE7DF,0xE7DF,
  0xE7DF,0xE7DF,0xE7DF,0xE7DF,0xE7DF,0xE7DF,0xE7DF,0xE7DF,0xE7DF,0xE7DF,0xE7DF,0xE7DF,0xE7DF,0xE7DF,0xE7DF,0xE7DF,
  0xE7DF,0xE7DF,0xE7DF,0xE7DF,0xE7DF,0xE7DF,0xE7DF,0xE7DF,0xE7DF,0xE7DF,0xF7FF,0x73F1,0x322E,0x21AD,0x29CD,0x94F6,
  0x8475,0x42B0,0x29ED,0x2A0E,0x6B92,0xFFFF,0xE7BF,0xE7DF,0xE7DF,0xE7DF,0xE7DF,0xE7DF,0xE7DF,0xE7DF,0xE7DF,0xE7DF,
  0xE7DF,0xE7DF,0xE7DF,0xE7DF,0xE7DF,0xE7DF,0xE7DF,0xE7DF,0xE7DF,0xE7DF,0xE7DF,0xE7DF,0xE7DF,0xE7DF,0xE7DF,0xE7DF,
  0xE7DF,0xE7DF,0xE7DF,0xE7DF,0xE7DF,0xE7DF,0xE7DF,0xE7DF,0xE7DF,0xE7DF,0xE7DF,0xE7DF,0xE7DF,0xE7DF,0xE7DF,0xE7DF,
  0xE7DF,0xE7DF,0xE7DF,0xE7DF,0xE7DF,0xE7DF,0xE7DF,0xE7DF,0xE7DF,0xE7DF,0xE7DF,0xE7DF,0xE7DF,0xE7DF,0xCF9F,0xBF7F,
  0xC79F,0xC79F,0xBF5F,0xEFDF,0xEFFF,0xDFBF,0xF7FF,0xBE59,0x0882,0xEF9E,0xE7FF,0xEFFF,0xC69A,0x426C,0x4AD1,0x5B32,
  0x424E,0x31A9,0x2988,0x31C8,0x4229,0x4290,0x4291,0x428F,0xB5B6,0xBDF7,0xBDF7,0xB5F7,0xB5F7,0xB5F7,0xB5F7,0xB5F7,
  0xB5F7,0xB5F7,0xB5F7,0xB5F7,0xB5F7,0xB5F7,0xB5F7,0xB5F7,0xB5F7,0xB5F7,0xB5F7,0xB5F7,0xB5F7,0xB5F7,0xB5F7,0xB5F7,
  0xB5F7,0xB5F7,0xB5F7,0xB5F7,0xB5F7,0xB5F7,0xB5F7,0xB5F7,0xB5F7,0xB5F7,0xB5F7,0xB5F7,0xB5F7,0xB5F7,0xB5F7,0xB5F7,
  0xB5F7,0xB5F7,0xB5F7,0xB5F7,0xB5F7,0xB5F7,0xB5F7,0xB5F7,0xB5F7,0xB5F7,0xB5F7,0xB5F7,0xB5F7,0xB5F7,0xB5F7,0xB5F7,
  0xB5F7,0xB5F7,0xB5F7,0xB5F7,0xB5F7,0xB5F7,0xB5F7,0xB5F7,0xB5F7,0xB5F7,0xB5F7,0xB5F7,0xB5F7,0xB5F7,0xB5F7,0xB5F7,
  0xB5F7,0xB5F7,0xB5F7,0xB5F7,0xB5F7,0xB5F7,0xB5F7,0xB5F7,0xB5F7,0xB5F7,0xB5F7,0xB5F7,0xB5F7,0xB5F7,0xB5F7,0xB5F7,
  0xB5F7,0xB5F7,0xB5F7,0xB5F7,0xB5F7,0xB5F7,0xB5F7,0xB5F7,0xB5F7,0xB5F7,0xB5F7,0xB5F7,0xB5F7,0xB5F7,0xB5F7,0xB5F7,
  0xB5F7,0xB5F7,0xB5F7,0xB5F7,0xB5F7,0xB5F7,0xB5F7,0xB5F7,0xB5F7,0xB5F7,0xB5F7,0xB5F7,0xB5F7,0xB5F7,0xB5F7,0xB5F7,
  0xB5F7,0xB5F7,0xB5F7,0xB5F7,0xB5F7,0xB5F7,0xB5F7,0xB5F7,0xB5F7,0xB5F7,0xB5F7,0xB5F7,0xB5F6,0xB5F6,0xB5F7,0xB5F7,
  0xB5F7,0xB5F7,0xB5F7,0xB5F7,0xB5F7,0xB5F6,0x4AD0,0x42B2,0x3A71,0x5B50,0xCE99,0x634C,0x39E7,0x4AAD,0x4AD0,0x5331,
  0x428F,0x42B1,0x6B90,0xF7FF,0xDFBF,0xFFFF,0x3186,0x94B2,0xFFFF,0xE7BF,0xE7BF,0xF7FF,0xE79E,0xB69B,0xBEDC,0xBEDC,
  0xBEDC,0xDF9E,0xEFDF,0xE7BF,0xE7BF,0xE7DF,0xE7DF,0xE7DF,0xE7DF,0xE7DF,0xE7DF,0xE7DF,0xE7DF,0xE7DF,0xE7DF,0xE7DF,
  0xE7DF,0xE7DF,0xE7DF,0xE7DF,0xE7DF,0xE7DF,0xE7DF,0xE7DF,0xE7DF,0xE7DF,0xE7DF,0xE7DF,0xE7DF,0xE7DF,0xE7DF,0xE7DF,
  0xE7DF,0xE7DF,0xE7DF,0xE7DF,0xE7DF,0xE7DF,0xE7DF,0xE7DF,0xE7DF,0xE7DF,0xE7DF,0xE7DF,0xE7DF,0xE7DF,0xE7DF,0xE7DF,
  0xE7DF,0xE7DF,0xE7DF,0xE7DF,0xE7DF,0xE7DF,0xE7DF,0xE7DF,0xE7DF,0xE7DF,0xEFFF,0x73F2,0x29EE,0x21CD,0x21CD,0x94D6,
  0x8475,0x4AB0,0x29ED,0x320E,0x6B71,0xFFFF,0xE7BF,0xE7DF,0xE7DF,0xE7DF,0xE7DF,0xE7DF,0xE7DF,0xE7DF,0xE7DF,0xE7DF,
  0xE7DF,0xE7DF,0xE7DF,0xE7DF,0xE7DF,0xE7DF,0xE7DF,0xE7DF,0xE7DF,0xE7DF,0xE7DF,0xE7DF,0xE7DF,0xE7DF,0xE7DF,0xE7DF,
  0xE7DF,0xE7DF,0xE7DF,0xE7DF,0xE7DF,0xE7DF,0xE7DF,0xE7DF,0xE7DF,0xE7DF,0xE7DF,0xE7DF,0xE7DF,0xE7DF,0xE7DF,0xE7DF,
  0xE7DF,0xE7DF,0xE7DF,0xE7DF,0xE7DF,0xE7DF,0xE7DF,0xE7DF,0xE7DF,0xE7DF,0xE7DF,0xE7DF,0xDFBF,0xDFBF,0xCFBF,0xBF7F,
  0xC79F,0xC79F,0xB75F,0xEFDF,0xEFFF,0xE7BF,0xF7FF,0xB639,0x10C3,0xEF9E,0xE7FF,0xEFFF,0xCEBA,0x3A0B,0x42B0,0x5332,
  0x3A2D,0x2988,0x422B,0x31C8,0x31A7,0x428F,0x42B2,0x3A4F,0xB5B7,0xBE17,0xADB5,0xB5F6,0xBDF7,0xBDF7,0xB5F7,0xB5F7,
  0xB5F7,0xB5F7,0xB5F7,0xB5F7,0xB5F7,0xB5F7,0xB5F7,0xB5F7,0xB5F7,0xB5F7,0xB5F7,0xB5F7,0xB5F7,0xB5F7,0xB5F7,0xB5F7,
  0xB5F7,0xB5F7,0xB5F7,0xB5F7,0xB5F7,0xB5F7,0xB5F7,0xB5F7,0xB5F7,0xB5F7,0xB5F7,0xB5F7,0xB5F7,0xB5F7,0xB5F7,0xB5F7,
  0xB5F7,0xB5F7,0xB5F7,0xB5F7,0xB5F7,0xB5F7,0xB5F7,0xB5F7,0xB5F7,0xB5F7,0xB5F7,0xB5F7,0xB5F7,0xB5F7,0xB5F7,0xB5F7,
  0xB5F7,0xB5F7,0xB5F7,0xB5F7,0xB5F7,0xB5F7,0xB5F7,0xB5F7,0xB5F7,0xB5F7,0xB5F7,0xB5F7,0xB5F7,0xB5F7,0xB5F7,0xB5F7,
  0xB5F7,0xB5F7,0xB5F7,0xB5F7,0xB5F7,0xB5F7,0xB5F7,0xB5F7,0xB5F7,0xB5F7,0xB5F7,0xB5F7,0xB5F7,0xB5F7,0xB5F7,0xB5F7,
  0xB5F7,0xB5F7,0xB5F7,0xB5F7,0xB5F7,0xB5F7,0xB5F7,0xB5F7,0xB5F7,0xB5F7,0xB5F7,0xB5F7,0xB5F7,0xB5F7,0xB5F7,0xB5F7,
  0xB5F7,0xB5F7,0xB5F7,0xB5F7,0xB5F7,0xB5F7,0xB5F7,0xB5F7,0xB5F7,0xB5F7,0xB5F7,0xB5F7,0xB5F7,0xB5F7,0xB5F7,0xB5F7,
  0xB5F7,0xB5F7,0xB5F7,0xB5F7,0xB5F7,0xB5F7,0xB5F7,0xB5F7,0xB5F7,0xB5F7,0xB5F7,0xB5F7,0xB5F7,0xB5F7,0xB5F7,0xB5F7,
  0xB5F7,0xB5F7,0xB5F6,0xB5F6,0xB5D6,0xC637,0x6BD2,0x3A71,0x42B1,0x42AF,0xC658,0x634C,0x2986,0x530F,0x42B0,0x5B32,
  0x428F,0x42B1,0x6B6F,0xF7FF,0xE7BF,0xFFFF,0x3186,0x8492,0xFFFF,0xE7BF,0xE7DF,0xF7FF,0xE79E,0xB69B,0xBEDC,0xBEDC,
  0xB69B,0xDFBF,0xEFDF,0xE7DF,0xE7DF,0xE7DF,0xE7DF,0xEFDF,0xE7DF,0xE7DF,0xE7DF,0xE7DF,0xE7DF,0xE7DF,0xE7DF,0xE7DF,
  0xE7DF,0xE7DF,0xE7DF,0xE7DF,0xE7DF,0xE7DF,0xE7DF,0xE7DF,0xE7DF,0xE7DF,0xE7DF,0xE7DF,0xE7DF,0xE7DF,0xE7DF,0xE7DF,
  0xE7DF,0xE7DF,0xE7DF,0xE7DF,0xE7DF,0xE7DF,0xE7DF,0xE7DF,0xE7DF,0xE7DF,0xE7DF,0xE7DF,0xE7DF,0xE7DF,0xE7DF,0xE7DF,
  0xE7DF,0xE7DF,0xE7DF,0xE7DF,0xE7DF,0xE7DF,0xE7DF,0xE7DF,0xE7DF,0xE7DF,0xEFFF,0x6BB0,0x29ED,0x21AD,0x21AC,0x94D6,
  0x8475,0x428F,0x29ED,0x322F,0x6B91,0xFFFF,0xE7BF,0xE7DF,0xE7DF,0xE7DF,0xE7DF,0xE7DF,0xE7DF,0xE7DF,0xE7DF,0xE7DF,
  0xE7DF,0xE7DF,0xE7DF,0xE7DF,0xE7DF,0xE7DF,0xE7DF,0xE7DF,0xE7DF,0xE7DF,0xE7DF,0xE7DF,0xE7DF,0xE7DF,0xE7DF,0xE7DF,
  0xE7DF,0xE7DF,0xE7DF,0xE7DF,0xE7DF,0xE7DF,0xE7DF,0xE7DF,0xE7DF,0xE7DF,0xE7DF,0xE7DF,0xE7DF,0xE7DF,0xE7DF,0xE7DF,
  0xE7DF,0xE7DF,0xE7DF,0xE7DF,0xE7DF,0xE7DF,0xE7DF,0xE7DF,0xE7DF,0xE7DF,0xE7DF,0xE7DF,0xE7DF,0xE7FF,0xCFBF,0xBF7F,
  0xC79F,0xC79F,0xBF5F,0xEFDF,0xEFFF,0xDFBF,0xF7FF,0xB618,0x0882,0xEF9E,0xE7DF,0xEFFF,0xCEBB,0x31EA,0x42B0,0x5332,
  0x3A4E,0x2967,0x52CD,0x3A09,0x31C7,0x4270,0x42B3,0x3A50,0x7C6E,0x5365,0x846D,0xC659,0xB5D6,0xADB5,0xB5F7,0xB5F7,
  0xB5F7,0xB5F7,0xB5F7,0xB5F7,0xB5F7,0xB5F7,0xB5F7,0xB5F7,0xB5F7,0xB5F7,0xB5F7,0xB5F7,0xB5F7,0xB5F7,0xB5F7,0xB5F7,
  0xB5F7,0xB5F7,0xB5F7,0xB5F7,0xB5F7,0xB5F7,0xB5F7,0xB5F7,0xB5F7,0xB5F7,0xB5F7,0xB5F7,0xB5F7,0xB5F7,0xB5F7,0xB5F7,
  0xB5F7,0xB5F7,0xB5F7,0xB5F7,0xB5F7,0xB5F7,0xB5F7,0xB5F7,0xB5F7,0xB5F7,0xB5F7,0xB5F7,0xB5F7,0xB5F7,0xB5F7,0xB5F7,
  0xB5F7,0xB5F7,0xB5F7,0xB5F7,0xB5F7,0xB5F7,0xB5F7,0xB5F7,0xB5F7,0xB5F7,0xB5F7,0xB5F7,0xB5F7,0xB5F7,0xB5F7,0xB5F7,
  0xB5F7,0xB5F7,0xB5F7,0xB5F7,0xB5F7,0xB5F7,0xB5F7,0xB5F7,0xB5F7,0xB5F7,0xB5F7,0xB5F7,0xB5F7,0xB5F7,0xB5F7,0xB5F7,
  0xB5F7,0xB5F7,0xB5F7,0xB5F7,0xB5F7,0xB5F7,0xB5F7,0xB5F7,0xB5F7,0xB5F7,0xB5F7,0xB5F7,0xB5F7,0xB5F7,0xB5F7,0xB5F7,
  0xB5F7,0xB5F7,0xB5F7,0xB5F7,0xB5F7,0xB5F7,0xB5F7,0xB5F7,0xB5F7,0xB5F7,0xB5F7,0xB5F7,0xB5F7,0xB5F7,0xB5F7,0xB5F7,
  0xB5F7,0xB5F7,0xB5F7,0xB5F7,0xB5F7,0xB5F7,0xB5F7,0xB5F7,0xB5F7,0xB5F7,0xB5F7,0xB5F7,0xB5F7,0xB5F7,0xB5F7,0xB5F7,
  0xB5F7,0xB5F7,0xBE18,0xBE18,0xBDF7,0xC637,0x6BD2,0x3A71,0x4AF1,0x3250,0x6BD3,0x73CE,0x2104,0x4AAD,0x4AF1,0x5311,
  0x3A6F,0x3A6F,0x6B4F,0xFFFF,0xDFBF,0xFFFF,0x31A6,0x8C92,0xFFFF,0xE7BF,0xE7BF,0xF7FF,0xE79E,0xB69B,0xBEDC,0xBEDC,
  0xB69B,0xDF9F,0xEFFF,0xE7DF,0xE7DF,0xE7DF,0xE7DF,0xE7DF,0xE7DF,0xE7DF,0xE7DF,0xE7DF,0xE7DF,0xE7DF,0xE7DF,0xE7DF,
  0xE7DF,0xE7DF,0xE7DF,0xE7DF,0xE7DF,0xE7DF,0xE7DF,0xE7DF,0xEFDF,0xE7DF,0xE7DF,0xE7DF,0xE7DF,0xE7DF,0xE7DF,0xE7DF,
  0xE7DF,0xE7DF,0xE7DF,0xE7DF,0xE7DF,0xE7DF,0xE7DF,0xE7DF,0xE7DF,0xE7DF,0xE7DF,0xE7DF,0xE7DF,0xE7DF,0xE7DF,0xE7DF,
  0xE7DF,0xE7DF,0xE7DF,0xE7DF,0xE7DF,0xE7DF,0xE7DF,0xE7DF,0xE7DF,0xE7DF,0xF7FF,0x6BD1,0x29ED,0x21AC,0x21CD,0x94F6,
  0x8455,0x4290,0x29EE,0x2A0E,0x6B71,0xFFFF,0xE7BF,0xE7DF,0xE7DF,0xE7DF,0xE7DF,0xE7DF,0xE7DF,0xE7DF,0xE7DF,0xE7DF,
  0xE7DF,0xE7DF,0xE7DF,0xE7DF,0xE7DF,0xE7DF,0xE7DF,0xE7DF,0xE7DF,0xE7DF,0xE7DF,0xE7DF,0xE7DF,0xE7DF,0xE7DF,0xE7DF,
  0xE7DF,0xE7DF,0xE7DF,0xE7DF,0xE7DF,0xE7DF,0xE7DF,0xE7DF,0xE7DF,0xE7DF,0xE7DF,0xE7DF,0xE7DF,0xE7DF,0xE7DF,0xE7DF,
  0xE7DF,0xE7DF,0xE7DF,0xE7DF,0xE7DF,0xE7DF,0xE7DF,0xE7DF,0xE7DF,0xE7DF,0xE7DF,0xE7DF,0xE7DF,0xE7FF,0xCF9F,0xBF7F,
  0xC79F,0xC79F,0xBF7F,0xEFDF,0xEFFF,0xDFBF,0xF7FF,0xAE18,0x0861,0xEF7E,0xE7FF,0xEFFF,0xCEBB,0x3A2C,0x4290,0x5332,
  0x3A4D,0x31A8,0x2987,0x39C8,0x39C8,0x3A48,0x324A,0x42A8,0x4B43,0x4B44,0x9511,0x6C09,0x5344,0x8CD0,0xBDF7,0xB5F6,
  0xB5F6,0xB5F6,0xB5F7,0xB5F7,0xB5F7,0xB5F7,0xB5F7,0xB5F7,0xB5F7,0xB5F7,0xB5F7,0xB5F7,0xB5F7,0xB5F7,0xB5F7,0xB5F7,
  0xB5F7,0xB5F7,0xB5F7,0xB5F7,0xB5F7,0xB5F7,0xB5F7,0xB5F7,0xB5F7,0xB5F7,0xB5F7,0xB5F7,0xB5F7,0xB5F7,0xB5F7,0xB5F7,
  0xB5F7,0xB5F7,0xB5F7,0xB5F7,0xB5F7,0xB5F7,0xB5F7,0xB5F7,0xB5F7,0xB5F7,0xB5F7,0xB5F7,0xB5F7,0xB5F7,0xB5F7,0xB5F7,
  0xB5F7,0xB5F7,0xB5F7,0xB5F7,0xB5F7,0xB5F7,0xB5F7,0xB5F7,0xB5F7,0xB5F7,0xB5F7,0xB5F7,0xB5F7,0xB5F7,0xB5F7,0xB5F7,
  0xB5F7,0xB5F7,0xB5F7,0xB5F7,0xB5F7,0xB5F7,0xB5F7,0xB5F7,0xB5F7,0xB5F7,0xB5F7,0xB5F7,0xB5F7,0xB5F7,0xB5F7,0xB5F7,
  0xB5F7,0xB5F7,0xB5F7,0xB5F7,0xB5F7,0xB5F7,0xB5F7,0xB5F7,0xB5F7,0xB5F7,0xB5F7,0xB5F7,0xB5F7,0xB5F7,0xB5F7,0xB5F7,
  0xB5F7,0xB5F7,0xB5F7,0xB5F7,0xB5F7,0xB5F7,0xB5F7,0xB5F7,0xB5F7,0xB5F7,0xB5F7,0xB5F7,0xB5F7,0xB5F7,0xB5F7,0xB5F7,
  0xB5F7,0xB5F7,0xB5F7,0xB5F7,0xB5F7,0xB5F7,0xB5F7,0xB5F7,0xB5F7,0xB5F7,0xB5F7,0xB5F7,0xB5F7,0xB5F7,0xB5F6,0xB5F6,
  0xB5D6,0xB5F6,0x9D32,0x9D32,0xA574,0xC658,0x73F3,0x3A91,0x42D2,0x3231,0x4ACF,0x634B,0x2104,0x3A2A,0x4AF1,0x5331,
  0x428F,0x3A6F,0x6B6F,0xF7FF,0xDFBF,0xFFFF,0x2965,0x94B3,0xFFFF,0xDFBF,0xE7DF,0xF7FF,0xE79E,0xB69B,0xBEDC,0xBEDC,
  0xB6BB,0xD79F,0xEFFF,0xE7DF,0xE7DF,0xE7DF,0xE7DF,0xE7DF,0xE7DF,0xE7DF,0xE7DF,0xE7DF,0xE7DF,0xE7DF,0xE7DF,0xE7DF,
  0xE7DF,0xE7DF,0xE7DF,0xE7DF,0xE7DF,0xE7DF,0xE7DF,0xE7DF,0xE7DF,0xE7DF,0xE7DF,0xE7DF,0xE7DF,0xE7DF,0xE7DF,0xE7DF,
  0xE7DF,0xE7DF,0xE7DF,0xE7DF,0xE7DF,0xE7DF,0xE7DF,0xE7DF,0xE7DF,0xE7DF,0xE7DF,0xE7DF,0xE7DF,0xE7DF,0xE7DF,0xE7DF,
  0xE7DF,0xE7DF,0xE7DF,0xE7DF,0xE7DF,0xE7DF,0xE7DF,0xE7DF,0xE7DF,0xDFBF,0xEFDF,0x7C12,0x320E,0x21AC,0x21CD,0x94D6,
  0x8455,0x42B0,0x2A0E,0x320E,0x6B71,0xFFFF,0xE7BF,0xE7DF,0xE7DF,0xE7DF,0xE7DF,0xE7DF,0xE7DF,0xE7DF,0xE7DF,0xE7DF,
  0xE7DF,0xE7DF,0xE7DF,0xE7DF,0xE7DF,0xE7DF,0xE7DF,0xE7DF,0xE7DF,0xE7DF,0xE7DF,0xE7DF,0xE7DF,0xE7DF,0xE7DF,0xE7DF,
  0xE7DF,0xE7DF,0xE7DF,0xE7DF,0xE7DF,0xE7DF,0xE7DF,0xE7DF,0xE7DF,0xE7DF,0xE7DF,0xE7DF,0xE7DF,0xE7DF,0xE7DF,0xE7DF,
  0xE7DF,0xE7DF,0xE7DF,0xE7DF,0xE7DF,0xE7DF,0xE7DF,0xE7DF,0xE7DF,0xE7DF,0xE7DF,0xE7DF,0xE7FF,0xE7FF,0xCF9F,0xBF7F,
  0xC79F,0xC79F,0xBF7F,0xEFDF,0xEFFF,0xDFBF,0xF7FF,0xBE59,0x10A2,0xEF9E,0xE7DF,0xEFFF,0xCEBB,0x3A2C,0x426F,0x5332,
  0x3A0D,0x2988,0x2987,0x39E8,0x31A7,0x4B03,0x4B43,0x4B24,0x5364,0x5384,0x4B42,0x4321,0x9510,0xC639,0xBDF7,0xBE17,
  0xBE17,0xBDF7,0xB5F6,0xB5F6,0xB5F7,0xB5F7,0xB5F7,0xB5F7,0xB5F7,0xB5F7,0xB5F7,0xB5F7,0xB5F7,0xB5F7,0xB5F7,0xB5F7,
  0xB5F7,0xB5F7,0xB5F7,0xB5F7,0xB5F7,0xB5F7,0xB5F7,0xB5F7,0xB5F7,0xB5F7,0xB5F7,0xB5F7,0xB5F7,0xB5F7,0xB5F7,0xB5F7,
  0xB5F7,0xB5F7,0xB5F7,0xB5F7,0xB5F7,0xB5F7,0xB5F7,0xB5F7,0xB5F7,0xB5F7,0xB5F7,0xB5F7,0xB5F7,0xB5F7,0xB5F7,0xB5F7,
  0xB5F7,0xB5F7,0xB5F7,0xB5F7,0xB5F7,0xB5F7,0xB5F7,0xB5F7,0xB5F7,0xB5F7,0xB5F7,0xB5F7,0xB5F7,0xB5F7,0xB5F7,0xB5F7,
  0xB5F7,0xB5F7,0xB5F7,0xB5F7,0xB5F7,0xB5F7,0xB5F7,0xB5F7,0xB5F7,0xB5F7,0xB5F7,0xB5F7,0xB5F7,0xB5F7,0xB5F7,0xB5F7,
  0xB5F7,0xB5F7,0xB5F7,0xB5F7,0xB5F7,0xB5F7,0xB5F7,0xB5F7,0xB5F7,0xB5F7,0xB5F7,0xB5F7,0xB5F7,0xB5F7,0xB5F7,0xB5F7,
  0xB5F7,0xB5F7,0xB5F7,0xB5F7,0xB5F7,0xB5F7,0xB5F7,0xB5F7,0xB5F7,0xB5F7,0xB5F7,0xB5F7,0xB5F7,0xB5F7,0xB5F7,0xB5F7,
  0xB5F7,0xB5F7,0xB5F7,0xB5F7,0xB5F7,0xB5F7,0xB5F7,0xB5F7,0xB5F7,0xB5F7,0xB5F7,0xB5F7,0xB5F7,0xB5F6,0xBDF7,0xBE17,
  0xBE18,0xC659,0x8CAF,0x4301,0x53A3,0x7448,0x530C,0x3230,0x2A0C,0x3A85,0x42E3,0x3225,0x4249,0x428B,0x42D0,0x5331,
  0x428F,0x4270,0x634F,0xF7FF,0xDFBF,0xFFFF,0x3165,0x9492,0xFFFF,0xE7BF,0xE7BF,0xF7FF,0xE79E,0xB6BB,0xBEDC,0xBEBC,
  0xBEDC,0xDF9E,0xEFFF,0xE7DF,0xE7DF,0xE7DF,0xE7DF,0xE7DF,0xE7DF,0xE7DF,0xE7DF,0xE7DF,0xE7DF,0xE7DF,0xE7DF,0xE7DF,
  0xE7DF,0xE7DF,0xE7DF,0xE7DF,0xE7DF,0xE7DF,0xE7DF,0xE7DF,0xE7DF,0xE7DF,0xE7DF,0xE7DF,0xE7DF,0xE7DF,0xE7DF,0xE7DF,
  0xE7DF,0xE7DF,0xE7DF,0xE7DF,0xE7DF,0xE7DF,0xE7DF,0xE7DF,0xE7DF,0xE7DF,0xE7DF,0xE7DF,0xE7DF,0xE7DF,0xE7DF,0xE7DF,
  0xE7DF,0xE7DF,0xE7DF,0xE7DF,0xE7DF,0xE7DF,0xE7DF,0xE7DF,0xE7DF,0xE7DF,0xEFDF,0x6BB1,0x2A0E,0x21AD,0x21AC,0x94D6,
  0x8475,0x42B0,0x2A0E,0x2A0E,0x6B91,0xFFFF,0xDFBF,0xE7DF,0xE7DF,0xE7DF,0xE7DF,0xE7DF,0xE7DF,0xE7DF,0xE7DF,0xE7DF,
  0xE7DF,0xE7DF,0xE7DF,0xE7DF,0xE7DF,0xE7DF,0xE7DF,0xE7DF,0xE7DF,0xE7DF,0xE7DF,0xE7DF,0xE7DF,0xE7DF,0xE7DF,0xE7DF,
  0xE7DF,0xE7DF,0xE7DF,0xE7DF,0xE7DF,0xE7DF,0xE7DF,0xE7DF,0xE7DF,0xE7DF,0xE7DF,0xE7DF,0xE7DF,0xE7DF,0xE7DF,0xE7DF,
  0xE7DF,0xE7DF,0xE7DF,0xE7DF,0xE7DF,0xE7DF,0xE7DF,0xE7DF,0xE7DF,0xE7DF,0xE7DF,0xE7DF,0xE7DF,0xE7DF,0xCF9F,0xBF7F,
  0xC79F,0xC79F,0xBF7F,0xEFDF,0xEFFF,0xDFBF,0xF7FF,0xB618,0x10A3,0xEFBE,0xE7DF,0xEFFF,0xC69A,0x3A2B,0x4AB0,0x5311,
  0x3A2D,0x2988,0x31A8,0x3187,0x31A7,0x4AE4,0x4B23,0x4B44,0x5384,0x5384,0x5BC4,0x5383,0x9D32,0xADB5,0xAD95,0xAD95,
  0xAD95,0xADB5,0xBE18,0xBE18,0xBDF7,0xB5F6,0xB5F7,0xB5F7,0xB5F7,0xB5F7,0xB5F7,0xB5F7,0xB5F7,0xB5F7,0xB5F7,0xB5F7,
  0xB5F7,0xB5F7,0xB5F7,0xB5F7,0xB5F7,0xB5F7,0xB5F7,0xB5F7,0xB5F7,0xB5F7,0xB5F7,0xB5F7,0xB5F7,0xB5F7,0xB5F7,0xB5F7,
  0xB5F7,0xB5F7,0xB5F7,0xB5F7,0xB5F7,0xB5F7,0xB5F7,0xB5F7,0xB5F7,0xB5F7,0xB5F7,0xB5F7,0xB5F7,0xB5F7,0xB5F7,0xB5F7,
  0xB5F7,0xB5F7,0xB5F7,0xB5F7,0xB5F7,0xB5F7,0xB5F7,0xB5F7,0xB5F7,0xB5F7,0xB5F7,0xB5F7,0xB5F7,0xB5F7,0xB5F7,0xB5F7,
  0xB5F7,0xB5F7,0xB5F7,0xB5F7,0xB5F7,0xB5F7,0xB5F7,0xB5F7,0xB5F7,0xB5F7,0xB5F7,0xB5F7,0xB5F7,0xB5F7,0xB5F7,0xB5F7,
  0xB5F7,0xB5F7,0xB5F7,0xB5F7,0xB5F7,0xB5F7,0xB5F7,0xB5F7,0xB5F7,0xB5F7,0xB5F7,0xB5F7,0xB5F7,0xB5F7,0xB5F7,0xB5F7,
  0xB5F7,0xB5F7,0xB5F7,0xB5F7,0xB5F7,0xB5F7,0xB5F7,0xB5F7,0xB5F7,0xB5F7,0xB5F7,0xB5F7,0xB5F7,0xB5F7,0xB5F7,0xB5F7,
  0xB5F7,0xB5F7,0xB5F7,0xB5F7,0xB5F7,0xB5F7,0xB5F7,0xB5F7,0xB5F7,0xB5F7,0xB5F7,0xB5F6,0xB5F7,0xBE38,0xB5B6,0xAD74,
  0x8CAF,0x8CCE,0x84AE,0x5384,0x6403,0x5BC2,0x5382,0x42C4,0x4B43,0x53A2,0x5BC4,0x4285,0x4228,0x424A,0x4AD0,0x4AD0,
  0x42AF,0x42B0,0x634F,0xFFFF,0xDFBF,0xFFFF,0x2966,0x94B3,0xFFFF,0xE7BF,0xE7BF,0xF7FF,0xE79E,0xAE7B,0xBEDC,0xB6BB,
  0xB6BB,0xD79F,0xEFDF,0xE7DF,0xE7DF,0xE7DF,0xE7DF,0xE7DF,0xE7DF,0xE7DF,0xE7DF,0xE7DF,0xE7DF,0xE7DF,0xE7DF,0xE7DF,
  0xE7DF,0xE7DF,0xE7DF,0xE7DF,0xE7DF,0xE7DF,0xE7DF,0xE7DF,0xE7DF,0xE7DF,0xE7DF,0xE7DF,0xE7DF,0xE7DF,0xE7DF,0xE7DF,
  0xE7DF,0xE7DF,0xE7DF,0xE7DF,0xE7DF,0xE7DF,0xE7DF,0xE7DF,0xE7DF,0xE7DF,0xE7DF,0xE7DF,0xE7DF,0xE7DF,0xE7DF,0xE7DF,
  0xE7DF,0xE7DF,0xE7DF,0xE7DF,0xE7DF,0xE7DF,0xE7DF,0xE7DF,0xE7DF,0xDFBF,0xEFFF,0x73F1,0x320E,0x21AC,0x29CD,0x94B6,
  0x8475,0x428F,0x29EE,0x320F,0x6B91,0xFFFF,0xE7BF,0xE7DF,0xE7DF,0xE7DF,0xE7DF,0xE7DF,0xE7DF,0xE7DF,0xE7DF,0xE7DF,
  0xE7DF,0xE7DF,0xE7DF,0xE7DF,0xE7DF,0xE7DF,0xE7DF,0xE7DF,0xE7DF,0xE7DF,0xE7DF,0xE7DF,0xE7DF,0xE7DF,0xE7DF,0xE7DF,
  0xE7DF,0xE7DF,0xE7DF,0xE7DF,0xE7DF,0xE7DF,0xE7DF,0xE7DF,0xE7DF,0xE7DF,0xE7DF,0xE7DF,0xE7DF,0xE7DF,0xE7DF,0xE7DF,
  0xE7DF,0xE7DF,0xE7DF,0xE7DF,0xE7DF,0xE7DF,0xE7DF,0xE7DF,0xE7DF,0xE7DF,0xE7DF,0xE7DF,0xE7DF,0xE7FF,0xCF9F,0xBF7F,
  0xC79F,0xC79F,0xBF7F,0xEFDF,0xEFFF,0xDFBF,0xF7FF,0xB618,0x10A3,0xEF9E,0xE7DF,0xEFFF,0xCE9A,0x3A2B,0x42B0,0x5312,
  0x3A0D,0x2988,0x39E9,0x39E8,0x3A09,0x4B25,0x4B24,0x5344,0x5384,0x5384,0x5BA3,0x5BC3,0x5383,0x5363,0x53A3,0x5BC4,
  0x53A3,0x5BE5,0x6C29,0x84AE,0xB5F7,0xBDF7,0xB5F6,0xB5F7,0xB5F7,0xB5F7,0xB5F7,0xB5F7,0xB5F7,0xB5F7,0xB5F7,0xB5F7,
  0xB5F7,0xB5F7,0xB5F7,0xB5F7,0xB5F7,0xB5F7,0xB5F7,0xB5F7,0xB5F7,0xB5F7,0xB5F7,0xB5F7,0xB5F7,0xB5F7,0xB5F7,0xB5F7,
  0xB5F7,0xB5F7,0xB5F7,0xB5F7,0xB5F7,0xB5F7,0xB5F7,0xB5F7,0xB5F7,0xB5F7,0xB5F7,0xB5F7,0xB5F7,0xB5F7,0xB5F7,0xB5F7,
  0xB5F7,0xB5F7,0xB5F7,0xB5F7,0xB5F7,0xB5F7,0xB5F7,0xB5F7,0xB5F7,0xB5F7,0xB5F7,0xB5F7,0xB5F7,0xB5F7,0xB5F7,0xB5F7,
  0xB5F7,0xB5F7,0xB5F7,0xB5F7,0xB5F7,0xB5F7,0xB5F7,0xB5F7,0xB5F7,0xB5F7,0xB5F7,0xB5F7,0xB5F7,0xB5F7,0xB5F7,0xB5F7,
  0xB5F7,0xB5F7,0xB5F7,0xB5F7,0xB5F7,0xB5F7,0xB5F7,0xB5F7,0xB5F7,0xB5F7,0xB5F7,0xB5F7,0xB5F7,0xB5F7,0xB5F7,0xB5F7,
  0xB5F7,0xB5F7,0xB5F7,0xB5F7,0xB5F7,0xB5F7,0xB5F7,0xB5F7,0xB5F7,0xB5F7,0xB5F7,0xB5F7,0xB5F7,0xB5F7,0xB5F7,0xB5F7,
  0xB5F7,0xB5F7,0xB5F7,0xB5F7,0xB5F7,0xB5F7,0xB5F7,0xB5F7,0xB5F7,0xB5F7,0xB5F6,0xBE17,0xBDF7,0x8CD0,0x5364,0x53C3,
  0x4B81,0x4BA1,0x53A1,0x6424,0x5C04,0x6404,0x6424,0x6423,0x6423,0x5BC3,0x5BC3,0x5326,0x31A6,0x3209,0x4AF0,0x5331,
  0x42AF,0x4290,0x634F,0xFFFF,0xDFBF,0xF7FF,0x2945,0x94D3,0xFFFF,0xDFBF,0xE7BF,0xF7FF,0xE79E,0xAE7B,0xBEDC,0xB6BC,
  0xB6BB,0xDF9F,0xEFDF,0xDFBF,0xE7DF,0xE7DF,0xE7DF,0xE7DF,0xE7DF,0xE7DF,0xE7DF,0xE7DF,0xE7DF,0xE7DF,0xE7DF,0xE7DF,
  0xE7DF,0xE7DF,0xE7DF,0xE7DF,0xE7DF,0xE7DF,0xE7DF,0xE7DF,0xE7DF,0xE7DF,0xE7DF,0xE7DF,0xE7DF,0xE7DF,0xE7DF,0xE7DF,
  0xE7DF,0xE7DF,0xE7DF,0xE7DF,0xE7DF,0xE7DF,0xE7DF,0xE7DF,0xE7DF,0xE7DF,0xE7DF,0xE7DF,0xE7DF,0xE7DF,0xE7DF,0xE7DF,
  0xE7DF,0xE7DF,0xE7DF,0xE7DF,0xE7DF,0xE7DF,0xE7DF,0xE7DF,0xE7DF,0xDFBF,0xEFFF,0x73F1,0x322E,0x21AD,0x29ED,0x94D6,
  0x7C55,0x42B0,0x29EE,0x2A0E,0x6B91,0xFFFF,0xE7BF,0xE7DF,0xE7DF,0xE7DF,0xE7DF,0xE7DF,0xE7DF,0xE7DF,0xE7DF,0xE7DF,
  0xE7DF,0xE7DF,0xE7DF,0xE7DF,0xE7DF,0xE7DF,0xE7DF,0xE7DF,0xE7DF,0xE7DF,0xE7DF,0xE7DF,0xE7DF,0xE7DF,0xE7DF,0xE7DF,
  0xE7DF,0xE7DF,0xE7DF,0xE7DF,0xE7DF,0xE7DF,0xE7DF,0xE7DF,0xE7DF,0xE7DF,0xE7DF,0xE7DF,0xE7DF,0xE7DF,0xE7DF,0xE7DF,
  0xE7DF,0xE7DF,0xE7DF,0xE7DF,0xE7DF,0xE7DF,0xE7DF,0xE7DF,0xE7DF,0xE7DF,0xE7DF,0xE7DF,0xE7DF,0xE7FF,0xCF9F,0xBF7F,
  0xC77F,0xC79F,0xBF7F,0xEFFF,0xEFFF,0xDFBF,0xF7FF,0xBE59,0x10A3,0xEF9E,0xE7DF,0xEFFF,0xCE9A,0x3A2B,0x3A6F,0x5B32,
  0x320C,0x2988,0x31A7,0x31A7,0x2987,0x4B04,0x4B43,0x4B44,0x5364,0x5384,0x5383,0x53A3,0x5BE4,0x5C03,0x5BE2,0x5C03,
  0x6423,0x6444,0x5C03,0x53A2,0x63E7,0xB5D6,0xBDF7,0xB5F6,0xB5F7,0xB5F7,0xB5F7,0xB5F7,0xB5F7,0xB5F7,0xB5F7,0xB5F7,
  0xB5F7,0xB5F7,0xB5F7,0xB5F7,0xB5F7,0xB5F7,0xB5F7,0xB5F7,0xB5F7,0xB5F7,0xB5F7,0xB5F7,0xB5F7,0xB5F7,0xB5F7,0xB5F7,
  0xB5F7,0xB5F7,0xB5F7,0xB5F7,0xB5F7,0xB5F7,0xB5F7,0xB5F7,0xB5F7,0xB5F7,0xB5F7,0xB5F7,0xB5F7,0xB5F7,0xB5F7,0xB5F7,
  0xB5F7,0xB5F7,0xB5F7,0xB5F7,0xB5F7,0xB5F7,0xB5F7,0xB5F7,0xB5F7,0xB5F7,0xB5F7,0xB5F7,0xB5F7,0xB5F7,0xB5F7,0xB5F7,
  0xB5F7,0xB5F7,0xB5F7,0xB5F7,0xB5F7,0xB5F7,0xB5F7,0xB5F7,0xB5F7,0xB5F7,0xB5F7,0xB5F7,0xB5F7,0xB5F7,0xB5F7,0xB5F7,
  0xB5F7,0xB5F7,0xB5F7,0xB5F7,0xB5F7,0xB5F7,0xB5F7,0xB5F7,0xB5F7,0xB5F7,0xB5F7,0xB5F7,0xB5F7,0xB5F7,0xB5F7,0xB5F7,
  0xB5F7,0xB5F7,0xB5F7,0xB5F7,0xB5F7,0xB5F7,0xB5F7,0xB5F7,0xB5F7,0xB5F7,0xB5F7,0xB5F7,0xB5F7,0xB5F7,0xB5F7,0xB5F7,
  0xB5F7,0xB5F7,0xB5F7,0xB5F7,0xB5F7,0xB5F7,0xB5F7,0xB5F7,0xB5F7,0xB5F6,0xBE17,0x9D52,0x5BC6,0x53C2,0x6423,0x6443,
  0x6424,0x6424,0x6424,0x6444,0x6404,0x6403,0x5BE4,0x5C04,0x5BC4,0x5C04,0x6423,0x4AE6,0x2966,0x3A2A,0x42B0,0x5311,
  0x42B0,0x4290,0x634F,0xF7FF,0xDF9F,0xFFFF,0x2986,0x94B2,0xFFFF,0xE7BF,0xE7BF,0xF7FF,0xE79E,0xB69B,0xBEDC,0xB6BC,
  0xB69B,0xDFBF,0xEFDF,0xE7BF,0xE7DF,0xE7DF,0xE7DF,0xE7DF,0xE7DF,0xE7DF,0xE7DF,0xE7DF,0xE7DF,0xE7DF,0xE7DF,0xE7DF,
  0xE7DF,0xE7DF,0xE7DF,0xE7DF,0xE7DF,0xE7DF,0xE7DF,0xE7DF,0xE7DF,0xE7DF,0xE7DF,0xE7DF,0xE7DF,0xE7DF,0xE7DF,0xE7DF,
  0xE7DF,0xE7DF,0xE7DF,0xE7DF,0xE7DF,0xE7DF,0xE7DF,0xE7DF,0xE7DF,0xE7DF,0xE7DF,0xE7DF,0xE7DF,0xE7DF,0xE7DF,0xE7DF,
  0xE7DF,0xE7DF,0xE7DF,0xE7DF,0xE7DF,0xE7DF,0xE7DF,0xE7DF,0xE7DF,0xDFDF,0xF7FF,0x6BB1,0x29EE,0x21AC,0x29CD,0x8CB6,
  0x8475,0x42B0,0x29ED,0x21CD,0x6B91,0xFFFF,0xDFBF,0xE7DF,0xE7DF,0xE7DF,0xE7DF,0xE7DF,0xE7DF,0xE7DF,0xE7DF,0xE7DF,
  0xE7DF,0xE7DF,0xE7DF,0xE7DF,0xE7DF,0xE7DF,0xE7DF,0xE7DF,0xE7DF,0xE7DF,0xE7DF,0xE7DF,0xE7DF,0xE7DF,0xE7DF,0xE7DF,
  0xE7DF,0xE7DF,0xE7DF,0xE7DF,0xE7DF,0xE7DF,0xE7DF,0xE7DF,0xE7DF,0xE7DF,0xE7DF,0xE7DF,0xE7DF,0xE7DF,0xE7DF,0xE7DF,
  0xE7DF,0xE7DF,0xE7DF,0xE7DF,0xE7DF,0xE7DF,0xE7DF,0xE7DF,0xE7DF,0xE7DF,0xE7DF,0xE7DF,0xE7DF,0xE7DF,0xCF9F,0xBF7F,
  0xBF7F,0xBF7F,0xBF7F,0xEFFF,0xEFFF,0xDF9F,0xF7FF,0xA5B7,0x0882,0xEF9E,0xE7DF,0xEFFF,0xC69A,0x424C,0x4290,0x5332,
  0x320C,0x2987,0x31A7,0x31C7,0x4249,0x42E4,0x5344,0x4B24,0x4B43,0x5363,0x5383,0x5BA3,0x5BE4,0x5BE3,0x5BC3,0x5BE3,
  0x6404,0x6424,0x6424,0x6C85,0x5C02,0x8CAE,0xBE18,0xB5F6,0xB5F7,0xB5F7,0xB5F7,0xB5F7,0xB5F7,0xB5F7,0xB5F7,0xB5F7,
  0xB5F7,0xB5F7,0xB5F7,0xB5F7,0xB5F7,0xB5F7,0xB5F7,0xB5F7,0xB5F7,0xB5F7,0xB5F7,0xB5F7,0xB5F7,0xB5F7,0xB5F7,0xB5F7,
  0xB5F7,0xB5F7,0xB5F7,0xB5F7,0xB5F7,0xB5F7,0xB5F7,0xB5F7,0xB5F7,0xB5F7,0xB5F7,0xB5F7,0xB5F7,0xB5F7,0xB5F7,0xB5F7,
  0xB5F7,0xB5F7,0xB5F7,0xB5F7,0xB5F7,0xB5F7,0xB5F7,0xB5F7,0xB5F7,0xB5F7,0xB5F7,0xB5F7,0xB5F7,0xB5F7,0xB5F7,0xB5F7,
  0xB5F7,0xB5F7,0xB5F7,0xB5F7,0xB5F7,0xB5F7,0xB5F7,0xB5F7,0xB5F7,0xB5F7,0xB5F7,0xB5F7,0xB5F7,0xB5F7,0xB5F7,0xB5F7,
  0xB5F7,0xB5F7,0xB5F7,0xB5F7,0xB5F7,0xB5F7,0xB5F7,0xB5F7,0xB5F7,0xB5F7,0xB5F7,0xB5F7,0xB5F7,0xB5F7,0xB5F7,0xB5F7,
  0xB5F7,0xB5F7,0xB5F7,0xB5F7,0xB5F7,0xB5F7,0xB5F7,0xB5F7,0xB5F7,0xB5F7,0xB5F7,0xB5F7,0xB5F7,0xB5F7,0xB5F7,0xB5F7,
  0xB5F7,0xB5F7,0xB5F7,0xB5F7,0xB5F7,0xB5F7,0xB5F7,0xB5F7,0xB5F7,0xB5F6,0xBE18,0x84AD,0x53C1,0x6444,0x6423,0x6423,
  0x5C03,0x5C02,0x6403,0x6404,0x6403,0x5C03,0x5BE4,0x5BE4,0x6403,0x5BE3,0x6404,0x3A84,0x2965,0x3A2A,0x42B0,0x52F1,
  0x4AD0,0x3A6F,0x632F,0xFFFF,0xDFBF,0xFFFF,0x2945,0x94B2,0xFFFF,0xDF7E,0xE7DF,0xF7FF,0xE79E,0xB69B,0xBEDC,0xB6BB,
  0xB6BB,0xD79F,0xE7DF,0xE7DF,0xE7DF,0xE7DF,0xE7DF,0xE7DF,0xE7DF,0xE7DF,0xE7DF,0xE7DF,0xE7DF,0xE7DF,0xE7DF,0xE7DF,
  0xE7DF,0xE7DF,0xE7DF,0xE7DF,0xE7DF,0xE7DF,0xE7DF,0xE7DF,0xE7DF,0xE7DF,0xE7DF,0xE7DF,0xE7DF,0xE7DF,0xE7DF,0xE7DF,
  0xE7DF,0xE7DF,0xE7DF,0xE7DF,0xE7DF,0xE7DF,0xE7DF,0xE7DF,0xE7DF,0xE7DF,0xE7DF,0xE7DF,0xE7DF,0xE7DF,0xE7DF,0xE7DF,
  0xE7DF,0xE7DF,0xE7DF,0xE7DF,0xE7DF,0xE7DF,0xE7DF,0xE7DF,0xE7DF,0xDFBF,0xEFDF,0x6BD1,0x322F,0x21AC,0x29ED,0x8C96,
  0x8455,0x4290,0x2A0E,0x21AD,0x6350,0xFFFF,0xDFBF,0xE7DF,0xE7DF,0xE7DF,0xE7DF,0xE7DF,0xE7DF,0xE7DF,0xE7DF,0xE7DF,
  0xE7DF,0xE7DF,0xE7DF,0xE7DF,0xE7DF,0xE7DF,0xE7DF,0xE7DF,0xE7DF,0xE7DF,0xE7DF,0xE7DF,0xE7DF,0xE7DF,0xE7DF,0xE7DF,
  0xE7DF,0xE7DF,0xE7DF,0xE7DF,0xE7DF,0xE7DF,0xE7DF,0xE7DF,0xE7DF,0xE7DF,0xE7DF,0xE7DF,0xE7DF,0xE7DF,0xE7DF,0xE7DF,
  0xE7DF,0xE7DF,0xE7DF,0xE7DF,0xE7DF,0xE7DF,0xE7DF,0xE7DF,0xE7DF,0xE7DF,0xE7DF,0xE7DF,0xE7DF,0xE7DF,0xC79F,0xBF7F,
  0xBF7F,0xBF7F,0xBF7F,0xEFFF,0xEFFF,0xDFBF,0xF7FF,0xB5F8,0x10A2,0xEF9E,0xE7DF,0xEFFF,0xC67A,0x3A2B,0x42B0,0x5312,
  0x3A2D,0x29A8,0x3187,0x31A7,0x39E7,0x4AE4,0x4B43,0x5344,0x5344,0x5363,0x5383,0x5BA4,0x5BC3,0x5BE3,0x5BE3,0x5BE4,
  0x6404,0x6424,0x6424,0x6445,0x6C64,0x6C08,0xBDF7,0xB5F6,0xB5F7,0xB5F7,0xB5F7,0xB5F7,0xB5F7,0xB5F7,0xB5F7,0xB5F7,
  0xB5F7,0xB5F7,0xB5F7,0xB5F7,0xB5F7,0xB5F7,0xB5F7,0xB5F7,0xB5F7,0xB5F7,0xB5F7,0xB5F7,0xB5F7,0xB5F7,0xB5F7,0xB5F7,
  0xB5F7,0xB5F7,0xB5F7,0xB5F7,0xB5F7,0xB5F7,0xB5F7,0xB5F7,0xB5F7,0xB5F7,0xB5F7,0xB5F7,0xB5F7,0xB5F7,0xB5F7,0xB5F7,
  0xB5F7,0xB5F7,0xB5F7,0xB5F7,0xB5F7,0xB5F7,0xB5F7,0xB5F7,0xB5F7,0xB5F7,0xB5F7,0xB5F7,0xB5F7,0xB5F7,0xB5F7,0xB5F7,
  0xB5F7,0xB5F7,0xB5F7,0xB5F7,0xB5F7,0xB5F7,0xB5F7,0xB5F7,0xB5F7,0xB5F7,0xB5F7,0xB5F7,0xB5F7,0xB5F7,0xB5F7,0xB5F7,
  0xB5F7,0xB5F7,0xB5F7,0xB5F7,0xB5F7,0xB5F7,0xB5F7,0xB5F7,0xB5F7,0xB5F7,0xB5F7,0xB5F7,0xB5F7,0xB5F7,0xB5F7,0xB5F7,
  0xB5F7,0xB5F7,0xB5F7,0xB5F7,0xB5F7,0xB5F7,0xB5F7,0xB5F7,0xB5F7,0xB5F7,0xB5F7,0xB5F7,0xB5F7,0xB5F7,0xB5F7,0xB5F7,
  0xB5F7,0xB5F7,0xB5F7,0xB5F7,0xB5F7,0xB5F7,0xB5F7,0xB5F7,0xB5F6,0xBDF7,0xC638,0x94F1,0x5BC3,0x6443,0x5C02,0x5C02,
  0x5C03,0x5C03,0x6403,0x5C03,0x5C03,0x5BE3,0x5BE4,0x5C04,0x5C03,0x5BE4,0x6403,0x42C5,0x2985,0x426B,0x42AF,0x5331,
  0x4AB0,0x5312,0x634F,0xFFFF,0xDFBF,0xFFFF,0x2965,0x94B3,0xFFFF,0xE7BF,0xEFDF,0xF7FF,0xE79E,0xAE7B,0xBEDC,0xBEDC,
  0xB69B,0xD79F,0xEFDF,0xE7DF,0xE7DF,0xE7DF,0xE7DF,0xE7DF,0xE7DF,0xE7DF,0xE7DF,0xE7DF,0xE7DF,0xE7DF,0xE7DF,0xE7DF,
  0xE7DF,0xE7DF,0xE7DF,0xE7DF,0xE7DF,0xE7DF,0xE7DF,0xE7DF,0xE7DF,0xE7DF,0xE7DF,0xE7DF,0xE7DF,0xE7DF,0xE7DF,0xE7DF,
  0xE7DF,0xE7DF,0xE7DF,0xE7DF,0xE7DF,0xE7DF,0xE7DF,0xE7DF,0xE7DF,0xE7DF,0xE7DF,0xE7DF,0xE7DF,0xE7DF,0xE7DF,0xE7DF,
  0xE7DF,0xE7DF,0xE7DF,0xE7DF,0xE7DF,0xE7DF,0xE7DF,0xE7DF,0xE7DF,0xE7DF,0xEFDF,0x73D1,0x2A0E,0x21AC,0x29CD,0x8CB6,
  0x8455,0x428F,0x29EE,0x29EE,0x73D2,0xFFFF,0xDFBF,0xE7DF,0xE7DF,0xE7DF,0xE7DF,0xE7DF,0xE7DF,0xE7DF,0xE7DF,0xE7DF,
  0xE7DF,0xE7DF,0xE7DF,0xE7DF,0xE7DF,0xE7DF,0xE7DF,0xE7DF,0xE7DF,0xE7DF,0xE7DF,0xE7DF,0xE7DF,0xE7DF,0xE7DF,0xE7DF,
  0xE7DF,0xE7DF,0xE7DF,0xE7DF,0xE7DF,0xE7DF,0xE7DF,0xE7DF,0xE7DF,0xE7DF,0xE7DF,0xE7DF,0xE7DF,0xE7DF,0xE7DF,0xE7DF,
  0xE7DF,0xE7DF,0xE7DF,0xE7DF,0xE7DF,0xE7DF,0xE7DF,0xE7DF,0xE7DF,0xE7DF,0xE7DF,0xE7DF,0xE7DF,0xE7DF,0xC79F,0xBF7F,
  0xBF7F,0xC79F,0xBF5F,0xEFDF,0xEFFF,0xDF9F,0xF7FF,0xB5F8,0x10A3,0xEF9E,0xE7DF,0xEFFF,0xC69A,0x3A2B,0x42B0,0x5B32,
  0x3A2D,0x2988,0x3187,0x31A7,0x31C7,0x42E4,0x5364,0x5364,0x4B44,0x5363,0x5383,0x53A3,0x5BC3,0x5BE3,0x5BE4,0x5BE4,
  0x6424,0x6424,0x6424,0x6444,0x53C2,0x94F0,0xBE18,0xB5F6,0xB5F7,0xB5F7,0xB5F7,0xB5F7,0xB5F7,0xB5F7,0xB5F7,0xB5F7,
  0xB5F7,0xB5F7,0xB5F7,0xB5F7,0xB5F7,0xB5F7,0xB5F7,0xB5F7,0xB5F7,0xB5F7,0xB5F7,0xB5F7,0xB5F7,0xB5F7,0xB5F7,0xB5F7,
  0xB5F7,0xB5F7,0xB5F7,0xB5F7,0xB5F7,0xB5F7,0xB5F7,0xB5F7,0xB5F7,0xB5F7,0xB5F7,0xB5F7,0xB5F7,0xB5F7,0xB5F7,0xB5F7,
  0xB5F7,0xB5F7,0xB5F7,0xB5F7,0xB5F7,0xB5F7,0xB5F7,0xB5F7,0xB5F7,0xB5F7,0xB5F7,0xB5F7,0xB5F7,0xB5F7,0xB5F7,0xB5F7,
  0xB5F7,0xB5F7,0xB5F7,0xB5F7,0xB5F7,0xB5F7,0xB5F7,0xB5F7,0xB5F7,0xB5F7,0xB5F7,0xB5F7,0xB5F7,0xB5F7,0xB5F7,0xB5F7,
  0xB5F7,0xB5F7,0xB5F7,0xB5F7,0xB5F7,0xB5F7,0xB5F7,0xB5F7,0xB5F7,0xB5F7,0xB5F7,0xB5F7,0xB5F7,0xB5F7,0xB5F7,0xB5F7,
  0xB5F7,0xB5F7,0xB5F7,0xB5F7,0xB5F7,0xB5F7,0xB5F7,0xB5F7,0xB5F7,0xB5F7,0xB5F7,0xB5F7,0xB5F7,0xB5F7,0xB5F7,0xB5F7,
  0xB5F7,0xB5F7,0xB5F7,0xB5F7,0xB5F7,0xB5F7,0xB5F7,0xB5F6,0xBDF7,0xB5D7,0x7C8C,0x53A3,0x6444,0x6423,0x6423,0x5C02,
  0x5C03,0x6404,0x6404,0x5C03,0x5BE4,0x6404,0x6424,0x6403,0x5BE4,0x5C04,0x5BE3,0x5346,0x3186,0x52ED,0x42AF,0x5331,
  0x4AB0,0x5312,0x6B70,0xF7FF,0xDFBF,0xFFFF,0x2945,0x94B2,0xFFFF,0xE7BF,0xE7DF,0xF7FF,0xE79E,0xAE7A,0xBEDC,0xB6BC,
  0xB6BC,0xD79F,0xE7DF,0xE7DF,0xE7DF,0xE7DF,0xE7DF,0xE7DF,0xE7DF,0xE7DF,0xE7DF,0xE7DF,0xE7DF,0xE7DF,0xE7DF,0xE7DF,
  0xE7DF,0xE7DF,0xE7DF,0xE7DF,0xE7DF,0xE7DF,0xE7DF,0xE7DF,0xE7DF,0xE7DF,0xE7DF,0xE7DF,0xE7DF,0xE7DF,0xE7DF,0xE7DF,
  0xE7DF,0xE7DF,0xE7DF,0xE7DF,0xE7DF,0xE7DF,0xE7DF,0xE7DF,0xE7DF,0xE7DF,0xE7DF,0xE7DF,0xE7DF,0xE7DF,0xE7DF,0xE7DF,
  0xE7DF,0xE7DF,0xE7DF,0xE7DF,0xE7DF,0xE7DF,0xE7DF,0xE7DF,0xE7DF,0xE7DF,0xEFDF,0x6BD1,0x29EE,0x21AC,0x29CD,0x94B6,
  0x7C55,0x42B0,0x29ED,0x29EE,0x6BB2,0xFFFF,0xE7BF,0xE7DF,0xE7DF,0xE7DF,0xE7DF,0xE7DF,0xE7DF,0xE7DF,0xE7DF,0xE7DF,
  0xE7DF,0xE7DF,0xE7DF,0xE7DF,0xE7DF,0xE7DF,0xE7DF,0xE7DF,0xE7DF,0xE7DF,0xE7DF,0xE7DF,0xE7DF,0xE7DF,0xE7DF,0xE7DF,
  0xE7DF,0xE7DF,0xE7DF,0xE7DF,0xE7DF,0xE7DF,0xE7DF,0xE7DF,0xE7DF,0xE7DF,0xE7DF,0xE7DF,0xE7DF,0xE7DF,0xE7DF,0xE7DF,
  0xE7DF,0xE7DF,0xE7DF,0xE7DF,0xE7DF,0xE7DF,0xE7DF,0xE7DF,0xE7DF,0xE7DF,0xE7DF,0xE7DF,0xDFBF,0xE7DF,0xCF9F,0xBF7F,
  0xC79F,0xBF7F,0xB75F,0xEFDF,0xEFFF,0xDFBF,0xF7FF,0xADF7,0x0882,0xEF9E,0xE7DF,0xEFFF,0xC69A,0x424C,0x4AD1,0x5332,
  0x322D,0x31A8,0x39C8,0x31A7,0x31A7,0x42C4,0x5345,0x5365,0x4B44,0x5364,0x5383,0x53A3,0x5BC4,0x5BE4,0x5BE3,0x5BE3,
  0x6425,0x5C04,0x63E7,0x6C07,0x848C,0xB5F7,0xB5F7,0xB5F7,0xB5F7,0xB5F7,0xB5F7,0xB5F7,0xB5F7,0xB5F7,0xB5F7,0xB5F7,
  0xB5F7,0xB5F7,0xB5F7,0xB5F7,0xB5F7,0xB5F7,0xB5F7,0xB5F7,0xB5F7,0xB5F7,0xB5F7,0xB5F7,0xB5F7,0xB5F7,0xB5F7,0xB5F7,
  0xB5F7,0xB5F7,0xB5F7,0xB5F7,0xB5F7,0xB5F7,0xB5F7,0xB5F7,0xB5F7,0xB5F7,0xB5F7,0xB5F7,0xB5F7,0xB5F7,0xB5F7,0xB5F7,
  0xB5F7,0xB5F7,0xB5F7,0xB5F7,0xB5F7,0xB5F7,0xB5F7,0xB5F7,0xB5F7,0xB5F7,0xB5F7,0xB5F7,0xB5F7,0xB5F7,0xB5F7,0xB5F7,
  0xB5F7,0xB5F7,0xB5F7,0xB5F7,0xB5F7,0xB5F7,0xB5F7,0xB5F7,0xB5F7,0xB5F7,0xB5F7,0xB5F7,0xB5F7,0xB5F7,0xB5F7,0xB5F7,
  0xB5F7,0xB5F7,0xB5F7,0xB5F7,0xB5F7,0xB5F7,0xB5F7,0xB5F7,0xB5F7,0xB5F7,0xB5F7,0xB5F7,0xB5F7,0xB5F7,0xB5F7,0xB5F7,
  0xB5F7,0xB5F7,0xB5F7,0xB5F7,0xB5F7,0xB5F7,0xB5F7,0xB5F7,0xB5F7,0xB5F7,0xB5F7,0xB5F7,0xB5F7,0xB5F7,0xB5F7,0xB5F7,
  0xB5F7,0xB5F7,0xB5F7,0xB5F7,0xB5F7,0xB5F7,0xB5F6,0xBDF7,0xB5D7,0x7468,0x53E2,0x5C03,0x6444,0x5C02,0x53A0,0x53C1,
  0x6404,0x6403,0x6404,0x5BE4,0x5BE4,0x5BC3,0x4B81,0x5BC3,0x5BC5,0x5BC4,0x5C03,0x42C5,0x2945,0x3A2A,0x4AF1,0x5B52,
  0x4AB0,0x4290,0x632F,0xFFFF,0xDFBF,0xFFFF,0x2966,0x94B3,0xFFFF,0xE7BF,0xE7BF,0xF7FF,0xE79E,0xAE7B,0xB6BB,0xB6BB,
  0xB6BB,0xDF9F,0xEFDF,0xE7BF,0xE7DF,0xE7DF,0xDF9E,0xE7DF,0xE7DF,0xE7DF,0xE7DF,0xE7DF,0xE7DF,0xE7DF,0xE7DF,0xE7DF,
  0xE7DF,0xE7DF,0xE7DF,0xE7DF,0xE7DF,0xE7DF,0xE7DF,0xE7DF,0xE7DF,0xE7DF,0xE7DF,0xE7DF,0xE7DF,0xE7DF,0xE7DF,0xE7DF,
  0xE7DF,0xE7DF,0xE7DF,0xE7DF,0xE7DF,0xE7DF,0xE7DF,0xE7DF,0xE7DF,0xE7DF,0xE7DF,0xE7DF,0xE7DF,0xDFDF,0xE7DF,0xE7DF,
  0xE7DF,0xE7DF,0xE7DF,0xE7DF,0xE7DF,0xE7DF,0xE7DF,0xE7DF,0xE7DF,0xDFDF,0xEFFF,0x6BB1,0x29EE,0x21AC,0x29CD,0x94F7,
  0x8455,0x42B0,0x29ED,0x21CE,0x6BB2,0xFFFF,0xDFBF,0xE7DF,0xE7DF,0xE7DF,0xE7DF,0xE7DF,0xE7DF,0xE7DF,0xE7DF,0xE7DF,
  0xE7DF,0xE7DF,0xE7DF,0xE7DF,0xE7DF,0xE7DF,0xE7DF,0xE7DF,0xE7DF,0xE7DF,0xE7DF,0xE7DF,0xE7DF,0xE7DF,0xE7DF,0xE7DF,
  0xE7DF,0xE7DF,0xE7DF,0xE7DF,0xE7DF,0xE7DF,0xE7DF,0xE7DF,0xE7DF,0xE7DF,0xE7DF,0xE7DF,0xE7DF,0xE7DF,0xE7DF,0xE7DF,
  0xE7DF,0xE7DF,0xE7DF,0xE7DF,0xE7DF,0xE7DF,0xE7DF,0xE7DF,0xE7DF,0xE7DF,0xE7DF,0xE7DF,0xE7DF,0xE7FF,0xC79F,0xBF7F,
  0xC79F,0xBF7F,0xBF7F,0xEFDF,0xEFFF,0xDFBF,0xF7FF,0xADF8,0x0882,0xEF9E,0xE7DF,0xEFFF,0xCE9A,0x424C,0x4AD1,0x5312,
  0x320C,0x29A8,0x39C8,0x3187,0x39E8,0x42E4,0x4B44,0x4B24,0x4B24,0x4B43,0x5364,0x4B62,0x4B82,0x53C4,0x5BC4,0x5C04,
  0x6425,0x53C3,0x9D32,0xBE18,0xBE18,0xBDF7,0xB5F7,0xB5F7,0xB5F7,0xB5F7,0xB5F7,0xB5F7,0xB5F7,0xB5F7,0xB5F7,0xB5F7,
  0xB5F7,0xB5F7,0xB5F7,0xB5F7,0xB5F7,0xB5F7,0xB5F7,0xB5F7,0xB5F7,0xB5F7,0xB5F7,0xB5F7,0xB5F7,0xB5F7,0xB5F7,0xB5F7,
  0xB5F7,0xB5F7,0xB5F7,0xB5F7,0xB5F7,0xB5F7,0xB5F7,0xB5F7,0xB5F7,0xB5F7,0xB5F7,0xB5F7,0xB5F7,0xB5F7,0xB5F7,0xB5F7,
  0xB5F7,0xB5F7,0xB5F7,0xB5F7,0xB5F7,0xB5F7,0xB5F7,0xB5F7,0xB5F7,0xB5F7,0xB5F7,0xB5F7,0xB5F7,0xB5F7,0xB5F7,0xB5F7,
  0xB5F7,0xB5F7,0xB5F7,0xB5F7,0xB5F7,0xB5F7,0xB5F7,0xB5F7,0xB5F7,0xB5F7,0xB5F7,0xB5F7,0xB5F7,0xB5F7,0xB5F7,0xB5F7,
  0xB5F7,0xB5F7,0xB5F7,0xB5F7,0xB5F7,0xB5F7,0xB5F7,0xB5F7,0xB5F7,0xB5F7,0xB5F7,0xB5F7,0xB5F7,0xB5F7,0xB5F7,0xB5F7,
  0xB5F7,0xB5F7,0xB5F7,0xB5F7,0xB5F7,0xB5F7,0xB5F7,0xB5F7,0xB5F7,0xB5F7,0xB5F7,0xB5F7,0xB5F7,0xB5F7,0xB5F7,0xB5F7,
  0xB5F7,0xB5F7,0xB5F7,0xB5F7,0xB5F7,0xB5F7,0xB5F6,0xBDF7,0x6C28,0x5C02,0x6424,0x6404,0x5C02,0x5382,0x6C08,0x5BA5,
  0x5BE3,0x6423,0x6424,0x5BE3,0x4B62,0x5385,0x7C8B,0x5364,0x4B82,0x5BA5,0x5BE4,0x3A84,0x3186,0x5B4F,0x4AD0,0x6372,
  0x42B0,0x42B0,0x634F,0xF7FF,0xDFBF,0xF7FF,0x2966,0x94F4,0xFFFF,0xE7BF,0xE7DF,0xF7FF,0xE77E,0xAE7B,0xB6BC,0xB6BB,
  0xB6BB,0xD79E,0xEFDF,0xE7DF,0xE7DF,0xE7DF,0xE7DF,0xE7DF,0xE7DF,0xE7DF,0xE7DF,0xE7DF,0xE7DF,0xE7DF,0xE7DF,0xE7DF,
  0xE7DF,0xE7DF,0xE7DF,0xE7DF,0xE7DF,0xE7DF,0xE7DF,0xE7DF,0xE7DF,0xE7DF,0xE7DF,0xE7DF,0xE7DF,0xE7DF,0xE7DF,0xE7DF,
  0xE7DF,0xE7DF,0xE7DF,0xE7DF,0xE7DF,0xE7DF,0xE7DF,0xE7DF,0xE7DF,0xE7DF,0xE7DF,0xE7DF,0xE7DF,0xE7DF,0xE7DF,0xE7DF,
  0xE7DF,0xE7DF,0xE7DF,0xE7DF,0xE7DF,0xE7DF,0xE7DF,0xE7DF,0xE7DF,0xDFBF,0xEFDF,0x6BB1,0x29EE,0x21AC,0x29ED,0x94D6,
  0x7C55,0x42B0,0x29ED,0x21CD,0x6350,0xFFFF,0xE7DF,0xE7DF,0xE7DF,0xE7DF,0xE7DF,0xE7DF,0xE7DF,0xE7DF,0xE7DF,0xE7DF,
  0xE7DF,0xE7DF,0xE7DF,0xE7DF,0xE7DF,0xE7DF,0xE7DF,0xE7DF,0xE7DF,0xE7DF,0xE7DF,0xE7DF,0xE7DF,0xE7DF,0xE7DF,0xE7DF,
  0xE7DF,0xE7DF,0xE7DF,0xE7DF,0xE7DF,0xE7DF,0xE7DF,0xE7DF,0xE7DF,0xE7DF,0xE7DF,0xE7DF,0xE7DF,0xE7DF,0xE7DF,0xE7DF,
  0xE7DF,0xE7DF,0xE7DF,0xE7DF,0xE7DF,0xE7DF,0xE7DF,0xE7DF,0xE7DF,0xE7DF,0xE7DF,0xE7DF,0xDFBF,0xE7DF,0xC79F,0xB77F,
  0xBF9F,0xBF7F,0xB77F,0xEFFF,0xEFFF,0xDFBF,0xF7FF,0xB618,0x1082,0xEF9E,0xE7DF,0xEFFF,0xCE9A,0x39EB,0x42B1,0x5312,
  0x3A2D,0x2988,0x31A8,0x31A7,0x31A7,0x4B05,0x4B43,0x4B24,0x4B24,0x4B44,0x4302,0x5BA6,0x6C08,0x4B62,0x53C3,0x5C05,
  0x6426,0x5C03,0x7C6B,0xBE18,0xB5D6,0xB5F7,0xB5F7,0xB5F7,0xB5F7,0xB5F7,0xB5F7,0xB5F7,0xB5F7,0xB5F7,0xB5F7,0xB5F7,
  0xB5F7,0xB5F7,0xB5F7,0xB5F7,0xB5F7,0xB5F7,0xB5F7,0xB5F7,0xB5F7,0xB5F7,0xB5F7,0xB5F7,0xB5F7,0xB5F7,0xB5F7,0xB5F7,
  0xB5F7,0xB5F7,0xB5F7,0xB5F7,0xB5F7,0xB5F7,0xB5F7,0xB5F7,0xB5F7,0xB5F7,0xB5F7,0xB5F7,0xB5F7,0xB5F7,0xB5F7,0xB5F7,
  0xB5F7,0xB5F7,0xB5F7,0xB5F7,0xB5F7,0xB5F7,0xB5F7,0xB5F7,0xB5F7,0xB5F7,0xB5F7,0xB5F7,0xB5F7,0xB5F7,0xB5F7,0xB5F7,
  0xB5F7,0xB5F7,0xB5F7,0xB5F7,0xB5F7,0xB5F7,0xB5F7,0xB5F7,0xB5F7,0xB5F7,0xB5F7,0xB5F7,0xB5F7,0xB5F7,0xB5F7,0xB5F7,
  0xB5F7,0xB5F7,0xB5F7,0xB5F7,0xB5F7,0xB5F7,0xB5F7,0xB5F7,0xB5F7,0xB5F7,0xB5F7,0xB5F7,0xB5F7,0xB5F7,0xB5F7,0xB5F7,
  0xB5F7,0xB5F7,0xB5F7,0xB5F7,0xB5F7,0xB5F7,0xB5F7,0xB5F7,0xB5F7,0xB5F7,0xB5F7,0xB5F7,0xB5F7,0xB5F7,0xB5F7,0xB5F7,
  0xB5F7,0xB5F7,0xB5F7,0xB5F7,0xB5F7,0xB5F7,0xBDF7,0xB5B6,0x5BE4,0x6C85,0x6424,0x5C03,0x6BE8,0xA553,0xC65A,0x63C8,
  0x4B60,0x53C3,0x4B82,0x6C47,0x848C,0x7C11,0x8475,0xA554,0x6C09,0x5383,0x4324,0x31E5,0x3186,0x426C,0x4AD0,0x5B52,
  0x42AF,0x4290,0x636F,0xF7FF,0xDFBF,0xFFFF,0x2966,0x9CF4,0xFFFF,0xE7BF,0xE7DF,0xF7FF,0xE79E,0xAE7A,0xB6BB,0xB6BB,
  0xBEBC,0xD77E,0xEFDF,0xE7DF,0xE7DF,0xE7DF,0xE7DF,0xE7DF,0xE7DF,0xE7DF,0xE7DF,0xE7DF,0xE7DF,0xE7DF,0xE7DF,0xE7DF,
  0xE7DF,0xE7DF,0xE7DF,0xE7DF,0xE7DF,0xE7DF,0xE7DF,0xE7DF,0xE7DF,0xE7DF,0xE7DF,0xE7DF,0xE7DF,0xE7DF,0xE7DF,0xE7DF,
  0xE7DF,0xE7DF,0xE7DF,0xE7DF,0xE7DF,0xE7DF,0xE7DF,0xE7DF,0xE7DF,0xE7DF,0xE7DF,0xE7DF,0xE7DF,0xE7DF,0xE7DF,0xE7DF,
  0xE7DF,0xE7DF,0xE7DF,0xE7DF,0xE7DF,0xE7DF,0xE7DF,0xE7DF,0xE7DF,0xE7DF,0xE79E,0x73F2,0x2A0E,0x218C,0x29CD,0x94B6,
  0x8455,0x42B0,0x21CD,0x322F,0x7C34,0xEFFF,0xE7BF,0xE7DF,0xE7DF,0xDFBF,0xE7DF,0xE7DF,0xE7DF,0xE7DF,0xE7DF,0xE7DF,
  0xE7DF,0xE7DF,0xE7DF,0xE7DF,0xE7DF,0xE7DF,0xE7DF,0xE7DF,0xE7DF,0xE7DF,0xE7DF,0xE7DF,0xE7DF,0xE7DF,0xE7DF,0xE7DF,
  0xE7DF,0xE7DF,0xE7DF,0xE7DF,0xE7DF,0xE7DF,0xE7DF,0xE7DF,0xE7DF,0xE7DF,0xE7DF,0xE7DF,0xE7DF,0xE7DF,0xE7DF,0xE7DF,
  0xE7DF,0xE7DF,0xE7DF,0xE7DF,0xE7DF,0xE7DF,0xE7DF,0xE7DF,0xE7DF,0xE7DF,0xE7DF,0xE7DF,0xDFDF,0xE7FF,0xC79F,0xBF7F,
  0xC79F,0xBF7F,0xB75F,0xEFDF,0xEFFF,0xDFBF,0xEFFF,0xBE59,0x1082,0xEF9E,0xE7DF,0xEFFF,0xCE9A,0x3A2C,0x42B1,0x5312,
  0x3A4D,0x2988,0x2987,0x31A7,0x4229,0x42C3,0x4302,0x42C4,0x3AC3,0x4303,0x63C7,0x73F1,0x6BB3,0x7C2C,0x5384,0x4B82,
  0x53C4,0x53A4,0x9D52,0xBE17,0xB5F6,0xB5F7,0xB5F7,0xB5F7,0xB5F7,0xB5F7,0xB5F7,0xB5F7,0xB5F7,0xB5F7,0xB5F7,0xB5F7,
  0xB5F7,0xB5F7,0xB5F7,0xB5F7,0xB5F7,0xB5F7,0xB5F7,0xB5F7,0xB5F7,0xB5F7,0xB5F7,0xB5F7,0xB5F7,0xB5F7,0xB5F7,0xB5F7,
  0xB5F7,0xB5F7,0xB5F7,0xB5F7,0xB5F7,0xB5F7,0xB5F7,0xB5F7,0xB5F7,0xB5F7,0xB5F7,0xB5F7,0xB5F7,0xB5F7,0xB5F7,0xB5F7,
  0xB5F7,0xB5F7,0xB5F7,0xB5F7,0xB5F7,0xB5F7,0xB5F7,0xB5F7,0xB5F7,0xB5F7,0xB5F7,0xB5F7,0xB5F7,0xB5F7,0xB5F7,0xB5F7,
  0xB5F7,0xB5F7,0xB5F7,0xB5F7,0xB5F7,0xB5F7,0xB5F7,0xB5F7,0xB5F7,0xB5F7,0xB5F7,0xB5F7,0xB5F7,0xB5F7,0xB5F7,0xB5F7,
  0xB5F7,0xB5F7,0xB5F7,0xB5F7,0xB5F7,0xB5F7,0xB5F7,0xB5F7,0xB5F7,0xB5F7,0xB5F7,0xB5F7,0xB5F7,0xB5F7,0xB5F7,0xB5F7,
  0xB5F7,0xB5F7,0xB5F7,0xB5F7,0xB5F7,0xB5F7,0xB5F7,0xB5F7,0xB5F7,0xB5F7,0xB5F7,0xB5F7,0xB5F7,0xB5F7,0xB5F7,0xB5F7,
  0xB5F7,0xB5F7,0xB5F7,0xB5F7,0xB5F7,0xB5F7,0xBDF7,0xB5F7,0x744A,0x5C05,0x6406,0x9510,0xBE18,0xBE17,0xBDF7,0xAD94,
  0x5385,0x4B64,0x7C4C,0x8C93,0x6B93,0x2A31,0x21F0,0x4290,0xAD76,0x9D30,0x742A,0x6BAC,0x39E8,0x426B,0x4AF1,0x5B52,
  0x42AF,0x4290,0x634F,0xF7FF,0xDFBF,0xF7FF,0x2966,0x9CF4,0xFFFF,0xE7BF,0xE7DF,0xF7FF,0xE77E,0xAE7A,0xB6BC,0xB6BB,
  0xB6BC,0xD77E,0xEFDF,0xE7DF,0xE7DF,0xE7DF,0xE7DF,0xE7DF,0xE7DF,0xE7DF,0xE7DF,0xE7DF,0xE7DF,0xE7DF,0xE7DF,0xE7DF,
  0xE7DF,0xE7DF,0xE7DF,0xE7DF,0xE7DF,0xE7DF,0xE7DF,0xE7DF,0xE7DF,0xE7DF,0xE7DF,0xE7DF,0xE7DF,0xE7DF,0xE7DF,0xE7DF,
  0xE7DF,0xE7DF,0xE7DF,0xE7DF,0xE7DF,0xE7DF,0xE7DF,0xE7DF,0xE7DF,0xE7DF,0xE7DF,0xE7DF,0xE7DF,0xE7DF,0xE7DF,0xE7DF,
  0xE7DF,0xE7DF,0xE7DF,0xE7DF,0xE7DF,0xE7DF,0xE7DF,0xE7DF,0xE7DF,0xE7DF,0xEFDE,0x6BB1,0x29EE,0x21AC,0x29CD,0x94D6,
  0x8455,0x42B0,0x29ED,0x21CD,0x6BB2,0xFFFF,0xDFBF,0xE7DF,0xE7DF,0xE7DF,0xE7DF,0xE7DF,0xE7DF,0xE7DF,0xE7DF,0xE7DF,
  0xE7DF,0xE7DF,0xE7DF,0xE7DF,0xE7DF,0xE7DF,0xE7DF,0xE7DF,0xE7DF,0xE7DF,0xE7DF,0xE7DF,0xE7DF,0xE7DF,0xE7DF,0xE7DF,
  0xE7DF,0xE7DF,0xE7DF,0xE7DF,0xE7DF,0xE7DF,0xE7DF,0xE7DF,0xE7DF,0xE7DF,0xE7DF,0xE7DF,0xE7DF,0xE7DF,0xE7DF,0xE7DF,
  0xE7DF,0xE7DF,0xE7DF,0xE7DF,0xE7DF,0xE7DF,0xE7DF,0xE7DF,0xE7DF,0xE7DF,0xE7DF,0xE7DF,0xE7DF,0xE7FF,0xC79F,0xBF7F,
  0xC77F,0xBF7F,0xBF7F,0xEFFF,0xEFFF,0xDFBF,0xEFFF,0xBE79,0x10A2,0xEF9E,0xE7DF,0xEFFF,0xCEBB,0x426C,0x42B1,0x5312,
  0x3A4D,0x2988,0x31A8,0x31A7,0x31C8,0x740D,0x8CCF,0x84AF,0x84AE,0x8C90,0x73F2,0x21D0,0x19AF,0x3231,0x6BB1,0x7C4C,
  0x5BA7,0xA573,0xBDF7,0xB5F6,0xB5F7,0xB5F7,0xB5F7,0xB5F7,0xB5F7,0xB5F7,0xB5F7,0xB5F7,0xB5F7,0xB5F7,0xB5F7,0xB5F7,
  0xB5F7,0xB5F7,0xB5F7,0xB5F7,0xB5F7,0xB5F7,0xB5F7,0xB5F7,0xB5F7,0xB5F7,0xB5F7,0xB5F7,0xB5F7,0xB5F7,0xB5F7,0xB5F7,
  0xB5F7,0xB5F7,0xB5F7,0xB5F7,0xB5F7,0xB5F7,0xB5F7,0xB5F7,0xB5F7,0xB5F7,0xB5F7,0xB5F7,0xB5F7,0xB5F7,0xB5F7,0xB5F7,
  0xB5F7,0xB5F7,0xB5F7,0xB5F7,0xB5F7,0xB5F7,0xB5F7,0xB5F7,0xB5F7,0xB5F7,0xB5F7,0xB5F7,0xB5F7,0xB5F7,0xB5F7,0xB5F7,
  0xB5F7,0xB5F7,0xB5F7,0xB5F7,0xB5F7,0xB5F7,0xB5F7,0xB5F7,0xB5F7,0xB5F7,0xB5F7,0xB5F7,0xB5F7,0xB5F7,0xB5F7,0xB5F7,
  0xB5F7,0xB5F7,0xB5F7,0xB5F7,0xB5F7,0xB5F7,0xB5F7,0xB5F7,0xB5F7,0xB5F7,0xB5F7,0xB5F7,0xB5F7,0xB5F7,0xB5F7,0xB5F7,
  0xB5F7,0xB5F7,0xB5F7,0xB5F7,0xB5F7,0xB5F7,0xB5F7,0xB5F7,0xB5F7,0xB5F7,0xB5F7,0xB5F7,0xB5F7,0xB5F7,0xB5F7,0xB5F7,
  0xB5F7,0xB5F7,0xB5F7,0xB5F7,0xB5F7,0xB5F7,0xB5F7,0xBDF7,0xBDF7,0xAD95,0xB5D6,0xBE18,0xB5F6,0xB5F6,0xB5F6,0xBE17,
  0xB5D6,0xBDF6,0x6BB3,0x21CF,0x2A31,0x3A91,0x3AB2,0x2A51,0x2A0F,0x5311,0x6BB4,0x5B0F,0x426A,0x3A2B,0x4AF1,0x5331,
  0x4AF0,0x4AF1,0x632F,0xFFFF,0xDFBF,0xFFFF,0x3186,0x94F4,0xFFFF,0xE7BF,0xE7BF,0xF7FF,0xE79E,0xAE7A,0xB6BC,0xBEBC,
  0xB6BC,0xD79E,0xEFDF,0xE7DF,0xE7DF,0xE7DF,0xE7DF,0xE7DF,0xE7DF,0xE7DF,0xE7DF,0xE7DF,0xE7DF,0xE7DF,0xE7DF,0xE7DF,
  0xE7DF,0xE7DF,0xE7DF,0xE7DF,0xE7DF,0xE7DF,0xE7DF,0xE7DF,0xE7DF,0xE7DF,0xE7DF,0xE7DF,0xE7DF,0xE7DF,0xE7DF,0xE7DF,
  0xE7DF,0xE7DF,0xE7DF,0xE7DF,0xE7DF,0xE7DF,0xE7DF,0xE7DF,0xE7DF,0xE7DF,0xE7DF,0xE7DF,0xE7DF,0xE7DF,0xE7DF,0xE7DF,
  0xE7DF,0xE7DF,0xE7DF,0xE7DF,0xE7DF,0xE7DF,0xE7DF,0xE7DF,0xE7DF,0xDFBF,0xE79E,0x73D1,0x2A0E,0x21AC,0x29CD,0x8CB6,
  0x8455,0x42B0,0x29ED,0x21AD,0x6330,0xFFFF,0xDFBF,0xE7DF,0xE7DF,0xE7DF,0xE7DF,0xE7DF,0xE7DF,0xE7DF,0xE7DF,0xE7DF,
  0xE7DF,0xE7DF,0xE7DF,0xE7DF,0xE7DF,0xE7DF,0xE7DF,0xE7DF,0xE7DF,0xE7DF,0xE7DF,0xE7DF,0xE7DF,0xE7DF,0xE7DF,0xE7DF,
  0xE7DF,0xE7DF,0xE7DF,0xE7DF,0xE7DF,0xE7DF,0xE7DF,0xE7DF,0xE7DF,0xE7DF,0xE7DF,0xE7DF,0xE7DF,0xE7DF,0xE7DF,0xE7DF,
  0xE7DF,0xE7DF,0xE7DF,0xE7DF,0xE7DF,0xE7DF,0xE7DF,0xE7DF,0xE7DF,0xE7DF,0xE7DF,0xE7DF,0xE7DF,0xE7FF,0xC79F,0xBF7F,
  0xBF9F,0xBF7F,0xB75F,0xEFFF,0xEFFF,0xDFBF,0xF7FF,0xBE59,0x10A2,0xEF9E,0xE7DF,0xEFFF,0xCE9A,0x31EB,0x42D1,0x5312,
  0x3A2D,0x2987,0x31A8,0x39E8,0x31C7,0x426F,0x42B0,0x3A4F,0x4291,0x3230,0x19B0,0x2A31,0x3252,0x2A31,0x2212,0x3A71,
  0xA556,0xC638,0xB5F6,0xB5F7,0xB5F7,0xB5F7,0xB5F7,0xB5F7,0xB5F7,0xB5F7,0xB5F7,0xB5F7,0xB5F7,0xB5F7,0xB5F7,0xB5F7,
  0xB5F7,0xB5F7,0xB5F7,0xB5F7,0xB5F7,0xB5F7,0xB5F7,0xB5F7,0xB5F7,0xB5F7,0xB5F7,0xB5F7,0xB5F7,0xB5F7,0xB5F7,0xB5F7,
  0xB5F7,0xB5F7,0xB5F7,0xB5F7,0xB5F7,0xB5F7,0xB5F7,0xB5F7,0xB5F7,0xB5F7,0xB5F7,0xB5F7,0xB5F7,0xB5F7,0xB5F7,0xB5F7,
  0xB5F7,0xB5F7,0xB5F7,0xB5F7,0xB5F7,0xB5F7,0xB5F7,0xB5F7,0xB5F7,0xB5F7,0xB5F7,0xB5F7,0xB5F7,0xB5F7,0xB5F7,0xB5F7,
  0xB5F7,0xB5F7,0xB5F7,0xB5F7,0xB5F7,0xB5F7,0xB5F7,0xB5F7,0xB5F7,0xB5F7,0xB5F7,0xB5F7,0xB5F7,0xB5F7,0xB5F7,0xB5F7,
  0xB5F7,0xB5F7,0xB5F7,0xB5F7,0xB5F7,0xB5F7,0xB5F7,0xB5F7,0xB5F7,0xB5F7,0xB5F7,0xB5F7,0xB5F7,0xB5F7,0xB5F7,0xB5F7,
  0xB5F7,0xB5F7,0xB5F7,0xB5F7,0xB5F7,0xB5F7,0xB5F7,0xB5F7,0xB5F7,0xB5F7,0xB5F7,0xB5F7,0xB5F7,0xB5F7,0xB5F7,0xB5F7,
  0xB5F7,0xB5F7,0xB5F7,0xB5F7,0xB5F7,0xB5F7,0xB5F7,0xB5F7,0xB5F6,0xBE17,0xBDF7,0xB5F6,0xB5F7,0xB5F7,0xB5F7,0xB5F6,
  0xB5F7,0xC637,0x8CB3,0x2A30,0x3A92,0x3272,0x3272,0x3A92,0x3293,0x3251,0x2A52,0x218B,0x31A6,0x320A,0x5312,0x5B52,
  0x42B0,0x4290,0x634F,0xFFFF,0xDFBF,0xFFFF,0x31A7,0x9D14,0xFFFF,0xE7BF,0xE7DF,0xF7FF,0xE79E,0xAE5A,0xB6DC,0xB6DC,
  0xAE9B,0xDF9F,0xDF9E,0xE7DF,0xE7DF,0xE7DF,0xE7DF,0xE7DF,0xE7DF,0xE7DF,0xE7DF,0xE7DF,0xE7DF,0xE7DF,0xE7DF,0xE7DF,
  0xE7DF,0xE7DF,0xE7DF,0xE7DF,0xE7DF,0xE7DF,0xE7DF,0xE7DF,0xE7DF,0xE7DF,0xE7DF,0xE7DF,0xE7DF,0xE7DF,0xE7DF,0xE7DF,
  0xE7DF,0xE7DF,0xE7DF,0xE7DF,0xE7BF,0xE7DF,0xE7DF,0xE7DF,0xE7DF,0xE7DF,0xE7DF,0xE7DF,0xE7DF,0xE7DF,0xE7DF,0xE7DF,
  0xE7DF,0xE7DF,0xE7DF,0xE7DF,0xE7DF,0xE7DF,0xE7DF,0xE7DF,0xE7DF,0xE7DF,0xE7DF,0x63B0,0x2A0E,0x21AC,0x29CD,0x8CB6,
  0x8455,0x4AD0,0x29ED,0x21CE,0x6350,0xFFFF,0xDFBF,0xE7DF,0xE7DF,0xE7DF,0xE7DF,0xE7DF,0xE7DF,0xE7DF,0xE7DF,0xE7DF,
  0xE7DF,0xE7DF,0xE7DF,0xE7DF,0xE7DF,0xE7DF,0xE7DF,0xE7DF,0xE7DF,0xE7DF,0xE7DF,0xE7DF,0xE7DF,0xE7DF,0xE7DF,0xE7DF,
  0xE7DF,0xE7DF,0xE7DF,0xE7DF,0xE7DF,0xE7DF,0xE7DF,0xE7DF,0xE7DF,0xE7DF,0xE7DF,0xE7DF,0xE7DF,0xE7DF,0xE7DF,0xE7DF,
  0xE7DF,0xE7DF,0xE7DF,0xE7DF,0xE7DF,0xE7DF,0xE7DF,0xE7DF,0xE7DF,0xE7DF,0xE7DF,0xE7DF,0xE7DF,0xE7DF,0xC79F,0xBF7F,
  0xBF7F,0xBF9F,0xB75F,0xEFFF,0xEFFF,0xDFBF,0xF7FF,0xB639,0x10A3,0xEF9E,0xE7DF,0xEFFF,0xCEBA,0x31EB,0x4AF1,0x5312,
  0x3A2D,0x31C9,0x3188,0x31C8,0x39E8,0x2A0F,0x2A11,0x21F0,0x21F0,0x2A31,0x3272,0x2A31,0x2A11,0x3252,0x3253,0x3A90,
  0xB5F6,0xB5F6,0xB5F7,0xB5F7,0xB5F7,0xB5F7,0xB5F7,0xB5F7,0xB5F7,0xB5F7,0xB5F7,0xB5F7,0xB5F7,0xB5F7,0xB5F7,0xB5F7,
  0xB5F7,0xB5F7,0xB5F7,0xB5F7,0xB5F7,0xB5F7,0xB5F7,0xB5F7,0xB5F7,0xB5F7,0xB5F7,0xB5F7,0xB5F7,0xB5F7,0xB5F7,0xB5F7,
  0xB5F7,0xB5F7,0xB5F7,0xB5F7,0xB5F7,0xB5F7,0xB5F7,0xB5F7,0xB5F7,0xB5F7,0xB5F7,0xB5F7,0xB5F7,0xB5F7,0xB5F7,0xB5F7,
  0xB5F7,0xB5F7,0xB5F7,0xB5F7,0xB5F7,0xB5F7,0xB5F7,0xB5F7,0xB5F7,0xB5F7,0xB5F7,0xB5F7,0xB5F7,0xB5F7,0xB5F7,0xB5F7,
  0xB5F7,0xB5F7,0xB5F7,0xB5F7,0xB5F7,0xB5F7,0xB5F7,0xB5F7,0xB5F7,0xB5F7,0xB5F7,0xB5F7,0xB5F7,0xB5F7,0xB5F7,0xB5F7,
  0xB5F7,0xB5F7,0xB5F7,0xB5F7,0xB5F7,0xB5F7,0xB5F7,0xB5F7,0xB5F7,0xB5F7,0xB5F7,0xB5F7,0xB5F7,0xB5F7,0xB5F7,0xB5F7,
  0xB5F7,0xB5F7,0xB5F7,0xB5F7,0xB5F7,0xB5F7,0xB5F7,0xB5F7,0xB5F7,0xB5F7,0xB5F7,0xB5F7,0xB5F7,0xB5F7,0xB5F7,0xB5F7,
  0xB5F7,0xB5F7,0xB5F7,0xB5F7,0xB5F7,0xB5F7,0xB5F7,0xB5F7,0xB5F7,0xB5F6,0xB5F7,0xB5F7,0xB5F7,0xB5F7,0xB5F7,0xB5F7,
  0xB5F7,0xB5D6,0xC658,0x7C12,0x2A10,0x3AB3,0x3272,0x3292,0x3272,0x3A92,0x3AB3,0x320D,0x31C7,0x320B,0x4AF1,0x5311,
  0x4AF1,0x4290,0x632F,0xFFFF,0xDFBF,0xFFFF,0x31A6,0x9CF4,0xFFFF,0xE7BF,0xE7DF,0xF7FF,0xE79E,0xAE7A,0xBEDC,0xB6BC,
  0xB69B,0xD79F,0xEFDF,0xE7DF,0xE7DF,0xE7DF,0xE7DF,0xE7DF,0xE7DF,0xE7DF,0xE7DF,0xE7DF,0xE7DF,0xE7DF,0xE7DF,0xE7DF,
  0xE7DF,0xE7DF,0xE7DF,0xE7DF,0xE7DF,0xE7DF,0xE7DF,0xE7DF,0xE7DF,0xE7DF,0xE7BF,0xE7DF,0xE7DF,0xE7DF,0xE7DF,0xE7DF,
  0xE7DF,0xE7DF,0xE7DF,0xE7DF,0xE7DF,0xE7DF,0xE7DF,0xE7DF,0xE7DF,0xE7DF,0xE7DF,0xE7DF,0xE7DF,0xE7DF,0xE7DF,0xE7DF,
  0xE7DF,0xE7DF,0xE7DF,0xE7DF,0xE7DF,0xE7DF,0xE7DF,0xE7DF,0xE7DF,0xE7DF,0xE7DE,0x6390,0x320F,0x21AC,0x29ED,0x94B6,
  0x8475,0x4AD1,0x29ED,0x29EE,0x6371,0xF7FF,0xDFBF,0xE7DF,0xE7DF,0xE7DF,0xE7DF,0xE7DF,0xE7DF,0xE7DF,0xE7DF,0xE7DF,
  0xE7DF,0xE7DF,0xE7DF,0xE7DF,0xE7DF,0xE7DF,0xE7DF,0xE7DF,0xE7DF,0xE7DF,0xE7DF,0xE7DF,0xE7DF,0xE7DF,0xE7DF,0xE7DF,
  0xE7DF,0xE7DF,0xE7DF,0xE7DF,0xE7DF,0xE7DF,0xE7DF,0xE7DF,0xE7DF,0xE7DF,0xE7DF,0xE7DF,0xE7DF,0xE7DF,0xE7DF,0xE7DF,
  0xE7DF,0xE7DF,0xE7DF,0xE7DF,0xE7DF,0xE7DF,0xE7DF,0xE7DF,0xE7DF,0xE7DF,0xE7DF,0xE7DF,0xE7DF,0xE7FF,0xC79F,0xB77F,
  0xBF7F,0xBF7F,0xB75F,0xEFFF,0xEFFF,0xDFBF,0xF7FF,0xB639,0x10A3,0xEF9E,0xE7DF,0xEFFF,0xCEBA,0x3A0B,0x4AD1,0x5311,
  0x3A2D,0x31C9,0x2988,0x2987,0x39C8,0x322F,0x2A52,0x2A31,0x3251,0x3252,0x3252,0x2A31,0x2A31,0x3273,0x2A12,0x73F2,
  0xC637,0xB5D6,0xB5F7,0xB5F7,0xB5F7,0xB5F7,0xB5F7,0xB5F7,0xB5F7,0xB5F7,0xB5F7,0xB5F7,0xB5F7,0xB5F7,0xB5F7,0xB5F7,
  0xB5F7,0xB5F7,0xB5F7,0xB5F7,0xB5F7,0xB5F7,0xB5F7,0xB5F7,0xB5F7,0xB5F7,0xB5F7,0xB5F7,0xB5F7,0xB5F7,0xB5F7,0xB5F7,
  0xB5F7,0xB5F7,0xB5F7,0xB5F7,0xB5F7,0xB5F7,0xB5F7,0xB5F7,0xB5F7,0xB5F7,0xB5F7,0xB5F7,0xB5F7,0xB5F7,0xB5F7,0xB5F7,
  0xB5F7,0xB5F7,0xB5F7,0xB5F7,0xB5F7,0xB5F7,0xB5F7,0xB5F7,0xB5F7,0xB5F7,0xB5F7,0xB5F7,0xB5F7,0xB5F7,0xB5F7,0xB5F7,
  0xB5F7,0xB5F7,0xB5F7,0xB5F7,0xB5F7,0xB5F7,0xB5F7,0xB5F7,0xB5F7,0xB5F7,0xB5F7,0xB5F7,0xB5F7,0xB5F7,0xB5F7,0xB5F7,
  0xB5F7,0xB5F7,0xB5F7,0xB5F7,0xB5F7,0xB5F7,0xB5F7,0xB5F7,0xB5F7,0xB5F7,0xB5F7,0xB5F7,0xB5F7,0xB5F7,0xB5F7,0xB5F7,
  0xB5F7,0xB5F7,0xB5F7,0xB5F7,0xB5F7,0xB5F7,0xB5F7,0xB5F7,0xB5F7,0xB5F7,0xB5F7,0xB5F7,0xB5F7,0xB5F7,0xB5F7,0xB5F7,
  0xB5F7,0xB5F7,0xB5F7,0xB5F7,0xB5F7,0xB5F7,0xB5F7,0xB5F7,0xB5F7,0xB5F7,0xB5F7,0xB5F7,0xB5F7,0xB5F7,0xB5F7,0xB5F7,
  0xB5F7,0xB5F7,0xB5F7,0xBE17,0x52F0,0x3272,0x3A92,0x3292,0x3292,0x3272,0x3293,0x3A6F,0x39C7,0x4AAE,0x4AD0,0x4AF1,
  0x4AF1,0x4290,0x634F,0xF7FF,0xDFBF,0xF7FF,0x31A7,0xA555,0xF7FF,0xDFBF,0xE7BF,0xF7FF,0xDF7E,0xAE7B,0xB6BC,0xB6BB,
  0xB6BB,0xD79F,0xEFDF,0xE7DF,0xE7DF,0xE7DF,0xE7DF,0xE7DF,0xE7DF,0xE7DF,0xE7DF,0xE7DF,0xE7DF,0xE7DF,0xE7DF,0xE7DF,
  0xE7DF,0xE7DF,0xE7DF,0xE7DF,0xE7DF,0xE7DF,0xE7DF,0xE7DF,0xE7DF,0xE7DF,0xDFBF,0xE7DF,0xE7DF,0xE7DF,0xE7DF,0xE7DF,
  0xE7DF,0xDFBF,0xDFBF,0xE7DF,0xE7DF,0xE7DF,0xE7DF,0xE7DF,0xE7DF,0xE7DF,0xE7DF,0xE7DF,0xE7DF,0xE7DF,0xE7DF,0xE7DF,
  0xE7DF,0xE7DF,0xE7DF,0xE7DF,0xE7DF,0xE7DF,0xE7DF,0xE7DF,0xE7DF,0xE7DF,0xE7DE,0x5B70,0x29EE,0x21AD,0x29ED,0x8C96,
  0x7C55,0x4AD0,0x29ED,0x29CE,0x6371,0xFFFF,0xDFBF,0xE7DF,0xE7DF,0xE7DF,0xE7DF,0xE7DF,0xE7DF,0xE7DF,0xE7DF,0xE7DF,
  0xE7DF,0xE7DF,0xE7DF,0xE7DF,0xE7DF,0xE7DF,0xE7DF,0xE7DF,0xE7DF,0xE7DF,0xE7DF,0xE7DF,0xE7DF,0xE7DF,0xE7DF,0xE7DF,
  0xE7DF,0xE7DF,0xE7DF,0xE7DF,0xE7DF,0xE7DF,0xE7DF,0xE7DF,0xE7DF,0xE7DF,0xE7DF,0xE7DF,0xE7DF,0xE7DF,0xE7DF,0xE7DF,
  0xE7DF,0xE7DF,0xE7DF,0xE7DF,0xE7DF,0xE7DF,0xE7DF,0xE7DF,0xE7DF,0xE7DF,0xE7DF,0xE7DF,0xE7DF,0xEFFF,0xC79F,0xB77F,
  0xBF7F,0xBF7F,0xB75F,0xEFFF,0xEFFF,0xDFBF,0xF7FF,0xB639,0x0882,0xEF7E,0xE7FF,0xEFFF,0xC6BA,0x3A0B,0x4AD1,0x5312,
  0x3A2D,0x29A8,0x2988,0x3187,0x31A7,0x322F,0x2A32,0x2A11,0x2A31,0x3252,0x2A32,0x2A31,0x3252,0x3A93,0x2A11,0x8CB4,
  0xC637,0xB5D6,0xB5F7,0xB5F7,0xB5F7,0xB5F7,0xB5F7,0xB5F7,0xB5F7,0xB5F7,0xB5F7,0xB5F7,0xB5F7,0xB5F7,0xB5F7,0xB5F7,
  0xB5F7,0xB5F7,0xB5F7,0xB5F7,0xB5F7,0xB5F7,0xB5F7,0xB5F7,0xB5F7,0xB5F7,0xB5F7,0xB5F7,0xB5F7,0xB5F7,0xB5F7,0xB5F7,
  0xB5F7,0xB5F7,0xB5F7,0xB5F7,0xB5F7,0xB5F7,0xB5F7,0xB5F7,0xB5F7,0xB5F7,0xB5F7,0xB5F7,0xB5F7,0xB5F7,0xB5F7,0xB5F7,
  0xB5F7,0xB5F7,0xB5F7,0xB5F7,0xB5F7,0xB5F7,0xB5F7,0xB5F7,0xB5F7,0xB5F7,0xB5F7,0xB5F7,0xB5F7,0xB5F7,0xB5F7,0xB5F7,
  0xB5F7,0xB5F7,0xB5F7,0xB5F7,0xB5F7,0xB5F7,0xB5F7,0xB5F7,0xB5F7,0xB5F7,0xB5F7,0xB5F7,0xB5F7,0xB5F7,0xB5F7,0xB5F7,
  0xB5F7,0xB5F7,0xB5F7,0xB5F7,0xB5F7,0xB5F7,0xB5F7,0xB5F7,0xB5F7,0xB5F7,0xB5F7,0xB5F7,0xB5F7,0xB5F7,0xB5F7,0xB5F7,
  0xB5F7,0xB5F7,0xB5F7,0xB5F7,0xB5F7,0xB5F7,0xB5F7,0xB5F7,0xB5F7,0xB5F7,0xB5F7,0xB5F7,0xB5F7,0xB5F7,0xB5F7,0xB5F7,
  0xB5F7,0xB5F7,0xB5F7,0xB5F7,0xB5F7,0xB5F7,0xB5F7,0xB5F7,0xB5F7,0xB5F7,0xB5F7,0xB5F7,0xB5F7,0xB5F7,0xB5F7,0xB5F7,
  0xB5F7,0xB5F7,0xB5D6,0xC637,0x8C93,0x2A31,0x3AB2,0x3272,0x3292,0x3272,0x3A93,0x29ED,0x39C7,0x3A2B,0x4AF1,0x5311,
  0x4AD0,0x42B0,0x6B4F,0xF7FF,0xDFBF,0xF7FF,0x2986,0x9D34,0xF7FF,0xE7BF,0xE7DF,0xF7FF,0xE79E,0xAE7B,0xBEDC,0xB6BC,
  0xB69B,0xD79F,0xEFDF,0xE7DF,0xE7DF,0xE7DF,0xE7DF,0xE7DF,0xE7DF,0xE7DF,0xE7DF,0xE7DF,0xE7DF,0xE7DF,0xE7DF,0xE7DF,
  0xE7DF,0xE7DF,0xE7DF,0xE7DF,0xE7DF,0xE7DF,0xE7DF,0xE7DF,0xE7DF,0xE7DF,0xE7DF,0xE7DF,0xE7DF,0xE7DF,0xE7DF,0xE7DF,
  0xE7DF,0xE7DF,0xE7DF,0xE7DF,0xE7DF,0xE7DF,0xE7DF,0xE7DF,0xE7DF,0xE7DF,0xE7DF,0xE7DF,0xE7DF,0xE7DF,0xE7DF,0xE7DF,
  0xE7DF,0xE7DF,0xE7DF,0xE7DF,0xE7DF,0xE7DF,0xE7DF,0xE7DF,0xE7DF,0xE7DF,0xE7BE,0x5B4F,0x29EE,0x21CD,0x29ED,0x8CB6,
  0x7C55,0x4AF1,0x29ED,0x21CE,0x6350,0xFFFF,0xDFBF,0xE7DF,0xE7DF,0xE7DF,0xE7DF,0xE7DF,0xE7DF,0xE7DF,0xE7DF,0xE7DF,
  0xE7DF,0xE7DF,0xE7DF,0xE7DF,0xE7DF,0xE7DF,0xE7DF,0xE7DF,0xE7DF,0xE7DF,0xE7DF,0xE7DF,0xE7DF,0xE7DF,0xE7DF,0xE7DF,
  0xE7DF,0xE7DF,0xE7DF,0xE7DF,0xE7DF,0xE7DF,0xE7DF,0xE7DF,0xE7DF,0xE7DF,0xE7DF,0xE7DF,0xE7DF,0xE7DF,0xE7DF,0xE7DF,
  0xE7DF,0xE7DF,0xE7DF,0xE7DF,0xE7DF,0xE7DF,0xE7DF,0xE7DF,0xE7DF,0xE7DF,0xE7DF,0xE7DF,0xE7DF,0xE7FF,0xC79F,0xBF7F,
  0xBF7F,0xBF7F,0xB75F,0xEFFF,0xEFFF,0xDFBF,0xF7FF,0xB639,0x0882,0xEF9E,0xE7DF,0xEFFF,0xC69A,0x31EB,0x4AD1,0x5312,
  0x3A2D,0x2988,0x2988,0x3188,0x39E8,0x320F,0x2A32,0x2A32,0x2A31,0x2A31,0x2A31,0x2A31,0x2A32,0x3273,0x3251,0xA555,
  0xBE17,0xB5F7,0xB5F7,0xB5F7,0xB5F7,0xB5F7,0xB5F7,0xB5F7,0xB5F7,0xB5F7,0xB5F7,0xB5F7,0xB5F7,0xB5F7,0xB5F7,0xB5F7,
  0xB5F7,0xB5F7,0xB5F7,0xB5F7,0xB5F7,0xB5F7,0xB5F7,0xB5F7,0xB5F7,0xB5F7,0xB5F7,0xB5F7,0xB5F7,0xB5F7,0xB5F7,0xB5F7,
  0xB5F7,0xB5F7,0xB5F7,0xB5F7,0xB5F7,0xB5F7,0xB5F7,0xB5F7,0xB5F7,0xB5F7,0xB5F7,0xB5F7,0xB5F7,0xB5F7,0xB5F7,0xB5F7,
  0xB5F7,0xB5F7,0xB5F7,0xB5F7,0xB5F7,0xB5F7,0xB5F7,0xB5F7,0xB5F7,0xB5F7,0xB5F7,0xB5F7,0xB5F7,0xB5F7,0xB5F7,0xB5F7,
  0xB5F7,0xB5F7,0xB5F7,0xB5F7,0xB5F7,0xB5F7,0xB5F7,0xB5F7,0xB5F7,0xB5F7,0xB5F7,0xB5F7,0xB5F7,0xB5F7,0xB5F7,0xB5F7,
  0xB5F7,0xB5F7,0xB5F7,0xB5F7,0xB5F7,0xB5F7,0xB5F7,0xB5F7,0xB5F7,0xB5F7,0xB5F7,0xB5F7,0xB5F7,0xB5F7,0xB5F7,0xB5F7,
  0xB5F7,0xB5F7,0xB5F7,0xB5F7,0xB5F7,0xB5F7,0xB5F7,0xB5F7,0xB5F7,0xB5F7,0xB5F7,0xB5F7,0xB5F7,0xB5F7,0xB5F7,0xB5F7,
  0xB5F7,0xB5F7,0xB5F7,0xB5F7,0xB5F7,0xB5F7,0xB5F7,0xB5F7,0xB5F7,0xB5F7,0xB5F7,0xB5F7,0xB5F7,0xB5F7,0xB5F7,0xB5F7,
  0xB5F7,0xB5F7,0xB5F7,0xBDF7,0xAD95,0x3A70,0x3A93,0x3272,0x3292,0x3272,0x3A93,0x29CC,0x2966,0x4A8D,0x4AF1,0x428F,
  0x4AF1,0x3A90,0x6B70,0xFFFF,0xDFBF,0xF7FF,0x2986,0x9CF4,0xF7FF,0xE7BF,0xE7BF,0xF7FF,0xE77E,0xAE7B,0xBEBC,0xB6BC,
  0xB6BB,0xD79F,0xEFDF,0xE7DF,0xE7DF,0xE7DF,0xE7DF,0xE7DF,0xE7DF,0xE7DF,0xE7DF,0xE7DF,0xE7DF,0xE7DF,0xE7DF,0xE7DF,
  0xE7DF,0xE7DF,0xE7DF,0xE7DF,0xE7DF,0xE7DF,0xE7DF,0xE7DF,0xE7DF,0xE7DF,0xE7DF,0xE7DF,0xE7DF,0xE7DF,0xE7DF,0xE7DF,
  0xE7DF,0xE7DF,0xE7DF,0xE7DF,0xE7DF,0xE7DF,0xE7DF,0xE7DF,0xE7DF,0xE7DF,0xE7DF,0xE7DF,0xE7DF,0xE7DF,0xE7DF,0xE7DF,
  0xE7DF,0xE7DF,0xE7DF,0xE7DF,0xE7DF,0xE7DF,0xE7DF,0xE7DF,0xE7DF,0xDFDF,0xE7BE,0x5B4F,0x2A0E,0x21AC,0x29ED,0x94D6,
  0x8455,0x4AD1,0x29ED,0x21CD,0x6350,0xFFFF,0xDFBF,0xE7DF,0xE7DF,0xE7DF,0xE7DF,0xE7DF,0xE7DF,0xE7DF,0xE7DF,0xE7DF,
  0xE7DF,0xE7DF,0xE7DF,0xE7DF,0xE7DF,0xE7DF,0xE7DF,0xE7DF,0xE7DF,0xE7DF,0xE7DF,0xE7DF,0xE7DF,0xE7DF,0xE7DF,0xE7DF,
  0xE7DF,0xE7DF,0xE7DF,0xE7DF,0xE7DF,0xE7DF,0xE7DF,0xE7DF,0xE7DF,0xE7DF,0xE7DF,0xE7DF,0xE7DF,0xE7DF,0xE7DF,0xE7DF,
  0xE7DF,0xE7DF,0xE7DF,0xE7DF,0xE7DF,0xE7DF,0xE7DF,0xE7DF,0xE7DF,0xE7DF,0xE7DF,0xE7DF,0xE7DF,0xE7FF,0xC79F,0xBF7F,
  0xBF7F,0xBF7F,0xB77F,0xEFFF,0xEFFF,0xDFBF,0xF7FF,0xADF7,0x0882,0xEF9E,0xE7DF,0xEFFF,0xC69A,0x3A2C,0x4AD1,0x52F2,
  0x3A4E,0x29A8,0x3188,0x3188,0x39E8,0x322F,0x2A52,0x2A32,0x2A31,0x2A31,0x3252,0x2A32,0x2A51,0x2A12,0x6392,0xC637,
  0xB5D6,0xB5F7,0xB5F7,0xB5F7,0xB5F7,0xB5F7,0xB5F7,0xB5F7,0xB5F7,0xB5F7,0xB5F7,0xB5F7,0xB5F7,0xB5F7,0xB5F7,0xB5F7,
  0xB5F7,0xB5F7,0xB5F7,0xB5F7,0xB5F7,0xB5F7,0xB5F7,0xB5F7,0xB5F7,0xB5F7,0xB5F7,0xB5F7,0xB5F7,0xB5F7,0xB5F7,0xB5F7,
  0xB5F7,0xB5F7,0xB5F7,0xB5F7,0xB5F7,0xB5F7,0xB5F7,0xB5F7,0xB5F7,0xB5F7,0xB5F7,0xB5F7,0xB5F7,0xB5F7,0xB5F7,0xB5F7,
  0xB5F7,0xB5F7,0xB5F7,0xB5F7,0xB5F7,0xB5F7,0xB5F7,0xB5F7,0xB5F7,0xB5F7,0xB5F7,0xB5F7,0xB5F7,0xB5F7,0xB5F7,0xB5F7,
  0xB5F7,0xB5F7,0xB5F7,0xB5F7,0xB5F7,0xB5F7,0xB5F7,0xB5F7,0xB5F7,0xB5F7,0xB5F7,0xB5F7,0xB5F7,0xB5F7,0xB5F7,0xB5F7,
  0xB5F7,0xB5F7,0xB5F7,0xB5F7,0xB5F7,0xB5F7,0xB5F7,0xB5F7,0xB5F7,0xB5F7,0xB5F7,0xB5F7,0xB5F7,0xB5F7,0xB5F7,0xB5F7,
  0xB5F7,0xB5F7,0xB5F7,0xB5F7,0xB5F7,0xB5F7,0xB5F7,0xB5F7,0xB5F7,0xB5F7,0xB5F7,0xB5F7,0xB5F7,0xB5F7,0xB5F7,0xB5F7,
  0xB5F7,0xB5F7,0xB5F7,0xB5F7,0xB5F7,0xB5F7,0xB5F7,0xB5F7,0xB5F7,0xB5F7,0xB5F7,0xB5F7,0xB5F7,0xB5F7,0xB5F7,0xB5F7,
  0xB5F7,0xB5F7,0xB5F7,0xB5D6,0xBE37,0x5B31,0x3252,0x3A92,0x3292,0x3272,0x3293,0x29EC,0x39E8,0x3A2C,0x5312,0x428F,
  0x4AF1,0x324F,0x6B91,0xF7FF,0xDFBF,0xF7FF,0x2986,0xA555,0xF7FF,0xE7BF,0xE7BF,0xF7FF,0xE77E,0xAE7A,0xB6BB,0xB6BB,
  0xAE9B,0xD79F,0xE7DF,0xE7BF,0xE7DF,0xE7DF,0xE7DF,0xE7DF,0xE7DF,0xE7DF,0xE7DF,0xE7DF,0xE7DF,0xE7DF,0xE7DF,0xE7DF,
  0xE7DF,0xE7DF,0xE7DF,0xE7DF,0xE7DF,0xE7DF,0xE7DF,0xE7DF,0xE7DF,0xE7DF,0xE7DF,0xE7DF,0xE7DF,0xE7DF,0xE7DF,0xE7DF,
  0xE7DF,0xE7DF,0xE7DF,0xE7DF,0xE7DF,0xE7DF,0xE7DF,0xE7DF,0xE7DF,0xE7DF,0xE7DF,0xE7DF,0xE7DF,0xE7DF,0xE7DF,0xE7DF,
  0xE7DF,0xE7DF,0xE7DF,0xE7DF,0xE7DF,0xE7DF,0xE7DF,0xE7DF,0xE7DF,0xE7DF,0xEFBE,0x5B4F,0x2A0E,0x198C,0x29ED,0x8CB6,
  0x8455,0x4AD0,0x29ED,0x29EE,0x6371,0xF7FF,0xDFBF,0xE7DF,0xE7DF,0xE7DF,0xE7DF,0xE7DF,0xE7DF,0xE7DF,0xE7DF,0xE7DF,
  0xE7DF,0xE7DF,0xE7DF,0xE7DF,0xE7DF,0xE7DF,0xE7DF,0xE7DF,0xE7DF,0xE7DF,0xE7DF,0xE7DF,0xE7DF,0xE7DF,0xE7DF,0xE7DF,
  0xE7DF,0xE7DF,0xE7DF,0xE7DF,0xE7DF,0xE7DF,0xE7DF,0xE7DF,0xE7DF,0xE7DF,0xE7DF,0xE7DF,0xE7DF,0xE7DF,0xE7DF,0xE7DF,
  0xE7DF,0xE7DF,0xE7DF,0xE7DF,0xE7DF,0xE7DF,0xE7DF,0xE7DF,0xE7DF,0xE7DF,0xE7DF,0xE7DF,0xE7DF,0xE7FF,0xC79F,0xB77F,
  0xC79F,0xBF7F,0xB75F,0xEFDF,0xEFFF,0xDFBF,0xF7FF,0xB639,0x10A3,0xEF9E,0xE7DF,0xEFFF,0xC69A,0x31EB,0x4AD1,0x5312,
  0x3A4E,0x2988,0x31C9,0x2967,0x31A7,0x322F,0x3252,0x3252,0x2A31,0x2A31,0x3252,0x2A32,0x3252,0x2A32,0x6BB2,0xC637,
  0xB5D6,0xB5F7,0xB5F7,0xB5F7,0xB5F7,0xB5F7,0xB5F7,0xB5F7,0xB5F7,0xB5F7,0xB5F7,0xB5F7,0xB5F7,0xB5F7,0xB5F7,0xB5F7,
  0xB5F7,0xB5F7,0xB5F7,0xB5F7,0xB5F7,0xB5F7,0xB5F7,0xB5F7,0xB5F7,0xB5F7,0xB5F7,0xB5F7,0xB5F7,0xB5F7,0xB5F7,0xB5F7,
  0xB5F7,0xB5F7,0xB5F7,0xB5F7,0xB5F7,0xB5F7,0xB5F7,0xB5F7,0xB5F7,0xB5F7,0xB5F7,0xB5F7,0xB5F7,0xB5F7,0xB5F7,0xB5F7,
  0xB5F7,0xB5F7,0xB5F7,0xB5F7,0xB5F7,0xB5F7,0xB5F7,0xB5F7,0xB5F7,0xB5F7,0xB5F7,0xB5F7,0xB5F7,0xB5F7,0xB5F7,0xB5F7,
  0xB5F7,0xB5F7,0xB5F7,0xB5F7,0xB5F7,0xB5F7,0xB5F7,0xB5F7,0xB5F7,0xB5F7,0xB5F7,0xB5F7,0xB5F7,0xB5F7,0xB5F7,0xB5F7,
  0xB5F7,0xB5F7,0xB5F7,0xB5F7,0xB5F7,0xB5F7,0xB5F7,0xB5F7,0xB5F7,0xB5F7,0xB5F7,0xB5F7,0xB5F7,0xB5F7,0xB5F7,0xB5F7,
  0xB5F7,0xB5F7,0xB5F7,0xB5F7,0xB5F7,0xB5F7,0xB5F7,0xB5F7,0xB5F7,0xB5F7,0xB5F7,0xB5F7,0xB5F7,0xB5F7,0xB5F7,0xB5F7,
  0xB5F7,0xB5F7,0xB5F7,0xB5F7,0xB5F7,0xB5F7,0xB5F7,0xB5F7,0xB5F7,0xB5F7,0xB5F7,0xB5F7,0xB5F7,0xB5F7,0xB5F7,0xB5F7,
  0xB5F7,0xB5F7,0xB5F7,0xB5D6,0xC637,0x73F2,0x2A11,0x3A91,0x3292,0x3292,0x3273,0x42B0,0x39C8,0x3A2C,0x4AD1,0x42B0,
  0x4AF0,0x3A6F,0x6B70,0xF7FF,0xDFBF,0xF7FF,0x2986,0xA576,0xF7FF,0xE7BF,0xE7DF,0xF7FF,0xDF7E,0xA65A,0xB6BB,0xB6BB,
  0xB69B,0xD77E,0xE7BF,0xE7DF,0xE7DF,0xE7DF,0xE7DF,0xE7DF,0xE7DF,0xE7DF,0xE7DF,0xE7DF,0xE7DF,0xE7DF,0xE7DF,0xE7DF,
  0xE7DF,0xE7DF,0xE7DF,0xE7DF,0xE7DF,0xE7DF,0xE7DF,0xE7DF,0xE7DF,0xE7DF,0xE7DF,0xE7DF,0xE7DF,0xE7DF,0xE7DF,0xE7DF,
  0xE7DF,0xE7DF,0xE7DF,0xE7DF,0xE7DF,0xE7DF,0xE7DF,0xE7DF,0xE7DF,0xE7DF,0xE7DF,0xE7DF,0xE7DF,0xE7DF,0xE7DF,0xE7DF,
  0xE7DF,0xE7DF,0xE7DF,0xE7DF,0xE7DF,0xE7DF,0xE7DF,0xE7DF,0xE7DF,0xE7DF,0xE7BE,0x5B2F,0x29EE,0x218C,0x29ED,0x8CB6,
  0x7C34,0x4AD0,0x29CD,0x322F,0x6BB2,0xF7FF,0xDFBF,0xE7DF,0xE7DF,0xE7DF,0xE7DF,0xE7DF,0xE7DF,0xE7DF,0xE7DF,0xE7DF,
  0xE7DF,0xE7DF,0xE7DF,0xE7DF,0xE7DF,0xE7DF,0xE7DF,0xE7DF,0xE7DF,0xE7DF,0xE7DF,0xE7DF,0xE7DF,0xE7DF,0xE7DF,0xE7DF,
  0xE7DF,0xE7BF,0xE7BF,0xDFBF,0xDFBF,0xE7BF,0xE7DF,0xE7DF,0xE7DF,0xE7DF,0xE7DF,0xE7DF,0xE7DF,0xE7DF,0xE7DF,0xE7DF,
  0xE7DF,0xE7DF,0xE7DF,0xE7DF,0xE7DF,0xE7DF,0xE7DF,0xE7DF,0xE7DF,0xE7DF,0xE7DF,0xE7DF,0xE7DF,0xE7DF,0xC77F,0xB77F,
  0xC79F,0xBF7F,0xB75F,0xEFDF,0xEFFF,0xDFBF,0xF7FF,0xADF8,0x10A3,0xEFBE,0xE7DF,0xEFFF,0xCEBA,0x3A0B,0x4AD1,0x5312,
  0x426E,0x31A8,0x2967,0x3188,0x39C8,0x320F,0x3252,0x3252,0x2A31,0x2A31,0x3252,0x3252,0x3252,0x3253,0x5332,0xBE17,
  0xB5F7,0xB5F7,0xB5F7,0xB5F7,0xB5F7,0xB5F7,0xB5F7,0xB5F7,0xB5F7,0xB5F7,0xB5F7,0xB5F7,0xB5F7,0xB5F7,0xB5F7,0xB5F7,
  0xB5F7,0xB5F7,0xB5F7,0xB5F7,0xB5F7,0xB5F7,0xB5F7,0xB5F7,0xB5F7,0xB5F7,0xB5F7,0xB5F7,0xB5F7,0xB5F7,0xB5F7,0xB5F7,
  0xB5F7,0xB5F7,0xB5F7,0xB5F7,0xB5F7,0xB5F7,0xB5F7,0xB5F7,0xB5F7,0xB5F7,0xB5F7,0xB5F7,0xB5F7,0xB5F7,0xB5F7,0xB5F7,
  0xB5F7,0xB5F7,0xB5F7,0xB5F7,0xB5F7,0xB5F7,0xB5F7,0xB5F7,0xB5F7,0xB5F7,0xB5F7,0xB5F7,0xB5F7,0xB5F7,0xB5F7,0xB5F7,
  0xB5F7,0xB5F7,0xB5F7,0xB5F7,0xB5F7,0xB5F7,0xB5F7,0xB5F7,0xB5F7,0xB5F7,0xB5F7,0xB5F7,0xB5F7,0xB5F7,0xB5F7,0xB5F7,
  0xB5F7,0xB5F7,0xB5F7,0xB5F7,0xB5F7,0xB5F7,0xB5F7,0xB5F7,0xB5F7,0xB5F7,0xB5F7,0xB5F7,0xB5F7,0xB5F7,0xB5F7,0xB5F7,
  0xB5F7,0xB5F7,0xB5F7,0xB5F7,0xB5F7,0xB5F7,0xB5F7,0xB5F7,0xB5F7,0xB5F7,0xB5F7,0xB5F7,0xB5F7,0xB5F7,0xB5F7,0xB5F7,
  0xB5F7,0xB5F7,0xB5F7,0xB5F7,0xB5F7,0xB5F7,0xB5F7,0xB5F7,0xB5F7,0xB5F7,0xB5F7,0xB5F7,0xB5F7,0xB5F7,0xB5F7,0xB5F7,
  0xB5F7,0xB5F7,0xB5F7,0xB5D6,0xBE37,0x94F4,0x2A30,0x3A92,0x3A71,0x3272,0x3293,0x31EC,0x31A7,0x31EB,0x4AD1,0x42AF,
  0x5311,0x3A6F,0x6B70,0xF7FF,0xDFBF,0xF7FF,0x2966,0xA575,0xF7FF,0xE7BF,0xE7DF,0xF7FF,0xDF5D,0xAE7B,0xB6BB,0xB6BB,
  0xAE9B,0xDF9F,0xEFDF,0xE7BF,0xE7DF,0xE7DF,0xE7DF,0xE7DF,0xE7DF,0xE7DF,0xE7DF,0xE7DF,0xE7DF,0xE7DF,0xE7DF,0xE7DF,
  0xE7DF,0xE7DF,0xE7DF,0xE7DF,0xE7DF,0xE7DF,0xE7DF,0xE7DF,0xE7DF,0xE7DF,0xE7DF,0xE7DF,0xE7DF,0xE7DF,0xE7DF,0xE7DF,
  0xE7DF,0xE7DF,0xE7DF,0xE7DF,0xE7DF,0xE7DF,0xE7DF,0xE7DF,0xE7DF,0xE7DF,0xE7DF,0xE7DF,0xE7DF,0xE7DF,0xE7DF,0xE7DF,
  0xE7DF,0xE7DF,0xE7DF,0xE7DF,0xE7DF,0xE7DF,0xE7DF,0xE7DF,0xE7DF,0xDFBF,0xDF7E,0x530F,0x29EE,0x21AC,0x29CD,0x94B6,
  0x7C55,0x4AD0,0x29CD,0x322F,0x6371,0xFFFF,0xDFBF,0xE7DF,0xE7DF,0xE7DF,0xE7DF,0xE7DF,0xE7DF,0xE7DF,0xE7DF,0xE7DF,
  0xE7DF,0xE7DF,0xE7DF,0xE7DF,0xE7DF,0xE7DF,0xE7DF,0xE7DF,0xE7DF,0xE7DF,0xE7DF,0xE7DF,0xE7DF,0xE7DF,0xDFBF,0xDFBF,
  0xE7FF,0xEFFF,0xF7FF,0xF7FF,0xF7FF,0xF7FF,0xEFFF,0xE7DF,0xDFBF,0xDFBF,0xE7DF,0xE7DF,0xE7DF,0xE7DF,0xE7DF,0xE7DF,
  0xE7DF,0xE7DF,0xE7DF,0xE7DF,0xE7DF,0xE7DF,0xE7DF,0xE7DF,0xE7DF,0xE7DF,0xE7DF,0xE7DF,0xE7DF,0xE7FF,0xC79F,0xB75F,
  0xBF7F,0xBF9F,0xB75F,0xEFFF,0xEFFF,0xDFBF,0xF7FF,0xADF8,0x18E4,0xEFBF,0xE7DF,0xEFFF,0xCEBA,0x3A0B,0x4AD0,0x5312,
  0x426E,0x2968,0x31A8,0x3188,0x39C8,0x322F,0x3251,0x2A31,0x3231,0x3252,0x2A32,0x2A32,0x3272,0x21F1,0x6392,0xC637,
  0xB5D6,0xB5F7,0xB5F7,0xB5F7,0xB5F7,0xB5F7,0xB5F7,0xB5F7,0xB5F7,0xB5F7,0xB5F7,0xB5F7,0xB5F7,0xB5F7,0xB5F7,0xB5F7,
  0xB5F7,0xB5F7,0xB5F7,0xB5F7,0xB5F7,0xB5F7,0xB5F7,0xB5F7,0xB5F7,0xB5F7,0xB5F7,0xB5F7,0xB5F7,0xB5F7,0xB5F7,0xB5F7,
  0xB5F7,0xB5F7,0xB5F7,0xB5F7,0xB5F7,0xB5F7,0xB5F7,0xB5F7,0xB5F7,0xB5F7,0xB5F7,0xB5F7,0xB5F7,0xB5F7,0xB5F7,0xB5F7,
  0xB5F7,0xB5F7,0xB5F7,0xB5F7,0xB5F7,0xB5F7,0xB5F7,0xB5F7,0xB5F7,0xB5F7,0xB5F7,0xB5F7,0xB5F7,0xB5F7,0xB5F7,0xB5F7,
  0xB5F7,0xB5F7,0xB5F7,0xB5F7,0xB5F7,0xB5F7,0xB5F7,0xB5F7,0xB5F7,0xB5F7,0xB5F7,0xB5F7,0xB5F7,0xB5F7,0xB5F7,0xB5F7,
  0xB5F7,0xB5F7,0xB5F7,0xB5F7,0xB5F7,0xB5F7,0xB5F7,0xB5F7,0xB5F7,0xB5F7,0xB5F7,0xB5F7,0xB5F7,0xB5F7,0xB5F7,0xB5F7,
  0xB5F7,0xB5F7,0xB5F7,0xB5F7,0xB5F7,0xB5F7,0xB5F7,0xB5F7,0xB5F7,0xB5F7,0xB5F7,0xB5F7,0xB5F7,0xB5F7,0xB5F7,0xB5F7,
  0xB5F7,0xB5F7,0xB5F7,0xB5F7,0xB5F7,0xB5F7,0xB5F7,0xB5F7,0xB5F7,0xB5F7,0xB5F6,0xB5D6,0xB5F6,0xB5F7,0xB5F7,0xB5F7,
  0xB5F7,0xB5F7,0xB5F7,0xB5F7,0xBDF7,0xB5D6,0x42B1,0x3294,0x3293,0x3A72,0x3AB4,0x29EC,0x4209,0x3A0B,0x4AF0,0x42AF,
  0x5311,0x324E,0x6B91,0xF7FF,0xDFBF,0xEFFF,0x2166,0xA575,0xF7FF,0xE7BF,0xE7DF,0xF7FF,0xDF5D,0xA65A,0xB69B,0xB6BC,
  0xAE9B,0xDF9F,0xE7DF,0xE7BF,0xE7DF,0xE7DF,0xE7DF,0xE7DF,0xE7DF,0xE7DF,0xE7DF,0xE7DF,0xE7DF,0xE7DF,0xE7DF,0xE7DF,
  0xE7DF,0xE7DF,0xE7DF,0xE7DF,0xE7DF,0xE7DF,0xE7DF,0xE7DF,0xE7BF,0xDFBF,0xDFBF,0xDFBF,0xDFBF,0xDFBF,0xDFBF,0xE7BF,
  0xE7DF,0xE7DF,0xE7DF,0xE7DF,0xE7DF,0xE7DF,0xE7DF,0xE7DF,0xE7DF,0xE7DF,0xE7DF,0xE7DF,0xE7DF,0xE7DF,0xE7DF,0xE7DF,
  0xE7DF,0xE7DF,0xE7DF,0xE7DF,0xE7DF,0xE7DF,0xE7DF,0xE7DF,0xE7DF,0xE7BF,0xDF7E,0x532E,0x29EF,0x218C,0x29ED,0x94B6,
  0x7C34,0x42B0,0x29ED,0x2A0E,0x6B71,0xFFFF,0xE7BF,0xE7DF,0xE7DF,0xE7DF,0xE7DF,0xE7DF,0xE7DF,0xE7DF,0xE7DF,0xE7DF,
  0xE7DF,0xE7DF,0xE7DF,0xE7DF,0xE7DF,0xE7DF,0xE7DF,0xE7DF,0xE7DF,0xE7DF,0xE7DF,0xE7DF,0xDFBF,0xE7FF,0xFFFF,0xFFFF,
  0xEF9D,0xCE59,0xBE17,0xAD96,0xB5B6,0xBE18,0xD6DA,0xF7DF,0xFFFF,0xF7FF,0xDFBF,0xDFBF,0xE7DF,0xE7DF,0xE7DF,0xE7DF,
  0xE7DF,0xE7DF,0xE7DF,0xE7DF,0xE7DF,0xE7DF,0xE7DF,0xE7DF,0xE7DF,0xE7DF,0xE7DF,0xE7DF,0xE7DF,0xE7FF,0xC79F,0xBF7F,
  0xBF7F,0xBF7F,0xB73F,0xEFDF,0xEFFF,0xDFBF,0xF7FF,0xADF8,0x2124,0xEFDF,0xE7DF,0xEFFF,0xCE9A,0x320B,0x42B0,0x5332,
  0x428E,0x2967,0x2988,0x3187,0x31A7,0x322F,0x2A52,0x2A11,0x2A11,0x3251,0x3231,0x2A31,0x3272,0x21F1,0x6372,0xC637,
  0xB5D6,0xB5F7,0xB5F7,0xB5F7,0xB5F7,0xB5F7,0xB5F7,0xB5F7,0xB5F7,0xB5F7,0xB5F7,0xB5F7,0xB5F7,0xB5F7,0xB5F7,0xB5F7,
  0xB5F7,0xB5F7,0xB5F7,0xB5F7,0xB5F7,0xB5F7,0xB5F7,0xB5F7,0xB5F7,0xB5F7,0xB5F7,0xB5F7,0xB5F7,0xB5F7,0xB5F7,0xB5F7,
  0xB5F7,0xB5F7,0xB5F7,0xB5F7,0xB5F7,0xB5F7,0xB5F7,0xB5F7,0xB5F7,0xB5F7,0xB5F7,0xB5F7,0xB5F7,0xB5F7,0xB5F7,0xB5F7,
  0xB5F7,0xB5F7,0xB5F7,0xB5F7,0xB5F6,0xB5F6,0xB5F6,0xB5F6,0xB5F7,0xB5F7,0xB5F7,0xB5F7,0xB5F7,0xB5F7,0xB5F7,0xB5F6,
  0xB5F6,0xB5F6,0xB5F6,0xB5F6,0xB5F6,0xB5F6,0xB5F6,0xB5F6,0xB5F6,0xB5F6,0xB5F7,0xB5F7,0xB5F7,0xB5F7,0xB5F7,0xB5F7,
  0xB5F7,0xB5F7,0xB5F7,0xB5F7,0xB5F7,0xB5F6,0xB5F6,0xB5F6,0xB5F6,0xB5F6,0xB5D6,0xB5D6,0xB5D6,0xB5D6,0xB5D6,0xB5F6,
  0xB5D6,0xB5F6,0xB5F7,0xB5F7,0xB5F7,0xB5F7,0xB5F7,0xB5F7,0xB5F7,0xB5F7,0xB5F7,0xB5F7,0xB5F7,0xBDF7,0xB5F7,0xB5F7,
  0xB5F7,0xB5F7,0xB5F7,0xB5F7,0xB5F7,0xB5F7,0xB5F7,0xB5F7,0xB5F7,0xB5F7,0xBE17,0xBE38,0xBE38,0xB5F7,0xB5F7,0xB5F7,
  0xB5F7,0xB5F7,0xB5F7,0xB5F7,0xBDF7,0xB5D6,0x3A0C,0x31AC,0x4A09,0x4A09,0x31CC,0x31CA,0x2986,0x5B30,0x42B0,0x428F,
  0x4AD0,0x3A4F,0x6BB1,0xF7FF,0xDFBF,0xEFFF,0x2166,0xAD96,0xF7FF,0xE7BF,0xE7DF,0xF7FF,0xDF7D,0xA65B,0xB69B,0xB69B,
  0xB69C,0xD79F,0xEFDF,0xE7DF,0xE7DF,0xE7DF,0xE7DF,0xE7DF,0xE7DF,0xE7DF,0xE7DF,0xE7DF,0xE7DF,0xE7DF,0xE7DF,0xE7DF,
  0xE7DF,0xE7DF,0xE7DF,0xE7DF,0xE7DF,0xDFBF,0xDFBF,0xE7DF,0xEFFF,0xFFFF,0xFFFF,0xFFFF,0xFFFF,0xFFFF,0xF7FF,0xEFFF,
  0xE7DF,0xDFBF,0xE7BF,0xE7DF,0xE7DF,0xE7DF,0xE7DF,0xE7DF,0xE7DF,0xE7DF,0xE7DF,0xE7DF,0xE7DF,0xE7DF,0xE7DF,0xE7DF,
  0xE7DF,0xE7DF,0xE7DF,0xE7DF,0xE7DF,0xE7DF,0xE7DF,0xE7DF,0xE7DF,0xE7DF,0xDF9E,0x636F,0x2A0F,0x198C,0x29EE,0x8CB6,
  0x7C14,0x4AD0,0x29ED,0x2A0E,0x6B91,0xF7FF,0xDFBF,0xE7DF,0xE7DF,0xE7DF,0xE7DF,0xE7DF,0xE7DF,0xE7DF,0xE7DF,0xE7DF,
  0xE7DF,0xE7DF,0xE7DF,0xE7DF,0xE7DF,0xE7DF,0xE7DF,0xE7DF,0xE7DF,0xE7DF,0xDFBF,0xE7DF,0xFFFF,0xEF9D,0xA514,0x5B0D,
  0x3A2B,0x298A,0x216A,0x21AC,0x21AC,0x29AB,0x31CB,0x424C,0x73B0,0xC617,0xFFFF,0xF7FF,0xDFBF,0xE7DF,0xE7DF,0xE7BF,
  0xE7DF,0xE7DF,0xE7DF,0xE7DF,0xE7DF,0xE7DF,0xE7DF,0xE7DF,0xE7DF,0xE7DF,0xE7DF,0xE7DF,0xE7DF,0xE7FF,0xC79F,0xB77F,
  0xBF7F,0xBF7F,0xBF5F,0xEFFF,0xEFFF,0xDFBF,0xF7FF,0xA5D7,0x1904,0xEFDF,0xE7DF,0xEFFF,0xCE9A,0x3A0B,0x42B1,0x5312,
  0x428E,0x2967,0x2967,0x3187,0x39C8,0x2A0F,0x2A31,0x2A11,0x2A31,0x3251,0x3A72,0x3252,0x2A32,0x21F2,0x8CD5,0xBE37,
  0xB5F6,0xB5F7,0xB5F7,0xB5F7,0xB5F6,0xB5F6,0xB5F6,0xB5D6,0xB5F6,0xB5F6,0xB5D6,0xB5F6,0xB5F7,0xB5F7,0xB5F7,0xB5F7,
  0xB5F6,0xB5F7,0xB5F7,0xB5F7,0xB5F7,0xB5F7,0xB5F7,0xB5F6,0xB5D6,0xB5F6,0xB5F7,0xB5F7,0xB5F6,0xB5F6,0xB5F6,0xB5F7,
  0xB5F7,0xB5F7,0xB5F7,0xB5F6,0xB5F6,0xB5F6,0xB5F7,0xB5F7,0xB5F7,0xB5F7,0xB5F7,0xB5F7,0xB5F7,0xB5F7,0xB5F7,0xB5F6,
  0xB5F7,0xB5F6,0xB5D6,0xB5F6,0xBDF7,0xBDF7,0xB5F7,0xB5F7,0xB5F6,0xB5F6,0xB5F6,0xB5F7,0xB5F7,0xB5F7,0xBDF7,0xBE17,
  0xBE17,0xBE17,0xBE17,0xBE38,0xBE38,0xBE18,0xB618,0xBE18,0xB617,0xBE17,0xB5F7,0xB5F7,0xB5F7,0xB5F6,0xB5D6,0xB5F6,
  0xB5F7,0xB5F7,0xB5F7,0xB5F7,0xB5F6,0xB5F7,0xBE18,0xBE18,0xB618,0xBE18,0xBE39,0xBE39,0xBE58,0xBE59,0xBE38,0xBE18,
  0xBE38,0xBE17,0xB5F6,0xB5F7,0xB5F7,0xB5F7,0xB5F7,0xB5F7,0xB5F7,0xB5F7,0xB5F7,0xB5F7,0xB5F6,0xB5D6,0xB5D7,0xB5F7,
  0xB5F7,0xB5F7,0xB5F7,0xB5F7,0xB5F7,0xB5F7,0xB5F7,0xB5F7,0xB5F7,0xBDF7,0xAD53,0x9C50,0xA4F2,0xBDF7,0xB5F7,0xB5F7,
  0xB5F7,0xB5F7,0xB5F7,0xB5F6,0xBDF7,0xAD95,0x6AA5,0x59C0,0x7240,0x7AC4,0x59E3,0x41E6,0x3A09,0x4ACF,0x4AF1,0x3A6F,
  0x4AD0,0x324E,0x6B91,0xF7FF,0xE7BF,0xEFFF,0x2166,0xB5B7,0xF7FF,0xE7BF,0xE7DF,0xF7FF,0xDF5D,0xA65B,0xAE7B,0xB69B,
  0xB69B,0xDF9F,0xE7DF,0xE7DF,0xE7DF,0xE7DF,0xE7DF,0xE7DF,0xE7DF,0xE7DF,0xE7DF,0xE7DF,0xE7DF,0xE7DF,0xE7DF,0xE7DF,
  0xE7DF,0xE7DF,0xE7DF,0xE7BF,0xDFBF,0xEFFF,0xFFFF,0xE77D,0xD6DA,0x9CF4,0x8C72,0x8C51,0x8451,0x8C72,0xAD55,0xD6DA,
  0xF7DE,0xFFFF,0xEFFF,0xE7BF,0xDFBF,0xE7DF,0xE7DF,0xE7DF,0xE7DF,0xE7DF,0xE7DF,0xE7DF,0xE7DF,0xDFDF,0xE7DF,0xE7DF,
  0xE7DF,0xE7DF,0xE7DF,0xE7DF,0xE7DF,0xE7DF,0xE7DF,0xE7DF,0xDFDF,0xE7FF,0xDF7D,0x5B4F,0x322F,0x218D,0x29ED,0x8C96,
  0x7C55,0x4AF1,0x21CD,0x2A0E,0x6B71,0xFFFF,0xDFBF,0xE7DF,0xE7DF,0xE7DF,0xE7DF,0xE7DF,0xE7DF,0xE7DF,0xE7DF,0xE7DF,
  0xE7DF,0xE7DF,0xE7DF,0xE7DF,0xE7DF,0xE7DF,0xE7DF,0xE7DF,0xE7DF,0xDFBF,0xEFFF,0xF7FF,0x8C92,0x29A8,0x298B,0x3A6F,
  0x4AD1,0x42D1,0x4290,0x4290,0x4290,0x3A90,0x3A50,0x322F,0x21AD,0x216A,0x52AB,0xC617,0xFFFF,0xE7DF,0xDFBF,0xE7DF,
  0xE7DF,0xE7DF,0xE7DF,0xE7DF,0xE7DF,0xE7DF,0xE7DF,0xE7DF,0xE7DF,0xE7DF,0xE7DF,0xE7DF,0xE7DF,0xEFFF,0xC79F,0xB75F,
  0xC77F,0xBF7F,0xB75F,0xEFFF,0xEFFF,0xDFBF,0xF7FF,0xA5D7,0x1904,0xEFDF,0xE7DF,0xEFFF,0xC69A,0x31EB,0x4AD1,0x5332,
  0x428E,0x2167,0x2967,0x31A8,0x4209,0x3A2E,0x3250,0x3250,0x29CE,0x29CE,0x31EF,0x31EE,0x528B,0x524A,0x9C90,0xBE17,
  0xB5F7,0xB5F6,0xB5D6,0xB5F6,0xB5F7,0xBE18,0xBE38,0xBE38,0xBE18,0xBE38,0xBE38,0xBE18,0xB5F6,0xB5F7,0xB5F6,0xB5F6,
  0xB5F7,0xB5F7,0xB5F7,0xB5F7,0xB5F7,0xB5F7,0xB5F6,0xBE17,0xBE38,0xBE18,0xBDF7,0xB5F7,0xBE18,0xBE38,0xBE17,0xB5F7,
  0xB5F7,0xB5F7,0xBDF7,0xBE18,0xBE18,0xBE17,0xB5F7,0xB5F7,0xB5F7,0xB5F7,0xB5F7,0xB5F7,0xB5F7,0xB5F7,0xBDF7,0xBE17,
  0xBE17,0xBE17,0xBE39,0xBE18,0xB5B5,0xB5B5,0xB5B5,0xB5B5,0xB618,0xBE38,0xBE38,0xB5F7,0xB5F7,0xB5F6,0xB5D6,0xAD94,
  0xB594,0xAD53,0xAD54,0xA4AE,0xA4CD,0xACCC,0xB4AA,0xB50E,0xB593,0xB594,0xB5F6,0xB5F7,0xB5F6,0xBDF7,0xBE38,0xBE18,
  0xB5F7,0xB5F7,0xB5F7,0xB5F6,0xBE17,0xBDF5,0xB551,0xB50E,0xB52E,0xACEE,0xA46C,0x9C6C,0x942C,0x940C,0x9C8E,0xA510,
  0x9C8F,0xAD53,0xBE17,0xB5F6,0xB5F7,0xB5F7,0xB5F7,0xB5F7,0xB5F7,0xB5F7,0xB5F7,0xBDF7,0xB5D6,0x8C0E,0x836B,0x944E,
  0xBE17,0xB5F6,0xB5F7,0xB5F7,0xB5F7,0xB5F7,0xB5F7,0xB5F7,0xB5F6,0xBE17,0x940C,0x8348,0x838A,0xA553,0xBE17,0xB5F6,
  0xB5F7,0xB5F7,0xB5F7,0xB5F7,0xB5F7,0xBDF7,0xBDF7,0xA533,0x9CD1,0xAD75,0xB5B6,0x52CB,0x424A,0x4AAE,0x5312,0x3A6F,
  0x4AD0,0x320E,0x634F,0xFFFF,0xDFBF,0xEFDF,0x2146,0xB5D7,0xF7FF,0xE7BF,0xE7DF,0xF7FF,0xDF7D,0xA65A,0xAE7B,0xAE7B,
  0xB69C,0xDF9F,0xEFDF,0xE7BF,0xE7DF,0xE7DF,0xE7DF,0xE7DF,0xE7DF,0xE7DF,0xE7DF,0xE7DF,0xE7DF,0xE7DF,0xE7DF,0xE7DF,
  0xE7DF,0xE7DF,0xDFBF,0xEFFF,0xF7FF,0xC618,0x73AF,0x422C,0x218C,0x194B,0x194C,0x196C,0x196C,0x194C,0x194B,0x298B,
  0x426C,0x8431,0xD6DA,0xFFFF,0xE7DF,0xDFBF,0xE7DF,0xE7DF,0xE7DF,0xE7DF,0xE7DF,0xE7DF,0xE7DF,0xE7DF,0xE7DF,0xE7DF,
  0xE7DF,0xE7DF,0xE7DF,0xE7DF,0xE7DF,0xE7DF,0xE7DF,0xE7DF,0xE7DF,0xE7DF,0xDF9E,0x52EE,0x29EF,0x21AD,0x29ED,0x8C95,
  0x7C55,0x4AF1,0x29CD,0x29EE,0x6B92,0xFFFF,0xDFBF,0xE7DF,0xE7DF,0xE7DF,0xE7DF,0xE7DF,0xE7DF,0xE7DF,0xE7DF,0xE7DF,
  0xE7DF,0xE7DF,0xE7DF,0xE7DF,0xE7DF,0xE7DF,0xE7DF,0xE7DF,0xDFBF,0xFFFF,0xD6DB,0x39E9,0x218A,0x42B1,0x4AB1,0x3A6F,
  0x3A4F,0x3A6F,0x3A70,0x322F,0x320E,0x320E,0x3A2F,0x322F,0x3A2F,0x3A4F,0x29EE,0x29AB,0x7BD0,0xF7BE,0xEFFF,0xDFBF,
  0xE7DF,0xE7DF,0xE7DF,0xE7DF,0xE7DF,0xE7DF,0xE7DF,0xE7DF,0xE7DF,0xE7DF,0xE7DF,0xE7DF,0xDFDF,0xE7FF,0xC79F,0xB75F,
  0xBF7F,0xBF7F,0xB75F,0xEFFF,0xEFFF,0xDFBF,0xF7FF,0xA596,0x1904,0xEFDF,0xE7DF,0xEFFF,0xC69A,0x3A4C,0x42B0,0x5312,
  0x428E,0x31A8,0x2987,0x3187,0x4209,0x9D13,0xB5D6,0xADB6,0x94B2,0xA4F2,0x942D,0x72C5,0x8BA8,0x9389,0x9C8F,0xBE17,
  0xB5F6,0xBE17,0xBE38,0xBE38,0xB5B4,0xB550,0x9C28,0x8387,0x9C4C,0x9CD0,0x9C6E,0xA511,0xBDF7,0xB5F7,0xBE38,0xBE17,
  0xB5D5,0xB5D5,0xBDF7,0xB5F7,0xB5F7,0xB5F6,0xBE17,0xA511,0x8389,0x93A6,0xAC47,0xB467,0xA448,0x93A6,0x8BCB,0xA512,
  0xBDF7,0xB5F7,0xB5D6,0xAD32,0xACF0,0xB594,0xB5D6,0xB5F7,0xB5F7,0xB5F7,0xB5F7,0xB5F7,0xB5F7,0xBDF7,0xB5B5,0xAD95,
  0xB595,0xAD33,0x9C4C,0x9BA4,0x9B60,0xA3A3,0xA3C3,0xA3E3,0xAC67,0xACAC,0x9CD1,0xB5F6,0xB5F7,0xBE38,0xB5F7,0x8C0C,
  0x83A9,0x8368,0x7B08,0x8388,0x8BC7,0x8B66,0x8B21,0x9362,0x8302,0x8368,0xAD53,0xBE17,0xBDF7,0xB5B5,0x9C2C,0x940A,
  0xBDF6,0xB5F7,0xB5F6,0xBE17,0x8C2D,0x8B23,0x9341,0x9341,0x9363,0x8324,0x942C,0x9C6E,0x948F,0x946F,0xA4F1,0xB5B4,
  0xAD54,0xB5B5,0xBDF7,0xB5F7,0xB5F7,0xB5F7,0xB5F7,0xB5F7,0xB5F7,0xB5F7,0xB5F7,0xB5F7,0xB5F7,0xBDF7,0xB5D6,0xB5D6,
  0xB5F7,0xB5F7,0xB5F7,0xB5F7,0xB5F7,0xB5F7,0xB5F7,0xB5F7,0xB5F7,0xB5F6,0xBE38,0xBE58,0xBE38,0xBDF7,0xB5F7,0xB5F7,
  0xB5F7,0xB5F7,0xB5F7,0xB5F7,0xB5F7,0xB5F7,0xB5F7,0xBE17,0xBE38,0xB5F7,0xC678,0x73AE,0x31A8,0x424C,0x5352,0x428F,
  0x42B0,0x322E,0x6B90,0xF7FF,0xDFBF,0xEFFF,0x2146,0xB5D7,0xF7FF,0xE7BF,0xE7DF,0xF7FF,0xD75D,0xA61A,0xAE7B,0xAE7B,
  0xB6BC,0xDF9F,0xE7DF,0xE7DF,0xE7DF,0xE7DF,0xE7DF,0xE7DF,0xE7DF,0xE7BF,0xE7DF,0xE7DF,0xE7DF,0xE7DF,0xE7DF,0xE7DF,
  0xE7DF,0xDFBF,0xF7FF,0xDEDA,0x6B4E,0x218B,0x21AD,0x29EE,0x320F,0x3A30,0x3A50,0x320F,0x3A30,0x3A50,0x3A30,0x3A4F,
  0x29EE,0x218C,0x29AA,0x8431,0xEF9D,0xEFFF,0xDFBF,0xE7DF,0xE7DF,0xE7DF,0xE7DF,0xE7DF,0xE7DF,0xE7DF,0xE7DF,0xE7DF,
  0xE7DF,0xE7DF,0xE7DF,0xE7DF,0xE7DF,0xE7DF,0xE7DF,0xE7DF,0xE7DF,0xE7DF,0xDF9E,0x52EE,0x2A0F,0x198D,0x29ED,0x8C95,
  0x7C35,0x4AF1,0x29CD,0x29EE,0x6B92,0xFFFF,0xDFBF,0xE7DF,0xE7DF,0xE7DF,0xE7DF,0xE7DF,0xE7DF,0xE7DF,0xE7DF,0xE7DF,
  0xE7DF,0xE7DF,0xE7DF,0xE7DF,0xE7DF,0xE7DF,0xE7DF,0xDFBF,0xFFFF,0xBDD8,0x1927,0x4AB0,0x5312,0x3A4F,0x3A2E,0x320F,
  0x29AD,0x1929,0x08A6,0x0885,0x08A6,0x08A6,0x10A7,0x10C8,0x214B,0x29CD,0x320F,0x3A70,0x29CD,0x5ACD,0xEF5D,0xEFFF,
  0xDFBF,0xE7DF,0xE7DF,0xE7DF,0xE7DF,0xE7DF,0xE7DF,0xE7DF,0xE7DF,0xE7DF,0xE7DF,0xE7DF,0xE7DF,0xE7FF,0xC79F,0xB75F,
  0xBF7F,0xBF7F,0xB75F,0xEFFF,0xEFFF,0xDF9F,0xF7FF,0x9D76,0x2145,0xEFFF,0xE7DF,0xEFFF,0xCEBA,0x320B,0x42B0,0x5312,
  0x426E,0x31C9,0x31A8,0x3187,0x528A,0xAD95,0xBE17,0xBDF6,0xBE17,0xBE38,0xBE17,0xB5B5,0xB5D7,0xB618,0xBDF7,0xB5F6,
  0xBDF7,0xAD74,0x9C6D,0x8B87,0x8B42,0x8344,0x8BC9,0x9CB0,0xAD74,0xA4F1,0x8BEC,0xA4F1,0xBE38,0xBDF6,0xA4AC,0x8B64,
  0x8325,0x8BC9,0xAD74,0xBE17,0xB5F6,0xB5F7,0xBDF7,0xAD94,0xA553,0x948E,0x8BA8,0x93C7,0x8BA8,0x946E,0xAD95,0xBDF7,
  0xB5F6,0xBE17,0xAD53,0x8347,0x8324,0x83AA,0xB5D6,0xBDF7,0xB5F7,0xB5F7,0xB5F7,0xB5F7,0xB5F6,0xBE18,0x9CD0,0x7B27,
  0x7308,0x8369,0x944D,0x944C,0x9C6D,0x9C8E,0x9C8D,0x93C7,0x8B85,0x8BA8,0xA532,0xB5F7,0xBDF7,0xA512,0xAD94,0xBE38,
  0xBE38,0xC637,0xBE38,0xC679,0xC67A,0xB5F8,0xAD74,0xAD75,0xAD95,0xBE17,0xB5F7,0xBE17,0xAD54,0x8B89,0x9C2A,0xAD73,
  0xB5F6,0xB5F7,0xB5F6,0xBDF7,0xAD95,0xAD74,0xA512,0x948F,0xAD75,0xB5D6,0xBE39,0xBE59,0xB594,0xB573,0xBE17,0xBE38,
  0xC659,0xBE17,0xB5F6,0xB5F7,0xB5F7,0xB5F7,0xB5F7,0xB5F7,0xB5F7,0xB5F7,0xB5F7,0xB5F7,0xB5F7,0xB5F7,0xB5F7,0xB5F7,
  0xB5F7,0xB5F7,0xB5F7,0xB5F7,0xB5F7,0xB5F7,0xB5F7,0xB5F7,0xB5F7,0xB5F7,0xB5F6,0xB5D6,0xB5D6,0xB5F7,0xB5F7,0xB5F7,
  0xB5F7,0xB5F7,0xB5F7,0xB5F7,0xB5F7,0xB5F7,0xB5F7,0xB5F6,0xB5D6,0xB5D6,0xC638,0x6BAE,0x3A09,0x424C,0x5332,0x3A6E,
  0x4AD0,0x322E,0x6B91,0xF7FF,0xDFBF,0xEFFF,0x2146,0xADB7,0xF7FF,0xE7BF,0xE7DF,0xF7FF,0xDF5D,0xA63A,0xAE7B,0xAE7B,
  0xB6BC,0xDF9F,0xEFDF,0xDFBF,0xE7DF,0xE7DF,0xE7DF,0xE7DF,0xE7DF,0xDFBF,0xE7DF,0xE7DF,0xE7DF,0xE7DF,0xE7DF,0xE7DF,
  0xDFBF,0xFFFF,0xAD75,0x31CB,0x29EE,0x322F,0x3A4F,0x322F,0x29AD,0x192A,0x1108,0x10E7,0x08C6,0x10E7,0x10C8,0x214B,
  0x31EE,0x3A2F,0x3A2F,0x218C,0x424B,0xD69A,0xF7FF,0xDFBF,0xE7DF,0xE7DF,0xE7DF,0xE7DF,0xE7DF,0xE7DF,0xE7DF,0xE7DF,
  0xE7DF,0xE7DF,0xE7DF,0xE7DF,0xE7DF,0xE7DF,0xE7DF,0xE7DF,0xD79F,0xDFDF,0xDF7E,0x5B2E,0x2A0E,0x218D,0x29ED,0x8C75,
  0x8455,0x5311,0x29CD,0x29EE,0x6B92,0xFFFF,0xDFBF,0xE7DF,0xE7DF,0xE7DF,0xE7DF,0xE7DF,0xE7DF,0xE7DF,0xE7DF,0xE7DF,
  0xE7DF,0xE7DF,0xE7DF,0xE7DF,0xE7DF,0xE7DF,0xDFBF,0xF7FF,0xBE18,0x10C6,0x5312,0x42B0,0x3A2E,0x3A50,0x218C,0x0885,
  0x08A6,0x214C,0x4233,0x4A77,0x4A59,0x4A38,0x41F5,0x29B2,0x18EB,0x0886,0x1909,0x31EE,0x3A4F,0x320E,0x52CD,0xF79D,
  0xE7DF,0xE7BF,0xE7DF,0xE7BF,0xE7DF,0xE7DF,0xE7DF,0xE7DF,0xE7DF,0xE7DF,0xE7DF,0xE7DF,0xE7DF,0xE7FF,0xC77F,0xB75F,
  0xBF5F,0xBF7F,0xB75F,0xEFFF,0xEFFF,0xDF9F,0xF7FF,0x9D76,0x2145,0xEFFF,0xE7DF,0xEFFF,0xC69A,0x31EB,0x42B1,0x4AF1,
  0x426E,0x31C8,0x5AED,0x31A7,0x528B,0xA554,0xBE17,0xBE18,0xBE18,0xB5F7,0xB5D6,0xB5D6,0xB5F7,0xB5F7,0xBE18,0xBE17,
  0xBE17,0xAD74,0xA4F1,0xA512,0xA532,0xADB6,0xBE59,0xBE38,0xBE17,0xBE18,0xBE38,0xBE38,0x9CD0,0x8387,0x8387,0x9C8F,
  0xAD95,0xB5F7,0xB5F6,0xB5F7,0xB5F7,0xB5F7,0xB5F7,0xBE17,0xBE17,0xBE38,0xBE18,0xB5F7,0xBE18,0xBE38,0xBE17,0xB5F7,
  0xB5F7,0xB5F7,0xBE17,0xBE18,0xB618,0xBE17,0xBDF7,0xB5F7,0xB5F7,0xB5F7,0xB5F7,0xB5F7,0xB5F7,0xB5F7,0xBE17,0xBE17,
  0xBE17,0xBE18,0xBE39,0xBE38,0xBE38,0xBE38,0xBE38,0xB5F7,0xB5F8,0xBE38,0xBE18,0xB5F6,0xBDF7,0xA512,0x83EB,0x8366,
  0x93A4,0xA3E5,0x9BC4,0x8B86,0x93CB,0xAD31,0xBE38,0xBE17,0xBE17,0xB5F6,0xB5F7,0xB5F7,0xB5D6,0xB5F7,0xBE38,0xBE17,
  0xB5F7,0xB5F7,0xB5F7,0xB5F6,0xBE17,0xBE17,0xBE18,0xBE38,0xBE17,0xBDF7,0xB5D6,0xB5D6,0x946E,0x8BCA,0x8347,0x8BA7,
  0x9C8F,0xAD74,0xBDF7,0xB5F7,0xB5F7,0xB5F7,0xB5F7,0xB5F7,0xB5F7,0xB5F7,0xB5F7,0xB5F7,0xB5F7,0xB5F7,0xB5F7,0xB5F7,
  0xB5F7,0xB5F7,0xB5F7,0xB5F7,0xB5F7,0xB5F7,0xB5F7,0xB5F7,0xB5F7,0xB5F7,0xB5F7,0xB5F7,0xB5F7,0xB5F7,0xB5F7,0xB5F7,
  0xB5F7,0xB5F7,0xB5F7,0xB5F7,0xB5F7,0xB5F7,0xB5F7,0xB5F7,0xB5F7,0xB5D6,0xBE17,0x8430,0x4A8A,0x31EA,0x5B52,0x3A6E,
  0x4AF0,0x322E,0x6B91,0xF7FF,0xE7BF,0xEFDF,0x2145,0xB618,0xF7FF,0xE7BF,0xE7DF,0xF7FF,0xDF3D,0xA65B,0xAE7B,0xB67B,
  0xB69C,0xDFBF,0xE79F,0xDF7E,0xE7DF,0xE7DF,0xE7BF,0xE7DF,0xE7DF,0xE7DF,0xE7DF,0xE7DF,0xE7DF,0xE7DF,0xE7DF,0xDFBF,
  0xFFFF,0x94B3,0x29CD,0x3A30,0x31EE,0x320F,0x110A,0x0867,0x10A9,0x212F,0x3194,0x39F6,0x39F5,0x31B4,0x2150,0x18EB,
  0x08A7,0x1928,0x29CD,0x3A4F,0x320E,0x31EB,0xCE58,0xF7FF,0xDFBF,0xE7DF,0xE7DF,0xE7DF,0xE7DF,0xE7DF,0xDFDF,0xE7DF,
  0xE7DF,0xE7DF,0xE7DF,0xE7DF,0xDFDF,0xE7DF,0xE7DF,0xE7DF,0xDFBF,0xDFDF,0xE79E,0x52EE,0x29EF,0x218D,0x29EE,0x8C75,
  0x7C55,0x4AF1,0x29CD,0x29EE,0x6B92,0xFFFF,0xDFBF,0xE7DF,0xE7DF,0xE7DF,0xE7DF,0xE7DF,0xE7DF,0xE7DF,0xE7DF,0xE7DF,
  0xE7DF,0xE7DF,0xE7DF,0xE7DF,0xE7DF,0xE7DF,0xEFDF,0xE73D,0x1906,0x4AF1,0x4290,0x320E,0x3A4F,0x1908,0x0865,0x4212,
  0x5ABB,0x6AFE,0x62DE,0x62DE,0x5A9D,0x6AFE,0x62BD,0x5A7E,0x525D,0x4A39,0x192D,0x0886,0x216C,0x3A2F,0x29AD,0x6B6F,
  0xFFFF,0xDFBF,0xE7DF,0xE7DF,0xE7DF,0xE7DF,0xE7DF,0xE7DF,0xE7DF,0xE7DF,0xE7DF,0xE7DF,0xE7DF,0xE7FF,0xC77F,0xB75F,
  0xBF5F,0xBF7F,0xB75F,0xEFFF,0xEFFF,0xDF9F,0xF7FF,0xA576,0x2965,0xF7FF,0xE7BF,0xEFFF,0xC67A,0x3A0B,0x42B0,0x52F1,
  0x426E,0x2987,0x2967,0x39C8,0x41E8,0x9D13,0xBE17,0xA532,0x93E9,0x9C08,0xA448,0xA448,0xA449,0xA428,0xACAD,0xAD52,
  0xAD95,0xBE39,0xC679,0xC679,0xC679,0xB5D6,0xAD53,0xB5F6,0xB5F7,0xBDF7,0xBE18,0xBE18,0xB5F7,0xB5F7,0xBE5A,0xC69A,
  0xBE59,0xBE17,0xB5F7,0xB5F7,0xB5F7,0xB5F7,0xB5F7,0xB5F6,0xB5F6,0xB5D6,0xB5F6,0xBDF6,0xB5F6,0xB5D6,0xB5F7,0xB5F7,
  0xB5F7,0xB5F7,0xB5F6,0xB5F6,0xB5F6,0xB5F6,0xB5F7,0xB5F7,0xB5F7,0xB5F7,0xB5F7,0xB5F7,0xB5F7,0xB5F7,0xB5F6,0xB5F6,
  0xB5F7,0xB5F6,0xB5D6,0xB5D6,0xB5D6,0xB5D6,0xB5D6,0xB5F6,0xBDF6,0xB5F6,0xB5F6,0xB5F7,0xB5F6,0xBE18,0xBE17,0xAD95,
  0x948E,0x8BEB,0xA512,0x9CD0,0xA4F1,0xB5D6,0xB5F7,0xB5F6,0xB5F6,0xB5F7,0xB5F7,0xB5F7,0xB5F7,0xB5F7,0xB5D6,0xB5F6,
  0xB5F7,0xB5F7,0xB5F7,0xB5F7,0xB5F6,0xB5F6,0xB5F6,0xB5D6,0xB5F6,0xB5F7,0xB5F7,0xB5F7,0xBE38,0xBE18,0xB5F7,0xA4F1,
  0x8BCC,0xAD54,0xBDF7,0xB5F6,0xB5F7,0xB5F6,0xB5D6,0xB5D6,0xB5D6,0xB5D6,0xB5F6,0xB5F6,0xB5F6,0xB5F6,0xB5F6,0xB5F6,
  0xB5F6,0xB5F7,0xB5F7,0xB5F7,0xB5F7,0xB5F7,0xB5F7,0xB5F7,0xB5F7,0xB5F6,0xB5F6,0xB5F6,0xB5F6,0xB5F6,0xB5F7,0xB5F7,
  0xB5F7,0xB5F6,0xB5F6,0xB5F6,0xB5F6,0xB5F6,0xB5F6,0xB5F6,0xB5F7,0xB5D6,0xBE37,0x7C10,0x3A08,0x31C9,0x5B53,0x428F,
  0x4AD0,0x320E,0x6370,0xF7FF,0xE7BF,0xEFDF,0x2145,0xB5D7,0xF7FF,0xE7BF,0xE7DF,0xF7FF,0xDF5D,0xA63B,0xAE7B,0xB69B,
  0xAE9C,0xDF9F,0xEFDF,0xE7DF,0xE7DF,0xE7BF,0xE7BF,0xE7DF,0xE7DF,0xE7DF,0xE7DF,0xE7DF,0xE7DF,0xE7DF,0xDFBF,0xFFFF,
  0xA514,0x320D,0x3A50,0x29EE,0x29CE,0x0866,0x3A0A,0x5296,0x4A3C,0x5A5E,0x5A9E,0x5A9E,0x5A9D,0x629E,0x5A9E,0x5A7D,
  0x4A1A,0x212E,0x0865,0x216B,0x3A2E,0x3A4F,0x3A0B,0xCE79,0xF7FF,0xDFBF,0xE7DF,0xE7DF,0xE7DF,0xE7DF,0xE7BF,0xE7DF,
  0xE7DF,0xE7DF,0xE7DF,0xE7DF,0xE7DF,0xE7DF,0xE7DF,0xE7DF,0xE7DF,0xDFDF,0xDF7D,0x52CD,0x2A0F,0x198C,0x29EE,0x8C95,
  0x7C35,0x52F1,0x29EE,0x29EE,0x6B91,0xFFFF,0xDFBF,0xE7DF,0xE7DF,0xE7DF,0xE7DF,0xE7DF,0xE7DF,0xE7DF,0xE7DF,0xE7DF,
  0xE7DF,0xE7DF,0xE7DF,0xE7DF,0xE7DF,0xE7BF,0xFFFF,0x4A8B,0x426E,0x5312,0x320E,0x3A4F,0x10C6,0x10C7,0x62BB,0x6B1F,
  0x62BD,0x62BC,0x5A9C,0x5ABC,0x5ABC,0x62DC,0x5A9C,0x62BC,0x5A7C,0x5A5D,0x525D,0x3193,0x0866,0x216C,0x3A2F,0x218C,
  0xA535,0xFFFF,0xDF9F,0xE7DF,0xE7BF,0xE7DF,0xE7DF,0xE7DF,0xE7DF,0xE7DF,0xE7DF,0xE7DF,0xDFDF,0xE7FF,0xC79F,0xB75F,
  0xBF5F,0xBF7F,0xB73F,0xEFFF,0xEFFF,0xDF9F,0xF7FF,0x9D55,0x1925,0xF7FF,0xE7DF,0xEFFF,0xC67A,0x320B,0x42B0,0x5312,
  0x426E,0x3188,0x39E9,0x39E9,0x39E8,0xA534,0xBDF7,0xA4F1,0x8BEB,0x72C3,0x8323,0x9362,0xA3C2,0xAC24,0xAC25,0xAC05,
  0x8B85,0x9C6C,0x9CAE,0x8C2D,0x7307,0x83AA,0x946E,0xBE17,0xB5D6,0xAD94,0xA4CF,0xA4EE,0xACAC,0x9C28,0x9C08,0x9C6D,
  0x9C8D,0xB594,0xBDF7,0xB5F6,0xB5F7,0xB5F7,0xB5F7,0xB5F7,0xB5F7,0xB5F7,0xB5F7,0xB5F7,0xB5F7,0xB5F7,0xB5F7,0xB5F7,
  0xB5F7,0xB5F7,0xB5F7,0xB5F7,0xB5F7,0xB5F7,0xB5F7,0xB5F7,0xB5F7,0xB5F7,0xB5F7,0xB5F7,0xB5F7,0xB5F7,0xB5F7,0xB5F7,
  0xB5F7,0xB5F7,0xB5F7,0xB5F7,0xB5F7,0xB5F7,0xB5F7,0xB5F7,0xB5F7,0xB5F7,0xB5F7,0xB5F7,0xB5F7,0xB5F6,0xB5F6,0xBE17,
  0xBE38,0xBE38,0xBE18,0xBE38,0xBE38,0xB5F7,0xB5F7,0xB5F7,0xB5F7,0xB5F7,0xB5F7,0xB5F7,0xB5F7,0xB5F7,0xB5F7,0xB5F7,
  0xB5F7,0xB5F7,0xB5F7,0xB5F7,0xB5F7,0xB5F7,0xB5F7,0xB5F7,0xB5F7,0xB5F7,0xB5F7,0xB5F7,0xB5D6,0xB5F6,0xBDF7,0xBE18,
  0xBE58,0xBE17,0xB5F7,0xB5F7,0xB5F6,0xBE17,0xBE38,0xBE38,0xBE38,0xBE38,0xBE18,0xBE18,0xBE18,0xBE38,0xBE18,0xBE18,
  0xBE18,0xB5F7,0xB5F6,0xB5F6,0xB5F7,0xB5F7,0xBDF7,0xBDF7,0xB5F7,0xB5F7,0xBE18,0xBE18,0xBE38,0xBE18,0xB5F6,0xB5F7,
  0xB5F7,0xBE17,0xBE18,0xBE18,0xBE18,0xBE18,0xBE18,0xB5F7,0xB5F6,0xB5D6,0xC658,0x634D,0x2104,0x31E9,0x5B53,0x428F,
  0x4AD0,0x322E,0x6370,0xFFFF,0xE7DF,0xEFDF,0x1904,0xB5D7,0xF7FF,0xE7BF,0xE7DF,0xF7FF,0xDF5D,0xA63B,0xAE7B,0xB69C,
  0xB69C,0xDFBF,0xEFDF,0xE7BF,0xE7DF,0xE7DF,0xE7DF,0xE7DF,0xE7DF,0xE7DF,0xE7DF,0xDFBF,0xE7DF,0xDFBF,0xEFFF,0xC638,
  0x31EC,0x5312,0x29EE,0x218D,0x0045,0x31B1,0x83FF,0x62BD,0x5A9D,0x62DD,0x6B1D,0x5A9C,0x5ABC,0x62BC,0x525C,0x735C,
  0x6AFD,0x62DF,0x41D7,0x0867,0x192A,0x3A4F,0x426F,0x426C,0xEF7D,0xE7DF,0xE7DF,0xE7DF,0xE7DF,0xE7DF,0xE7DF,0xE7DF,
  0xE7DF,0xE7DF,0xE7DF,0xE7DF,0xE7DF,0xE7DF,0xE7DF,0xE7DF,0xE7DF,0xDF9F,0xE79D,0x4ACD,0x2A0F,0x218C,0x320E,0x8C95,
  0x8455,0x52F1,0x29ED,0x29EE,0x6BB2,0xFFFF,0xE7BF,0xE7DF,0xE7DF,0xE7DF,0xE7DF,0xE7DF,0xE7DF,0xE7DF,0xE7DF,0xE7DF,
  0xE7DF,0xE7DF,0xE7DF,0xE7DF,0xDFBF,0xFFFF,0xA576,0x2169,0x6393,0x320E,0x3A4F,0x10E7,0x10E8,0x5ABE,0x6B1F,0x62DD,
  0x5ABD,0x62BD,0x62BD,0x62BD,0x5ABD,0x5A9C,0x5A9C,0x5A9C,0x5A9D,0x5A9C,0x5A7C,0x62BF,0x4217,0x0066,0x298C,0x31EE,
  0x3A0C,0xE75C,0xE7DF,0xDFBF,0xE7BF,0xE7DF,0xE7DF,0xE7DF,0xE7DF,0xE7DF,0xE7DF,0xE7DF,0xE7DF,0xE7FF,0xC79F,0xB75F,
  0xBF5F,0xBF7F,0xB73F,0xEFFF,0xEFFF,0xDF9F,0xF7FF,0x9535,0x2165,0xF7FF,0xE7DF,0xEFFF,0xC69A,0x3A0B,0x42B1,0x5332,
  0x426E,0x31C8,0x39E9,0x39C8,0x41E8,0xA554,0xBE17,0xBE18,0xBE38,0xADB5,0xAD74,0x946E,0x8387,0x8344,0x9342,0x9362,
  0x9342,0x8302,0x7B24,0x7B48,0x9C8F,0xB5D6,0xBE38,0xB5F6,0xB5D6,0x9CB0,0x7326,0x7305,0x7306,0x8388,0x9C6D,0x942D,
  0x944D,0xA532,0xBE17,0xB5F6,0xB5F7,0xB5F7,0xB5F7,0xB5F7,0xB5F7,0xB5F7,0xB5F7,0xB5F7,0xB5F7,0xB5F7,0xB5F7,0xB5F7,
  0xB5F7,0xB5F7,0xB5F7,0xB5F7,0xB5F7,0xB5F7,0xB5F7,0xB5F7,0xB5F7,0xB5F7,0xB5F7,0xB5F7,0xB5F7,0xB5F7,0xB5F7,0xB5F7,
  0xB5F7,0xB5F7,0xB5F7,0xB5F7,0xB5F7,0xB5F7,0xB5F7,0xB5F7,0xB5F7,0xB5F7,0xB5F7,0xB5F7,0xB5F7,0xB5F7,0xB5F7,0xB5F6,
  0xB5D6,0xB5D6,0xB5F6,0xB5F6,0xB5F6,0xB5F7,0xB5F7,0xB5F7,0xB5F7,0xB5F7,0xB5F7,0xB5F7,0xB5F7,0xB5F7,0xB5F7,0xB5F7,
  0xB5F7,0xB5F7,0xB5F7,0xB5F7,0xB5F7,0xB5F7,0xB5F7,0xB5F7,0xB5F7,0xB5F7,0xB5F7,0xB5F7,0xB5F7,0xB5F7,0xB5F7,0xB5F6,
  0xB5D6,0xB5F6,0xB5F7,0xB5F6,0xBE17,0xA534,0x942E,0x8BC9,0x8BEA,0x9CB0,0xA4F1,0xA532,0xA532,0x9CAF,0xAD0F,0xB510,
  0xAD30,0xB5D5,0xBE17,0xBDF7,0xB5F6,0xBDF7,0xB5B5,0xB5B5,0xB5D6,0xBDF5,0xB572,0xACCC,0xACEF,0xAD52,0xBDF7,0xB5F6,
  0xB5D6,0xB573,0xB4ED,0xACAA,0xA48A,0xACCB,0xB571,0xBDF6,0xBE38,0xB5F7,0xC658,0x6B8E,0x2104,0x426C,0x4AF1,0x3A6E,
  0x5311,0x2A0E,0x6B90,0xF7FF,0xDFDF,0xEFBF,0x1925,0xB5F7,0xF7FF,0xE7BF,0xE7BF,0xF7FF,0xDF3D,0xA63A,0xB69C,0xB69C,
  0xB6BC,0xDF9F,0xEFDF,0xE7BF,0xE7DF,0xE7DF,0xE7DF,0xE7DF,0xE7DF,0xE7DF,0xE7DF,0xE7DF,0xE7BF,0xE7DF,0xEF9D,0x52CE,
  0x3A4F,0x29ED,0x3A50,0x0046,0x3A14,0x83DF,0x521C,0x62DD,0x62FD,0x629D,0x62BD,0x62DD,0x62BD,0x5A9D,0x5ABC,0x5A9C,
  0x5ABC,0x5A9C,0x5A7D,0x523B,0x10A8,0x1929,0x428F,0x426E,0x73D0,0xFFFF,0xDFBF,0xE7DF,0xE7DF,0xE7DF,0xE7DF,0xE7DF,
  0xE7DF,0xE7DF,0xE7DF,0xE7DF,0xE7DF,0xE7DF,0xE7DF,0xE7DF,0xE7DF,0xDFBF,0xDF7D,0x52EE,0x2A0F,0x198C,0x320E,0x8C96,
  0x7C34,0x4AF1,0x29ED,0x29CE,0x6BB2,0xFFFF,0xDFBF,0xE7DF,0xE7DF,0xE7DF,0xE7DF,0xE7DF,0xE7DF,0xE7DF,0xE7DF,0xE7DF,
  0xE7DF,0xE7DF,0xE7DF,0xE7DF,0xE7DF,0xF7FF,0x3A2A,0x5311,0x3A6F,0x3A4F,0x194A,0x0864,0x5ABC,0x62DE,0x62DD,0x62DD,
  0x62BD,0x62BD,0x62BD,0x5A9D,0x5A9D,0x5A9D,0x5A9D,0x5A9D,0x5A9D,0x5A9D,0x5A9D,0x5ABC,0x6B1F,0x31B4,0x0887,0x31CE,
  0x298C,0x8C93,0xF7FF,0xDF9F,0xE7DF,0xE7BF,0xE7DF,0xE7DF,0xE7DF,0xE7DF,0xE7DF,0xE7DF,0xE7DF,0xE7FF,0xC79F,0xB75F,
  0xBF5F,0xBF5F,0xB75F,0xEFFF,0xEFFF,0xDF9F,0xF7FF,0x9535,0x2986,0xF7FF,0xDFBF,0xEFFF,0xC69A,0x3A0B,0x4AD1,0x5B32,
  0x426E,0x31C8,0x31A8,0x4209,0x4208,0xA514,0xBE17,0xB5D6,0xB5D6,0xBE17,0xBE18,0xBE39,0xBE39,0xADB6,0xA554,0xA554,
  0xA554,0xAD95,0xBE39,0xBE5A,0xBE7A,0xBE18,0xBDF7,0xBE17,0xBE38,0xC67A,0xC67A,0xBE38,0xBE18,0xBE38,0xBE38,0xBE38,
  0xBE38,0xBE17,0xB5F6,0xB5F7,0xB5F7,0xB5F7,0xB5F7,0xB5F7,0xB5F7,0xB5F7,0xB5F7,0xB5F7,0xB5F7,0xB5F7,0xB5F7,0xB5F7,
  0xB5F7,0xB5F7,0xB5F7,0xB5F7,0xB5F7,0xB5F6,0xB5F6,0xB5F6,0xB5F7,0xB5F7,0xB5F7,0xB5F7,0xB5F7,0xB5F6,0xB5F7,0xB5F7,
  0xB5F7,0xB5F7,0xB5F7,0xB5F7,0xB5F7,0xB5F7,0xB5F7,0xB5F7,0xB5F7,0xB5F7,0xB5F7,0xB5F7,0xB5F7,0xB5F7,0xB5F7,0xB5F7,
  0xB5F7,0xB5F7,0xB5F7,0xB5F7,0xB5F6,0xB5F6,0xB5F6,0xB5F6,0xB5F6,0xB5F6,0xB5F6,0xB5F7,0xB5F6,0xB5F7,0xB5F7,0xB5F7,
  0xB5F7,0xB5F7,0xB5F7,0xB5F7,0xB5F7,0xB5F7,0xB5F7,0xB5F7,0xB5F7,0xB5F7,0xB5F7,0xB5F7,0xB5F7,0xB5F7,0xB5F7,0xB5F7,
  0xB5F7,0xB5F7,0xB5F7,0xB5F6,0xBDF7,0xAD74,0xA4F2,0xA532,0xA532,0xA512,0xAD53,0x948E,0x944D,0x8C0C,0x8366,0x8B23,
  0x8B65,0x8BA8,0x944D,0xAD74,0xBDF7,0xBDF7,0x9CF1,0x7B68,0x8BA8,0x93E8,0x9385,0x8B65,0x8346,0x9C8F,0xB5F7,0xBE17,
  0xA512,0x7AC5,0x8344,0x8344,0x8345,0x7AC1,0x8300,0x9383,0xA449,0xA4AE,0xBE37,0x6BAF,0x18E3,0x424B,0x4AF1,0x426F,
  0x4AF1,0x320E,0x6B70,0xF7FF,0xDFBF,0xEFDF,0x2145,0xB5D7,0xF7FF,0xE7BF,0xE7DF,0xF7FF,0xDF5D,0xA63B,0xAE5B,0xB69C,
  0xB6BC,0xD79F,0xE7DF,0xE7DF,0xE7BF,0xE7DF,0xE7DF,0xE7DF,0xE7DF,0xE7DF,0xE7DF,0xE7DF,0xDFBF,0xF7FF,0x9CF4,0x426F,
  0x31EE,0x29CE,0x08A7,0x39F3,0x62DF,0x5ABD,0x62BD,0x62BD,0x62BD,0x62BD,0x629D,0x62DD,0x62BD,0x5A9D,0x62BD,0x62BD,
  0x62DD,0x62BD,0x5A9C,0x629D,0x527B,0x1086,0x296B,0x4AB0,0x422C,0xC659,0xEFFF,0xE7BF,0xE7DF,0xE7DF,0xE7DF,0xE7DF,
  0xE7DF,0xE7DF,0xE7DF,0xE7DF,0xE7DF,0xE7DF,0xE7DF,0xE7DF,0xE7DF,0xE7FF,0xDF7D,0x52CD,0x2A0F,0x218D,0x320E,0x8C95,
  0x8455,0x5311,0x29EE,0x29CE,0x6B91,0xFFFF,0xDFBF,0xE7DF,0xE7DF,0xE7DF,0xE7DF,0xE7DF,0xE7DF,0xE7DF,0xE7DF,0xE7DF,
  0xE7DF,0xE7DF,0xE7DF,0xE7BF,0xF7FF,0xC65A,0x2989,0x5B53,0x320E,0x322F,0x0884,0x4A37,0x6ADF,0x62DD,0x62DD,0x62DD,
  0x62BD,0x62BD,0x62BD,0x62BD,0x5A9D,0x5A9D,0x5A9D,0x5A9D,0x5A9D,0x5A9C,0x5A9D,0x5A9D,0x5A9C,0x62BF,0x212E,0x1909,
  0x31EE,0x426E,0xEF9E,0xE7DF,0xE7BF,0xE7DF,0xE7DF,0xE7DF,0xE7DF,0xE7DF,0xE7DF,0xE7DF,0xE7DF,0xE7FF,0xC79F,0xB75F,
  0xBF5F,0xBF7F,0xBF5F,0xEFDF,0xEFFF,0xDF9F,0xFFFF,0x9514,0x2966,0xF7FF,0xDFBF,0xEFFF,0xC69A,0x3A0B,0x4AF1,0x5B32,
  0x424D,0x2987,0x2967,0x39C8,0x39E8,0x9D13,0xBE17,0xB5F6,0xBE17,0xBDD6,0xB551,0xA427,0xAC89,0xAC89,0xB550,0xBDF5,
  0xBDF6,0xBE17,0xBDD4,0xB52E,0xACAB,0x93C5,0x8B63,0x8303,0x8B24,0x8BAA,0x9C8E,0xB5F6,0xB5F6,0xB5F6,0xB5D6,0xB5D6,
  0xB5D6,0xB5F6,0xB5F7,0xB5F7,0xB5F7,0xB5F7,0xB5F7,0xB5F7,0xB5F7,0xB5F7,0xB5F7,0xB5F7,0xB5F7,0xB5F7,0xB5F7,0xB5F7,
  0xB5F7,0xB5F7,0xB5F7,0xB5F7,0xB5F7,0xBDF7,0xBE17,0xB5F7,0xB5F6,0xB5F6,0xB5F6,0xB5D6,0xB5F6,0xBE17,0xB5F7,0xB5F7,
  0xB5F7,0xB5F7,0xB5F7,0xB5F7,0xB5F7,0xB5F7,0xB5F7,0xB5F7,0xB5F7,0xB5F6,0xB5F6,0xB5F6,0xB5F6,0xB5F6,0xB5F7,0xB5F7,
  0xB5F7,0xB5F7,0xB5F6,0xB5F7,0xBE18,0xBE18,0xB618,0xB618,0xB618,0xB5F7,0xB5F7,0xB5F7,0xBE17,0xBDF7,0xB5F7,0xB5F7,
  0xB5F7,0xB5F7,0xB5F7,0xB5F7,0xB5F7,0xB5F7,0xB5F7,0xB5F7,0xB5F7,0xB5F7,0xB5F7,0xB5F7,0xB5F7,0xB5F7,0xB5F7,0xB5F7,
  0xB5F7,0xB5F7,0xB5F7,0xB5F7,0xB5F6,0xBE17,0xBE38,0xBE18,0xBE18,0xBE18,0xBE17,0xBE38,0xBE38,0xBE59,0xBE18,0xB5F7,
  0xB5F7,0xB5D6,0xB5B6,0xB5F7,0xB5F7,0xB5F7,0xBE17,0xB5F6,0xB5F7,0xB5B5,0xB5B6,0xB5F7,0xBE18,0xBE38,0xB5F7,0xBE18,
  0xB618,0xBE18,0xBE39,0xB619,0xBE39,0xA533,0x8BEA,0x8C0B,0x8BC9,0xA511,0xC658,0x7BF0,0x2104,0x31EA,0x5312,0x324E,
  0x4AD0,0x320E,0x6B91,0xF7FF,0xE7BF,0xEFDF,0x1925,0xB5D7,0xF7FF,0xE7BF,0xE7DF,0xF7FF,0xDF3D,0xA63B,0xAE7B,0xB69C,
  0xB6BC,0xDF9F,0xEFDF,0xE7DF,0xE7DF,0xE7DF,0xE7DF,0xE7DF,0xE7DF,0xE7DF,0xE7DF,0xE7BF,0xE7FF,0xE77D,0x5B0F,0x4270,
  0x29CD,0x10E9,0x212B,0x62DF,0x6B1E,0x6AFE,0x5A9D,0x62BD,0x62BD,0x62BD,0x62BD,0x5A9D,0x5A9D,0x5A9D,0x629D,0x5A9D,
  0x62BD,0x62BD,0x5A9C,0x62BC,0x629E,0x4216,0x10C6,0x3A2E,0x424E,0x73B0,0xFFFF,0xDFBF,0xE7DF,0xE7BF,0xE7DF,0xE7DF,
  0xE7DF,0xE7DF,0xE7DF,0xE7DF,0xE7DF,0xE7DF,0xE7DF,0xE7DF,0xE7DF,0xE7DF,0xDF7D,0x52CD,0x29EF,0x218D,0x31EE,0x8C75,
  0x7C55,0x5311,0x29ED,0x29CD,0x73B2,0xFFFF,0xE7BF,0xE7DF,0xE7DF,0xE7DF,0xE7DF,0xE7DF,0xE7DF,0xE7DF,0xE7DF,0xE7DF,
  0xE7DF,0xE7DF,0xE7DF,0xDFBF,0xFFFF,0x7C31,0x3A2D,0x42B0,0x322E,0x194A,0x1909,0x6B1F,0x62DD,0x62FE,0x62DD,0x62DD,
  0x62BD,0x62BD,0x62BD,0x62BD,0x62BD,0x5A9D,0x5A9D,0x5A9D,0x5A9D,0x5A9D,0x5A9D,0x5ABD,0x5ABD,0x62BD,0x5A7B,0x10C9,
  0x31CD,0x29AC,0xC639,0xEFFF,0xDFBF,0xE7DF,0xE7DF,0xE7DF,0xE7DF,0xE7DF,0xE7DF,0xE7DF,0xE7DF,0xE7FF,0xC77F,0xB75F,
  0xBF5F,0xBF5F,0xB75F,0xEFFF,0xEFFF,0xDF9F,0xF7FF,0x9534,0x2986,0xEFFF,0xDFBF,0xEFFF,0xC69A,0x31EB,0x4AB1,0x5B32,
  0x426D,0x29A7,0x3188,0x31A8,0x4208,0xA534,0xBE17,0xB5D6,0x8BCA,0x8B43,0x8B22,0x9321,0xA3A2,0xABE3,0xA3E3,0xABE3,
  0xAC04,0xA3E4,0x9340,0x8B20,0x93A6,0xA4CF,0x9CD0,0x9CD0,0x9CB0,0x9C8F,0x9CD0,0xB5D6,0xB5F7,0xB5F7,0xB5F7,0xB5F7,
  0xB5F7,0xB5F7,0xB5F7,0xB5F7,0xB5F7,0xB5F7,0xB5F7,0xB5F7,0xB5F7,0xB5F7,0xB5F7,0xB5F7,0xB5F7,0xB5F7,0xB5F7,0xB5F7,
  0xB5F7,0xB5F7,0xB5F7,0xB5F7,0xB5F7,0xB5B5,0xB594,0xBDB5,0xBE17,0xBE38,0xBE38,0xBE38,0xBE17,0xAD74,0xB5D6,0xB5F7,
  0xB5F7,0xB5F7,0xB5F7,0xB5F7,0xB5F7,0xB5F7,0xB5F6,0xB5D6,0xB5F6,0xB618,0xB5F8,0xB5F7,0xBE18,0xBE38,0xBDF7,0xB5F7,
  0xB5F7,0xBDF7,0xB5D6,0x8C0C,0x8B66,0x9BE5,0xAC46,0xB52D,0xB570,0xBDD5,0xBDF6,0xBDD5,0xAD73,0xB5B6,0xBDF7,0xB5F7,
  0xB5F7,0xB5F7,0xB5F7,0xB5F7,0xB5F7,0xB5F7,0xB5F7,0xB5F7,0xB5F7,0xB5F7,0xB5F7,0xB5F7,0xB5F7,0xB5F7,0xB5F7,0xB5F7,
  0xB5F7,0xB5F7,0xB5F7,0xB5F7,0xB5F7,0xB5F6,0xB5F6,0xB5F6,0xB5F6,0xB5F6,0xB5F6,0xB5F6,0xB5D6,0xB5D6,0xB5F6,0xBDF6,
  0xBE18,0xBE39,0xBE18,0xB5D5,0xBDD5,0xB5B5,0xB5D6,0xBE18,0xB5F7,0xBDF6,0xBDF7,0xBDF6,0xBDF7,0xB5D6,0xB5B4,0xB550,
  0xACAA,0xA407,0xACEE,0xB550,0xB5B4,0xBE38,0xC679,0xC638,0xBE38,0xB5F7,0xC658,0x6B8E,0x31A7,0x3A2B,0x4B11,0x3A4E,
  0x4AD0,0x322E,0x6B90,0xF7FF,0xE7BF,0xEFBF,0x1904,0xB5D7,0xF7FF,0xE7BF,0xE7DF,0xF7FF,0xDF3D,0xA63B,0xAE7B,0xAE7C,
  0xBEBD,0xDF9F,0xEFDF,0xE7BF,0xE7DF,0xE7BF,0xE7DF,0xE7DF,0xE7DF,0xE7DF,0xE7DF,0xDFBF,0xF7FF,0xB5B6,0x426E,0x322E,
  0x29CE,0x0066,0x62F8,0x6B1F,0x62DD,0x62DE,0x62DD,0x62BD,0x5A9D,0x62BD,0x5A9D,0x5A9D,0x62BD,0x5A9D,0x5A7D,0x62DD,
  0x62BD,0x62BD,0x5A9D,0x62BD,0x62BC,0x629E,0x18EA,0x216A,0x426E,0x424C,0xDF3C,0xE7FF,0xE7BF,0xE7DF,0xE7BF,0xE7DF,
  0xE7DF,0xE7DF,0xE7DF,0xE7DF,0xE7DF,0xE7DF,0xE7DF,0xE7DF,0xE7DF,0xDFBF,0xD75D,0x52CD,0x2A0F,0x198C,0x2A0E,0x8C96,
  0x7C55,0x52F1,0x29ED,0x29CE,0x73D2,0xFFFF,0xDFBF,0xE7DF,0xE7DF,0xE7DF,0xDFBF,0xDFBF,0xE7DF,0xE7DF,0xE7DF,0xE7DF,
  0xE7DF,0xE7DF,0xE7DF,0xE7BF,0xFFFF,0x4AAC,0x4AB0,0x3A4E,0x320F,0x0885,0x4214,0x731F,0x62FD,0x62DE,0x62DD,0x62DD,
  0x62DD,0x6AFE,0x62BD,0x62BD,0x629D,0x5A9D,0x5A9D,0x5A9D,0x5A9D,0x5A9D,0x5A9D,0x5A9D,0x62BD,0x62BD,0x6AFF,0x210C,
  0x216B,0x298C,0x94B5,0xF7FF,0xDF9F,0xE7DF,0xE7DF,0xE7BF,0xE7DF,0xE7DF,0xE7DF,0xE7DF,0xE7DF,0xE7FF,0xC79F,0xB75F,
  0xBF5F,0xBF7F,0xBF5F,0xEFFF,0xEFFF,0xDF9F,0xFFFF,0x9514,0x2966,0xF7FF,0xDFBF,0xEFFF,0xC69A,0x3A2B,0x42B0,0x5332,
  0x428E,0x31A8,0x2987,0x3A09,0x4208,0x9D13,0xBE17,0xB5D6,0xADB5,0xA512,0x946E,0x9CAF,0x940A,0x8BA7,0x8BE8,0x93C8,
  0x8B87,0x942B,0x9CAF,0xA554,0xB618,0xBE38,0xBE18,0xBE38,0xBE38,0xBE38,0xBE18,0xB5F6,0xB5F6,0xB5F6,0xB5F7,0xB5F7,
  0xB5F7,0xB5F7,0xB5F7,0xB5F7,0xB5F7,0xB5F7,0xB5F7,0xB5F7,0xB5F7,0xB5F7,0xB5F7,0xB5F7,0xB5F7,0xB5F7,0xB5F7,0xB5F7,
  0xB5F7,0xB5F7,0xB5F6,0xBE17,0xA533,0x8BCA,0x8367,0x8324,0x93C7,0x9C28,0x9C06,0x93C6,0x8388,0x8BEB,0xB5F7,0xBDF7,
  0xB5F7,0xB5F7,0xB5F7,0xB5F7,0xB5F7,0xB5F6,0xBE17,0xBE38,0xBE18,0xB571,0xB4AA,0xB487,0xAC47,0xA4AE,0xB5B6,0xBDF7,
  0xB5F7,0xB5F7,0xBDF7,0xB5D6,0xA533,0x944C,0x8365,0x8B41,0x9B81,0x9B81,0x9364,0x8BA8,0x8389,0xAD94,0xBE17,0xB5F6,
  0xB5F7,0xB5F7,0xB5F7,0xB5F7,0xB5F7,0xB5F7,0xB5F7,0xB5F7,0xB5F7,0xB5F7,0xB5F7,0xB5F7,0xB5F7,0xB5F7,0xB5F7,0xB5F7,
  0xB5F7,0xB5F7,0xB5F7,0xB5F7,0xB5F7,0xB5F7,0xB5F7,0xB5F7,0xB5F7,0xB5F7,0xB5F7,0xB5F7,0xB5F7,0xB5F7,0xB5F6,0xBDF7,
  0xAD32,0x9C4C,0x9384,0x9B61,0x9B82,0xA3A3,0xAC25,0xB4EC,0xBDF6,0xBE39,0xBE18,0xBE17,0xA512,0x944E,0x8BA8,0x72A1,
  0x7AE0,0x82C0,0x82C0,0x82E0,0x9341,0x9384,0x8B86,0x7B26,0xAD53,0xB5F7,0xC658,0x6B8E,0x2965,0x422B,0x4AF1,0x3A6E,
  0x42B0,0x324F,0x6370,0xF7FF,0xDFBF,0xEFDF,0x1925,0xB5F7,0xF7FF,0xE7BF,0xE7DF,0xF7FF,0xDF3D,0xA63B,0xAE5B,0xAE7C,
  0xB69C,0xD77E,0xEFFF,0xE7BF,0xE7DF,0xDFBF,0xE7DF,0xE7BF,0xE7DF,0xE7DF,0xE7DF,0xDFBF,0xFFFF,0x7C11,0x3A4F,0x31EE,
  0x214B,0x10A8,0x735E,0x62FE,0x62DE,0x62DE,0x62DE,0x5A9D,0x62BD,0x629D,0x62DD,0x62BD,0x629D,0x62BD,0x62BD,0x62BD,
  0x62BD,0x62BC,0x7B7D,0x62BD,0x62BC,0x6ADF,0x3993,0x10C6,0x426F,0x31EB,0xAD76,0xF7FF,0xDFBF,0xE7DF,0xE7BF,0xE7DF,
  0xE7DF,0xE7DF,0xE7DF,0xE7DF,0xE7DF,0xE7DF,0xE7DF,0xE7DF,0xE7DF,0xD77F,0xDF5D,0x4AAD,0x2A0F,0x198C,0x29ED,0x8C96,
  0x7C35,0x5312,0x29ED,0x29CE,0x6B92,0xEFFF,0xDFBF,0xE7DF,0xE7DF,0xE7DF,0xE7DF,0xE7DF,0xE7DF,0xE7DF,0xE7DF,0xE7DF,
  0xE7DF,0xE7DF,0xE7DF,0xE7DF,0xEFBF,0x3A0A,0x4AF1,0x322E,0x320E,0x1908,0x6AFE,0x6AFE,0x62FE,0x62DE,0x62DE,0x62DD,
  0x62DE,0x62DD,0x5A9D,0x62BD,0x5A9D,0x5A9D,0x62BD,0x5A9D,0x5A9D,0x5A9D,0x5A9D,0x5A9D,0x62BD,0x62BD,0x6AFF,0x3192,
  0x1909,0x298D,0x6B91,0xFFFF,0xDF9F,0xE7BF,0xE7BF,0xE7DF,0xE7DF,0xE7DF,0xE7DF,0xE7DF,0xDFDF,0xE7FF,0xCF9F,0xB75F,
  0xBF5F,0xBF7F,0xB75F,0xEFFF,0xEFFF,0xDF9F,0xF7FF,0x9514,0x2986,0xF7FF,0xDFBF,0xEFFF,0xC67A,0x3A2C,0x42B0,0x5311,
  0x4AAF,0x2988,0x3188,0x31C8,0x39E8,0x9D14,0xBE17,0xB5F6,0xBE17,0xBE38,0xC67A,0xC67A,0xBE59,0xBE38,0xB618,0xBE18,
  0xB618,0xBE38,0xBE38,0xBE17,0xB5F6,0xBDF7,0xBE17,0xBE17,0xBE38,0xBE18,0xB618,0xBE18,0xBE18,0xB618,0xB5F7,0xB5F6,
  0xB5F7,0xB5F7,0xB5F7,0xB5F7,0xB5F7,0xB5F7,0xB5F7,0xB5F7,0xB5F7,0xB5F7,0xB5F7,0xB5F7,0xB5F7,0xB5F7,0xB5F7,0xB5F7,
  0xB5F7,0xB5F7,0xB5F7,0xB5F7,0xB5F6,0xBE17,0xB5F7,0xAD95,0x9CD1,0x944C,0x944C,0x944D,0xAD53,0xBE17,0xBDF7,0xB5F7,
  0xB5F7,0xB5F7,0xB5F7,0xB5F7,0xB5F6,0xBE17,0x9CD0,0x9409,0xA405,0xA3C2,0x9383,0x93A5,0x8B84,0x8BEB,0xA553,0xBE17,
  0xB5F6,0xB5F7,0xB5F7,0xB5F7,0xBE17,0xBE38,0xB5D7,0xAD75,0x9CAF,0x946D,0xA533,0xB5B6,0xBE38,0xBDF7,0xB5F6,0xB5F7,
  0xB5F7,0xB5F7,0xB5F7,0xB5F7,0xB5F7,0xB5F7,0xB5F7,0xB5F7,0xB5F7,0xB5F7,0xB5F7,0xB5F7,0xB5F7,0xB5F7,0xB5F7,0xB5F7,
  0xB5F7,0xB5F7,0xB5F7,0xB5F7,0xB5F7,0xB5F7,0xB5F7,0xB5F7,0xB5F7,0xB5F7,0xB5F7,0xB5F7,0xB5F7,0xB5F7,0xB5F6,0xBDF7,
  0x9C8F,0x940B,0x944C,0x944D,0x946D,0x946D,0x8386,0x8B21,0x9383,0xA429,0xAD30,0xB5D6,0xBDD6,0xBDF7,0xB5F7,0xAD95,
  0xA533,0x944D,0x948E,0x944D,0x7B26,0x8C0B,0x9CD0,0xAD74,0xB5F6,0xB5D6,0xC658,0x6B8E,0x2124,0x52CE,0x4B11,0x3A6F,
  0x3A8F,0x3A6F,0x6B70,0xF7FF,0xE7DF,0xEFBF,0x1924,0xB5F8,0xF7FF,0xE7BF,0xE7DF,0xF7FF,0xDF3D,0xA63B,0xAE5B,0xAE7C,
  0xB6BD,0xDF9F,0xE79E,0xE7BF,0xE7DF,0xE7DF,0xE7DF,0xE7DF,0xE7DF,0xE7DF,0xE7DF,0xE7DF,0xEFDF,0x636F,0x3A6F,0x29ED,
  0x10E8,0x318F,0x737F,0x62DE,0x62DE,0x62BE,0x62BD,0x5A9D,0x629D,0x5A7D,0x62BD,0x62BD,0x5A9D,0x6AFD,0x6B1E,0x62BD,
  0x62BD,0x62BD,0x62BD,0x62BD,0x62BD,0x6ADD,0x525B,0x10A7,0x320D,0x3A0D,0x8431,0xF7FF,0xDFBF,0xE7BF,0xE7BF,0xE7DF,
  0xE7DF,0xE7DF,0xE7DF,0xE7DF,0xE7DF,0xE7DF,0xE7DF,0xE7DF,0xE7DF,0xDFDF,0xDF5D,0x4A8C,0x2A0F,0x218D,0x320E,0x8475,
  0x7C34,0x5311,0x29ED,0x21AD,0x73B2,0xE7FF,0xDF9F,0xE7DF,0xE7DF,0xE7DF,0xE7DF,0xE7DF,0xE7DF,0xE7DF,0xE7DF,0xE7DF,
  0xE7DF,0xE7DF,0xE7DF,0xEFFF,0xDF3D,0x3A2B,0x4AF1,0x320E,0x29CD,0x214A,0x735F,0x62FE,0x62FE,0x62DE,0x62DE,0x62DE,
  0x62BE,0x6AFE,0x62BD,0x62BD,0x62BD,0x5A9D,0x62BD,0x5A9D,0x5A9D,0x5A9D,0x5A9D,0x5A9D,0x5A9D,0x5ABD,0x6AFF,0x4A35,
  0x18E9,0x29AD,0x5B2F,0xF7FF,0xDFBF,0xE7BF,0xE7BF,0xE7BF,0xE7DF,0xE7DF,0xE7DF,0xE7DF,0xDFDF,0xE7FF,0xC79F,0xB75F,
  0xBF5F,0xBF7F,0xBF5F,0xEFFF,0xEFFF,0xDF9F,0xFFFF,0x9514,0x2966,0xF7FF,0xDFBF,0xEFFF,0xC67A,0x320B,0x4AD1,0x4AF1,
  0x424E,0x2988,0x2987,0x31A7,0x4209,0xA534,0xBE17,0xBE18,0xA4CF,0x8B64,0x9408,0x9C8E,0xA512,0xAD74,0xBDF7,0xB5F6,
  0xB5F6,0xB5F6,0xB5D6,0xB5F6,0xBDF7,0xAD74,0xA512,0xA512,0x9C2B,0xA44A,0xACCC,0xACEC,0xB4ED,0xB571,0xBDF6,0xBDF7,
  0xBDF7,0xB5F7,0xB5F7,0xB5F7,0xB5F7,0xB5F7,0xB5F7,0xB5F7,0xB5F7,0xB5F7,0xB5F7,0xB5F7,0xB5F7,0xB5F7,0xB5F7,0xB5F7,
  0xB5F7,0xB5F7,0xB5F7,0xB5F7,0xB5F7,0xB5F6,0xB5F6,0xBE17,0xBE38,0xBE38,0xBE39,0xBE38,0xBE17,0xB5F6,0xB5F7,0xB5F7,
  0xB5F7,0xB5F7,0xB5F7,0xB5F7,0xB5F7,0xB5F7,0xB5D6,0x9CAF,0x8BEA,0x944D,0xA533,0xB5F7,0xB5F8,0xBE38,0xBE17,0xB5F6,
  0xB5F7,0xB5F7,0xB5F7,0xB5F7,0xB5F6,0xB5D6,0xBDF7,0xBE17,0xBE38,0xBE38,0xBE17,0xBDF7,0xB5D6,0xB5F7,0xB5F7,0xB5F7,
  0xB5F7,0xB5F7,0xB5F7,0xB5F7,0xB5F7,0xB5F7,0xB5F7,0xB5F7,0xB5F7,0xB5F7,0xB5F7,0xB5F7,0xB5F7,0xB5F7,0xB5F7,0xB5F7,
  0xB5F7,0xB5F7,0xB5F7,0xB5F7,0xB5F7,0xB5F7,0xB5F7,0xB5F7,0xB5F7,0xB5F7,0xB5F7,0xB5F7,0xB5F7,0xB5F7,0xB5F7,0xB5F6,
  0xBE38,0xBE39,0xBE38,0xBE38,0xBE38,0xBE38,0xB5F7,0xA554,0x946E,0x93EA,0x8388,0x7B27,0x8B88,0xB595,0xBDF7,0xBE17,
  0xBE17,0xBE38,0xBE18,0xBE39,0xBE39,0xBE59,0xBE59,0xBE38,0xBE17,0xB5D6,0xC658,0x73AE,0x2124,0x424B,0x4B11,0x3A4E,
  0x3A4E,0x322E,0x6B91,0xF7FF,0xE7BF,0xEFDF,0x1925,0xB5F8,0xF7FF,0xE7BF,0xE7DF,0xF7FF,0xD73D,0xA63B,0xAE7C,0xB67C,
  0xB6DD,0xDF9F,0xDF9E,0xE7BF,0xE7DF,0xE7BF,0xE7DF,0xE7BF,0xE7DF,0xE7DF,0xE7BF,0xE7FF,0xDF1C,0x428D,0x3A4F,0x29EE,
  0x08A7,0x4A33,0x739F,0x62DE,0x62FE,0x62DE,0x62BE,0x629E,0x5A9D,0x5A9D,0x5A9D,0x5A9D,0x5A7D,0x5A9D,0x62BD,0x5A9D,
  0x5A9D,0x62BD,0x62BD,0x62DD,0x62BD,0x62BD,0x62BE,0x18CA,0x29AB,0x3A2E,0x5B0E,0xF7FF,0xDFBF,0xE7DF,0xE7BF,0xE7DF,
  0xE7DF,0xE7DF,0xE7DF,0xE7DF,0xE7DF,0xE7DF,0xE7DF,0xE7DF,0xE7DF,0xE7FF,0xDF7D,0x4A8C,0x2A2F,0x21AD,0x320E,0x8475,
  0x7C35,0x5312,0x29ED,0x21AD,0x73B2,0xFFFF,0xDFBF,0xE7DF,0xE7DF,0xE7DF,0xE7DF,0xE7DF,0xE7DF,0xE7DF,0xE7DF,0xE7DF,
  0xE7DF,0xE7DF,0xE7DF,0xEFFF,0xDF1C,0x320B,0x4AF1,0x320E,0x218B,0x212B,0x7B7F,0x62FE,0x62FE,0x62DE,0x62DE,0x62DE,
  0x62BE,0x62BD,0x62BD,0x629D,0x5A9D,0x5A9D,0x5A9D,0x5A9D,0x5A7D,0x5A9D,0x5A7D,0x6AFD,0x6B1D,0x5A9C,0x6AFE,0x5277,
  0x10C8,0x29AD,0x52EF,0xF7FF,0xDFBF,0xE7BF,0xE7BF,0xE7DF,0xE7DF,0xE7DF,0xE7DF,0xE7DF,0xE7DF,0xE7FF,0xC79F,0xB75F,
  0xBF5F,0xBF7F,0xBF5F,0xEFFF,0xEFFF,0xDF9F,0xFFFF,0x9D34,0x29A7,0xEFFF,0xDFBF,0xEFFF,0xC67A,0x320B,0x4AF1,0x52F1,
  0x426E,0x29A8,0x2988,0x31A8,0x4A4A,0xA534,0xBE17,0xBE17,0xA4F0,0x93EA,0x8BA8,0x940B,0x8C0C,0xA4F1,0xBE17,0xB5F6,
  0xB5F7,0xB5F7,0xB5F7,0xB5F6,0xBDF7,0xAD53,0x9CF1,0xA512,0x8BEA,0x8BA8,0x8323,0x8B63,0x8B20,0x8B42,0x8B87,0x7B07,
  0x9C8E,0xBE18,0xB5F6,0xB5F7,0xB5F7,0xB5F7,0xB5F7,0xB5F7,0xB5F7,0xB5F7,0xB5F7,0xB5F7,0xB5F7,0xB5F7,0xB5F7,0xB5F7,
  0xB5F7,0xB5F7,0xB5F7,0xB5F7,0xB5F7,0xB5F7,0xB5F7,0xB5F6,0xB5F6,0xB5D6,0xB5D6,0xB5D6,0xB5F6,0xB5F7,0xB5F7,0xB5F7,
  0xB5F7,0xB5F7,0xB5F7,0xB5F7,0xB5F7,0xB5F7,0xBDF7,0xBE38,0xBE39,0xBE38,0xBE17,0xBDF6,0xB5F6,0xB5D6,0xB5F6,0xB5F7,
  0xB5F7,0xB5F7,0xB5F7,0xB5F7,0xB5F7,0xB5F7,0xB5F7,0xB5F6,0xB5D6,0xB5D6,0xB5F6,0xB5F7,0xB5F7,0xB5F7,0xB5F7,0xB5F7,
  0xB5F7,0xB5F7,0xB5F7,0xB5F7,0xB5F7,0xB5F7,0xB5F7,0xB5F7,0xB5F7,0xB5F7,0xB5F7,0xB5F7,0xB5F7,0xB5F7,0xB5F7,0xB5F7,
  0xB5F7,0xB5F7,0xB5F7,0xB5F7,0xB5F7,0xB5F7,0xB5F7,0xB5F7,0xB5F7,0xB5F7,0xB5F7,0xB5F7,0xB5F7,0xB5F7,0xB5F7,0xB5F7,
  0xB5F6,0xB5D6,0xB5D6,0xB5D6,0xB5D6,0xB5D6,0xBDF7,0xBE17,0xBE38,0xBE59,0xBE18,0xB5D6,0xB5D6,0xB5F6,0xB5F7,0xB5F6,
  0xB5F6,0xB5F6,0xBE18,0xB5B4,0xAD0E,0xAC6A,0x93C5,0xA4AD,0xB5B5,0xB5D6,0xC658,0x73AF,0x2124,0x31C9,0x4AF1,0x3A6F,
  0x3A4E,0x2A0E,0x6B91,0xF7FF,0xE7DF,0xEFDF,0x2125,0xB5F7,0xF7FF,0xE7BF,0xE7DF,0xF7FF,0xD73D,0xA63B,0xAE5B,0xB69C,
  0xB6BD,0xDF9F,0xEFFF,0xE7BF,0xE7DF,0xE7DF,0xE7DF,0xE7DF,0xE7DF,0xE7DF,0xE7BF,0xEFFF,0xDEFB,0x426D,0x3A4F,0x29AD,
  0x0886,0x5AB6,0x735F,0x62DE,0x6B3E,0x6AFE,0x62BE,0x62BE,0x5A9D,0x5A9D,0x5A7D,0x5A9D,0x5A9D,0x629D,0x5A9D,0x629D,
  0x629D,0x629D,0x629D,0x62BD,0x62DD,0x62BC,0x6ADE,0x210C,0x29AB,0x3A0E,0x4A8C,0xF7FF,0xDFBF,0xE7BF,0xE7DF,0xE7DF,
  0xE7DF,0xE7DF,0xE7DF,0xE7DF,0xE7DF,0xE7DF,0xE7DF,0xE7DF,0xE7DF,0xE7FF,0xDF5D,0x4AAD,0x2A0F,0x21AD,0x31EE,0x8475,
  0x8455,0x5311,0x21CD,0x21AD,0x6BB2,0xFFFF,0xDFBF,0xE7DF,0xE7DF,0xE7DF,0xE7DF,0xE7DF,0xE7DF,0xE7DF,0xE7DF,0xE7DF,
  0xE7DF,0xE7DF,0xE7DF,0xEFFF,0xE77E,0x322B,0x4AD1,0x322E,0x198B,0x31AE,0x7B7F,0x62FE,0x62FE,0x62DE,0x62DE,0x62BE,
  0x62BE,0x62FE,0x5A9D,0x5A9D,0x5A9D,0x5A9D,0x5A9D,0x6AFD,0x62BD,0x5A9D,0x5A7D,0x62DD,0x62BD,0x5A9D,0x62DE,0x5278,
  0x10E8,0x29AD,0x52EE,0xF7FF,0xDFBF,0xE7DF,0xE7DF,0xE7DF,0xE7DF,0xE7DF,0xE7DF,0xDFDF,0xDF9F,0xE7BF,0xC79F,0xB75F,
  0xBF5F,0xBF7F,0xBF5F,0xEFFF,0xEFFF,0xDFBF,0xF7FF,0x9514,0x31C7,0xF7FF,0xDFBF,0xEFFF,0xC67A,0x320B,0x4AD1,0x52F1,
  0x426E,0x31A8,0x2987,0x31A8,0x4249,0xA534,0xBE17,0xB5D6,0xBE18,0xBE38,0xBE38,0xBE38,0xBE38,0xBE17,0xB5F6,0xB5F7,
  0xB5F7,0xB5F7,0xB5F7,0xB5F7,0xB5F6,0xBE17,0xBE38,0xBE18,0xBE38,0xBE38,0xB5D6,0xAD95,0x9CB0,0xA574,0xB5B5,0xAD95,
  0xB5D6,0xBDF7,0xB5F7,0xB5F7,0xB5F7,0xB5F7,0xB5F7,0xB5F7,0xB5F7,0xB5F7,0xB5F7,0xB5F7,0xB5F7,0xB5F7,0xB5F7,0xB5F7,
  0xB5F7,0xB5F7,0xB5F7,0xB5F7,0xB5F7,0xB5F7,0xB5F7,0xB5F7,0xB5F7,0xB5F7,0xB5F7,0xB5F7,0xB5F7,0xB5F7,0xB5F7,0xB5F7,
  0xB5F7,0xB5F7,0xB5F7,0xB5F7,0xB5F7,0xB5F7,0xB5F7,0xB5F6,0xB5D6,0xB5D6,0xB5F6,0xB5F7,0xB5F7,0xB5F7,0xB5F7,0xB5F7,
  0xB5F7,0xB5F7,0xB5F7,0xB5F7,0xB5F7,0xB5F7,0xB5F7,0xB5F7,0xB5F7,0xB5F7,0xB5F7,0xB5F7,0xB5F7,0xB5F7,0xB5F7,0xB5F7,
  0xB5F7,0xB5F7,0xB5F7,0xB5F7,0xB5F7,0xB5F7,0xB5F7,0xB5F7,0xB5F7,0xB5F7,0xB5F7,0xB5F7,0xB5F7,0xB5F7,0xB5F7,0xB5F7,
  0xB5F7,0xB5F7,0xB5F7,0xB5F7,0xB5F7,0xB5F7,0xB5F7,0xB5F7,0xB5F7,0xB5F7,0xB5F7,0xB5F7,0xB5F7,0xB5F7,0xB5F7,0xB5F7,
  0xB5F7,0xB5F7,0xB5F7,0xB5F7,0xB5F7,0xB5F7,0xB5F7,0xB5F6,0xB5D6,0xB5D6,0xB5F6,0xBDF7,0xBDF7,0xB5F7,0xB5F7,0xB5F6,
  0xBDF7,0xB5D6,0x944C,0x8B44,0x8B63,0x8344,0x8BC8,0x8BC8,0x8BEA,0xAD74,0xC658,0x73AF,0x2145,0x3A2B,0x4AF1,0x428F,
  0x322E,0x322E,0x73D2,0xF7FF,0xE7DF,0xE7BF,0x1924,0xB618,0xF7FF,0xE7BF,0xE7DF,0xF7FF,0xDF3D,0xA63B,0xAE7B,0xB67C,
  0xB6BC,0xDF9F,0xEFDF,0xDFBF,0xE7DF,0xE7DF,0xE7DF,0xE7DF,0xE7DF,0xE7DF,0xE7BF,0xEFFF,0xDEFB,0x4A8D,0x322F,0x29CD,
  0x08A6,0x62F7,0x735F,0x62DE,0x6AFE,0x62DE,0x629E,0x62BE,0x5A9D,0x5A9D,0x5A9D,0x5A7D,0x5A7D,0x5A9D,0x5A9D,0x5A9D,
  0x5A9D,0x62DD,0x6AFD,0x62DD,0x62BD,0x62BC,0x6ADE,0x294D,0x216A,0x3A2E,0x52AC,0xEFFF,0xDFBF,0xE7BF,0xE7BF,0xE7DF,
  0xE7DF,0xE7DF,0xE7DF,0xE7DF,0xE7DF,0xE7DF,0xE7DF,0xE7DF,0xE7DF,0xE7FF,0xDF3C,0x4AAC,0x2A0F,0x21AD,0x320E,0x8475,
  0x7C35,0x4AF1,0x29CD,0x21CD,0x6BB2,0xFFFF,0xDFBF,0xE7DF,0xE7DF,0xE7DF,0xE7DF,0xE7DF,0xE7DF,0xE7DF,0xE7DF,0xE7DF,
  0xE7DF,0xE7DF,0xE7DF,0xE7DF,0xEFDF,0x3A2A,0x4AD0,0x322E,0x21AB,0x31AE,0x7B9F,0x62FE,0x62FE,0x62DE,0x62BE,0x6AFE,
  0x7B7E,0x62DE,0x62DE,0x5A9D,0x5A9D,0x629D,0x5A9D,0x5A9D,0x5A9D,0x5A9D,0x5A9D,0x5A9D,0x5A9D,0x5A9C,0x62DE,0x5276,
  0x1909,0x218C,0x6330,0xFFFF,0xDF9F,0xE7BF,0xE7DF,0xE7BF,0xE7BF,0xE7DF,0xE7DF,0xE7DF,0xDF9F,0xDF9F,0xC79F,0xB75F,
  0xBF5F,0xBF5F,0xBF5F,0xEFFF,0xEFFF,0xDF9F,0xFFFF,0x94F3,0x2986,0xF7FF,0xDFBF,0xEFFF,0xC69A,0x29CA,0x42B0,0x4AF1,
  0x428E,0x31A8,0x2987,0x31A8,0x39E8,0x9D34,0xBE17,0xB5F6,0xB5F6,0xB5D6,0xB5F6,0xB5D6,0xB5D6,0xB5F6,0xB5F7,0xB5F7,
  0xB5F7,0xB5F7,0xB5F7,0xB5F7,0xB5F7,0xB5F6,0xB5F6,0xB5F6,0xB5D6,0xB5F6,0xBDF7,0xBE17,0xBE38,0xBE17,0xBDF7,0xBE17,
  0xBDF7,0xB5F6,0xB5F6,0xB5F6,0xB5F6,0xB5F6,0xB5F6,0xB5F6,0xB5F6,0xB5F7,0xB5F7,0xB5F7,0xB5F7,0xB5F7,0xB5F7,0xB5F7,
  0xB5F7,0xB5F7,0xB5F7,0xB5F6,0xB5F7,0xB5F7,0xB5F7,0xB5F7,0xB5F7,0xB5F7,0xB5F7,0xB5F7,0xB5F7,0xB5F7,0xB5F7,0xB5F6,
  0xB5F6,0xB5F6,0xB5F6,0xB5F6,0xB5F6,0xB5F7,0xB5F7,0xB5F7,0xB5F7,0xB5F7,0xB5F7,0xB5F7,0xB5F7,0xB5F6,0xB5F6,0xB5F6,
  0xB5F6,0xB5F7,0xB5F7,0xB5F7,0xB5F7,0xB5F7,0xB5F7,0xB5F7,0xB5F6,0xB5F6,0xB5F6,0xB5F6,0xB5F7,0xB5F6,0xB5F6,0xB5F6,
  0xB5F6,0xB5F6,0xB5F7,0xB5F7,0xB5F7,0xB5F7,0xB5F7,0xB5F7,0xB5F7,0xB5F7,0xB5F7,0xB5F7,0xB5F7,0xB5F7,0xB5F7,0xB5F7,
  0xB5F7,0xB5F7,0xB5F6,0xB5F6,0xB5F6,0xB5F6,0xB5F6,0xB5F6,0xB5F6,0xB5F7,0xB5F7,0xB5F7,0xB5F7,0xB5F7,0xB5F7,0xB5F7,
  0xB5F7,0xB5F7,0xB5F7,0xB5F7,0xB5F7,0xB5F7,0xB5F7,0xB5F7,0xB5F7,0xB5F7,0xB5F7,0xB5F7,0xB5F7,0xB5F7,0xB5F7,0xB5F7,
  0xBDF7,0xB5D6,0xAD53,0xAD95,0xAD95,0xADB6,0xBE18,0xBE18,0xBE17,0xB5D6,0xC638,0x73CF,0x31A7,0x3A4C,0x5311,0x428F,
  0x320D,0x322F,0x6BB2,0xF7FF,0xDFBF,0xE7DF,0x2145,0xBE18,0xF7FF,0xE7BF,0xE7DF,0xF7FF,0xDF3D,0xAE5B,0xAE5B,0xB67C,
  0xB6BD,0xDF9F,0xEFDF,0xE7BF,0xE7DF,0xE7BF,0xE7DF,0xE7BF,0xE7DF,0xE7DF,0xE7BF,0xEFFF,0xD6FB,0x4A8E,0x3A4F,0x29CD,
  0x10E8,0x5AD6,0x6B3F,0x62DE,0x62FE,0x62DE,0x62BE,0x5A9E,0x5A9E,0x62BE,0x5A9D,0x5A7D,0x5A7D,0x5A9D,0x5A9D,0x629D,
  0x62BD,0x5A9D,0x629D,0x62DD,0x62BD,0x62BC,0x6ABE,0x210C,0x218A,0x3A2E,0x5AED,0xF7FF,0xDFBF,0xE7BF,0xE7DF,0xE7DF,
  0xE7DF,0xE7DF,0xE7DF,0xE7DF,0xE7DF,0xE7DF,0xE7DF,0xE7DF,0xE7DF,0xE7FF,0xDF3C,0x4AAD,0x2A2F,0x21AD,0x320E,0x8455,
  0x7C35,0x5311,0x29ED,0x21AD,0x73D2,0xFFFF,0xDFBF,0xE7DF,0xE7DF,0xE7DF,0xE7DF,0xE7DF,0xE7DF,0xE7DF,0xE7DF,0xE7DF,
  0xE7DF,0xE7DF,0xE7DF,0xE7BF,0xFFFF,0x5B0E,0x42B0,0x322E,0x29ED,0x214A,0x7B9E,0x62FE,0x62DE,0x62DE,0x62BE,0x62BD,
  0x62BE,0x629E,0x6AFE,0x62BD,0x5A9D,0x5A9D,0x5A9D,0x5A9D,0x5A9D,0x62BD,0x5A9D,0x5A9D,0x5A9D,0x5A7C,0x733F,0x39B2,
  0x192A,0x29AD,0x8C74,0xF7FF,0xDF9F,0xE7DF,0xE7BF,0xE7DF,0xE7DF,0xE7DF,0xE7DF,0xE7DF,0xE7DF,0xEFFF,0xC77F,0xB75F,
  0xBF7F,0xBF5F,0xBF5F,0xEFFF,0xEFFF,0xDFBF,0xFFFF,0x94D3,0x2986,0xF7FF,0xDFBF,0xEFFF,0xC69A,0x29CA,0x4AB0,0x4290,
  0x426E,0x31C9,0x2988,0x31A8,0x39E8,0x9D34,0xBE17,0xB5F6,0xB5F7,0xB5F7,0xB5F7,0xB5F7,0xB5F7,0xB5F7,0xB5F7,0xB5F7,
  0xB5F7,0xB5F7,0xB5F7,0xB5F7,0xB5F7,0xB5F7,0xB5F7,0xB5F7,0xB5F7,0xB5F7,0xB5F7,0xB5F6,0xB5D6,0xB5F6,0xB5D6,0xB5D6,
  0xB5F6,0xBDF7,0xBE18,0xBE18,0xBE18,0xBE18,0xB617,0xB617,0xBDF7,0xB5F6,0xB5F6,0xB5F7,0xB5F7,0xB5F7,0xB5F7,0xB5F6,
  0xB5F6,0xB5F6,0xB5F7,0xBDF7,0xB5F6,0xB5F6,0xB5F6,0xB5F7,0xB5F7,0xB5F7,0xB5F7,0xB5F7,0xB5F6,0xB5F6,0xBDF7,0xBE18,
  0xBE17,0xBE17,0xBE17,0xBE18,0xBE18,0xBDF7,0xB5F7,0xB5F7,0xB5F7,0xB5F7,0xB5F7,0xB5F6,0xB5F7,0xBE18,0xBE18,0xBE17,
  0xBE18,0xBDF7,0xB5F7,0xB5F7,0xB5F7,0xB5F7,0xB5D6,0xB5F6,0xBE18,0xBE18,0xBE18,0xB5F7,0xB5F7,0xB618,0xBE18,0xBE18,
  0xBE18,0xB5F7,0xB5F6,0xB5F6,0xB5D6,0xB5F6,0xB5F6,0xB5D6,0xB5D6,0xB5F7,0xB5F7,0xB5F7,0xB5F7,0xB5F7,0xB5F7,0xB5F7,
  0xB5F6,0xB5F7,0xBE18,0xBE18,0xBE18,0xBE38,0xBE38,0xBE18,0xBE18,0xB5F7,0xBDF7,0xBDF7,0xB5F7,0xB5F7,0xB5F7,0xB5F7,
  0xB5F7,0xB5F7,0xB5F7,0xB5F7,0xB5F7,0xB5F7,0xB5F7,0xB5F7,0xB5F7,0xB5F7,0xB5F7,0xB5F7,0xB5F7,0xB5F7,0xB5F7,0xB5F7,
  0xB5F7,0xBDF7,0xBE17,0xBE17,0xBE17,0xBDF7,0xB5F6,0xB5F6,0xB5F6,0xB5D6,0xC658,0x6B6D,0x31A7,0x426D,0x4AF1,0x42AF,
  0x322E,0x322E,0x6BB1,0xF7FF,0xE7BF,0xEFDF,0x2145,0xBE18,0xF7FF,0xE7BF,0xE7DF,0xF7FF,0xD73D,0xAE5B,0xAE7B,0xB69C,
  0xB6BD,0xDFBF,0xE7DF,0xE7BF,0xE7BF,0xE7DF,0xE7DF,0xE7DF,0xE7DF,0xE7DF,0xE7BF,0xE7DF,0xE77D,0x5B2F,0x4270,0x29AD,
  0x10E9,0x6B54,0x735F,0x62BE,0x62BE,0x62DE,0x62DE,0x629E,0x5A9E,0x5A9D,0x5A9D,0x5A7D,0x5A9D,0x5A9D,0x5A9D,0x629D,
  0x629D,0x62BD,0x62BD,0x62BD,0x629D,0x62BC,0x62BD,0x18EA,0x29AC,0x29CC,0x6B8F,0xF7FF,0xDFBF,0xE7DF,0xE7BF,0xE7DF,
  0xE7DF,0xE7DF,0xE7DF,0xE7DF,0xE7DF,0xE7DF,0xE7DF,0xE7DF,0xE7DF,0xE7FF,0xDF5C,0x4A8C,0x2A0F,0x218D,0x320E,0x7C35,
  0x7C55,0x52F1,0x29EE,0x29CD,0x73D2,0xFFFF,0xDFBF,0xE7DF,0xE7DF,0xE7DF,0xE7DF,0xE7DF,0xE7DF,0xE7DF,0xE7DF,0xE7DF,
  0xE7DF,0xE7DF,0xE7DF,0xDFBF,0xFFFF,0x8473,0x3A2E,0x3A8F,0x320E,0x1108,0x6B3A,0x733F,0x62FE,0x62DE,0x62DE,0x62BE,
  0x62BE,0x5A9E,0x62DE,0x6B1E,0x5A7D,0x5A9D,0x5A9D,0x5A7D,0x6B1D,0x62DD,0x62BD,0x62DD,0x62BD,0x62BC,0x83DF,0x296F,
  0x218B,0x214B,0xBE39,0xE7DF,0xDF9F,0xE7DF,0xE7DF,0xE7DF,0xE7DF,0xE7DF,0xE7DF,0xE7DF,0xDFDF,0xE7FF,0xC77F,0xB75F,
  0xBF5F,0xBF7F,0xB75F,0xEFFF,0xEFFF,0xDF9F,0xFFFF,0x8CB2,0x31C7,0xF7FF,0xDFBF,0xEFFF,0xC67A,0x31EB,0x4AD1,0x42B0,
  0x426E,0x31C9,0x2987,0x31A8,0x4A6A,0xA554,0xBE17,0xB5F6,0xB5F7,0xB5F7,0xB5F7,0xB5F7,0xB5F7,0xB5F7,0xB5F7,0xB5F7,
  0xB5F7,0xB5F7,0xB5F7,0xB5F7,0xB5F7,0xB5F7,0xB5F7,0xB5F7,0xB5F7,0xB5F7,0xB5F7,0xB5F7,0xB5F7,0xBDF7,0xBE38,0xBE58,
  0xBE18,0xB5B4,0xB552,0xACCD,0xACEE,0xB52F,0xB571,0xB592,0xB5B5,0xBE17,0xBE17,0xB5F6,0xB5F7,0xB5F7,0xB5F6,0xBE17,
  0xBE17,0xBE18,0xBDD6,0xB5B4,0xBE17,0xBE17,0xBDF7,0xB5F7,0xB5F7,0xB5F7,0xB5F7,0xB5F7,0xBE17,0xBE18,0xB5B5,0xAD52,
  0xB573,0xB594,0xB593,0xB573,0xAD32,0xB5D6,0xBDF7,0xB5F7,0xB5F7,0xB5D6,0xB5F7,0xBE17,0xB5D6,0xAD31,0xB50F,0xB573,
  0xA532,0xB5D6,0xBDF7,0xB5F7,0xB5F7,0xBDF7,0xBE38,0xBE38,0xAD52,0xACCD,0xB52F,0xACAB,0xAC48,0xAC89,0xACCD,0xB50E,
  0xB572,0xB5B4,0xBE38,0xBE38,0xBE38,0xBE38,0xBE18,0xBE38,0xBE38,0xB5F7,0xB5F7,0xB5F7,0xB5F7,0xB5F7,0xB5F7,0xB5F7,
  0xBE18,0xB5F6,0xAD51,0xA4AD,0xAD0F,0xACAC,0xA4CD,0xAD53,0xAD53,0xB5D6,0xB5D6,0xB5B5,0xBDF7,0xB5F7,0xB5F7,0xB5F7,
  0xB5F7,0xB5F7,0xB5F7,0xB5F7,0xB5F7,0xB5F7,0xB5F7,0xB5F7,0xB5F7,0xB5F7,0xB5F7,0xB5F7,0xB5F7,0xB5F7,0xB5F7,0xB5F7,
  0xB5F7,0xB5F7,0xB5F6,0xB5F6,0xB5F6,0xB5F6,0xB5F7,0xB5F7,0xB5F7,0xB5D6,0xC658,0x6BAE,0x1904,0x3A2B,0x5311,0x3A6F,
  0x3A6E,0x322E,0x6BD2,0xF7FF,0xE7BF,0xE7DF,0x2145,0xB618,0xF7FF,0xE7BF,0xE7DF,0xF7FF,0xD73D,0xAE5B,0xAE5B,0xB67C,
  0xB6BC,0xDFBF,0xEFFF,0xDF9F,0xE7BF,0xE7DF,0xE7DF,0xE7DF,0xE7DF,0xE7DF,0xE7DF,0xDFBF,0xF7FF,0x6BB0,0x4290,0x29CD,
  0x194B,0x39ED,0x7B9F,0x62DE,0x62FE,0x62DE,0x5A9E,0x62BE,0x62BE,0x5A9D,0x5A9D,0x629D,0x5A7D,0x5A9D,0x5A9D,0x5A9D,
  0x5A9D,0x62BD,0x62BD,0x62BD,0x62BD,0x62DE,0x525A,0x10E8,0x3A0E,0x298B,0x8CB3,0xF7FF,0xDFBF,0xE7BF,0xE7BF,0xE7DF,
  0xE7DF,0xE7DF,0xE7DF,0xE7DF,0xE7DF,0xE7BF,0xE7DF,0xE7DF,0xE7DF,0xE7FF,0xDF3C,0x4A8C,0x2A0F,0x21AD,0x320E,0x7C35,
  0x7C55,0x5311,0x29ED,0x21AD,0x73B2,0xFFFF,0xDFBF,0xE7DF,0xE7DF,0xE7DF,0xE7DF,0xE7DF,0xE7DF,0xE7DF,0xE7DF,0xE7DF,
  0xE7DF,0xE7DF,0xE7DF,0xE7BF,0xF7FF,0xC67A,0x29CB,0x42D1,0x320E,0x196A,0x4232,0x7B7F,0x62DE,0x62DE,0x62DE,0x62BE,
  0x62BE,0x5A9E,0x6AFE,0x62DE,0x5A7D,0x5A9D,0x5A9D,0x5A7D,0x5A9D,0x6B1D,0x5A9D,0x5A9D,0x5A9D,0x62BE,0x5A7A,0x192A,
  0x29CD,0x31EC,0xE79E,0xDFBF,0xDFBF,0xE7DF,0xE7DF,0xE7DF,0xE7DF,0xE7DF,0xE7DF,0xE7DF,0xE7DF,0xE7FF,0xC77F,0xBF5F,
  0xBF7F,0xBF7F,0xB75F,0xEFFF,0xEFFF,0xDF9F,0xFFFF,0x8CB3,0x29A7,0xF7FF,0xDFBF,0xEFFF,0xBE79,0x31EB,0x4AF1,0x42B0,
  0x426E,0x31C9,0x39E9,0x3187,0x2987,0x9D34,0xBE17,0xB5F6,0xB5F7,0xB5F7,0xB5F7,0xB5F7,0xB5F7,0xB5F7,0xB5F7,0xB5F7,
  0xB5F7,0xB5F7,0xB5F7,0xB5F7,0xB5F7,0xB5F7,0xB5F7,0xB5F7,0xB5F7,0xB5F7,0xB5F7,0xB5F7,0xBDF7,0xB5D6,0x9CB0,0x7B49,
  0x7AE5,0x8303,0x8B43,0x8B63,0x8B63,0x9362,0x9BC4,0x9BA5,0x9383,0x8345,0x8389,0xAD94,0xBE17,0xB5F6,0xBDF7,0xA512,
  0x8BCA,0x7B28,0x8326,0x8304,0x8BCA,0x8B88,0xA4CF,0xBE18,0xB5F6,0xB5F7,0xB5F6,0xBE17,0x942D,0x7B08,0x8BCA,0x8BEA,
  0x8346,0x8324,0x8323,0x7B26,0x8BCB,0xB5B5,0xBDF7,0xB5F6,0xB5F7,0x9CD1,0x8BEC,0x7B48,0x944D,0x940A,0x8322,0x8367,
  0x8C0C,0xB5D6,0xB5F7,0xB5F6,0xBDF7,0xB5B5,0x946E,0x8B66,0x9341,0x9BA3,0x9BA3,0x9BC3,0x9BA4,0x8B21,0x8B42,0x8B41,
  0x8B43,0x8B43,0x8B65,0x93C8,0xA48D,0xA4CF,0xAD11,0x9C8F,0x944F,0xB5D6,0xBDF7,0xB5F7,0xB5F7,0xB5F7,0xB5F7,0xB5F7,
  0x9C8F,0x9B83,0x9BA3,0x9BA3,0xA3E5,0xACAA,0xAD30,0xACF0,0x8BA9,0x8BEE,0x8C2E,0xAD53,0xBE17,0xB5F6,0xB5F7,0xB5F7,
  0xB5F7,0xB5F7,0xB5F7,0xB5F7,0xB5F7,0xB5F7,0xB5F7,0xB5F7,0xB5F7,0xB5F7,0xB5F7,0xB5F7,0xB5F7,0xB5F7,0xB5F7,0xB5F7,
  0xB5F7,0xB5F7,0xB5F7,0xB5F7,0xB5F7,0xB5F7,0xB5F7,0xB5F7,0xB5F7,0xB5D6,0xC638,0x7BF0,0x31A8,0x4ACE,0x42B0,0x426F,
  0x3A4E,0x29CD,0x73F2,0xF7FF,0xE7BF,0xE7BE,0x2145,0xBE39,0xEFFF,0xE7BF,0xE7DF,0xF7FF,0xDF5D,0xAE5B,0xAE5B,0xAE7B,
  0xBEDD,0xE79F,0xE7BF,0xE7DF,0xE7DF,0xE7DF,0xE7BF,0xE7DF,0xE7DF,0xE7BF,0xE7DF,0xDFBF,0xF7FF,0x94D3,0x3A6F,0x320E,
  0x29CE,0x10C8,0x737B,0x6AFF,0x62DE,0x62BE,0x62BE,0x62BE,0x62BE,0x5A9E,0x5A9D,0x62BE,0x5A9D,0x5A9D,0x5A9D,0x5A7D,
  0x5A7D,0x5A9D,0x5A9D,0x62BD,0x62BC,0x6ADF,0x39B2,0x1928,0x3A0E,0x298A,0xBE39,0xEFFF,0xDFBF,0xE7DF,0xE7BF,0xE7DF,
  0xE7DF,0xE7DF,0xE7DF,0xE7DF,0xE7DF,0xE7DF,0xE7DF,0xE7DF,0xE7DF,0xE7FF,0xDF5C,0x4A6C,0x2A2F,0x21AD,0x320E,0x7C34,
  0x7C55,0x5311,0x29CE,0x21AD,0x73F3,0xFFFF,0xDFBF,0xE7DF,0xE7DF,0xE7DF,0xE7DF,0xE7DF,0xE7DF,0xE7DF,0xE7DF,0xE7DF,
  0xE7DF,0xE7DF,0xE7DF,0xE7DF,0xE7DF,0xF7FF,0x428D,0x3A6F,0x322E,0x29ED,0x1929,0x735D,0x6B1F,0x62DE,0x62BE,0x62BE,
  0x5A9E,0x62BE,0x62BE,0x5A9D,0x5A9D,0x5A9D,0x5A7D,0x5A9D,0x5A7D,0x5A7D,0x5A7D,0x5A7D,0x527C,0x6AFF,0x31B0,0x216A,
  0x216C,0x73F2,0xF7FF,0xDFBF,0xE7DF,0xE7DF,0xE7BF,0xE7DF,0xE7DF,0xE7DF,0xE7DF,0xE7DF,0xE7DF,0xE7DF,0xC79F,0xBF7F,
  0xBF7F,0xBF7F,0xBF5F,0xEFFF,0xEFFF,0xDFBF,0xFFFF,0x8CB2,0x2986,0xF7FF,0xDFBF,0xEFFF,0xBE59,0x29CA,0x4AF1,0x42B0,
  0x426E,0x31A8,0x31A8,0x422A,0x4A6A,0x94D3,0xBE37,0xB5D6,0xB5F6,0xB5F6,0xB5F6,0xB5F6,0xB5F6,0xB5F6,0xB5F6,0xB5F6,
  0xB5F6,0xB5F6,0xB5F6,0xB5F6,0xB5F6,0xB5F6,0xB5F6,0xB5F6,0xB5F6,0xB5F6,0xB5F6,0xB5D6,0xBDF7,0xAD94,0x946E,0x8C0D,
  0x948F,0xAD95,0xAD95,0xADB6,0xAD54,0x948F,0x9C8E,0x9CAF,0x9C8F,0x9CB0,0xB5B5,0xB5F6,0xB5F6,0xB5F6,0xB5F7,0xAD94,
  0xAD74,0xAD74,0xAD74,0xA553,0xAD74,0xAD74,0xB5B5,0xB5F7,0xB5F6,0xB5F6,0xB5F6,0xB5F7,0xAD95,0xAD74,0xB5D6,0xBE38,
  0xB5D6,0xAD74,0xAD95,0xB5F7,0xBE38,0xB5F7,0xB5F6,0xB5F6,0xB5F6,0xBDF7,0xB5D6,0xAD74,0xB5F7,0xB5F7,0xAD95,0xB5F7,
  0xBE38,0xB5F7,0xB5F6,0xB5F6,0xB5F6,0xB5F6,0x9CB0,0x944D,0x9CAF,0x8367,0x8C0C,0x9CAF,0x948E,0xA533,0xADB6,0xAD95,
  0xAD95,0xAD75,0x946E,0x946D,0x7B26,0x8326,0x7B26,0x8BEB,0xA533,0xB5D6,0xB5F7,0xB5F6,0xB5F6,0xB5F6,0xB5F6,0xB5F6,
  0xAD74,0xAD10,0xAD0F,0xACEF,0xAD52,0xBE39,0xBE18,0xBE18,0xBE18,0xBDF7,0xBDF7,0xBDF7,0xB5F6,0xB5F6,0xB5F6,0xB5F6,
  0xB5F6,0xB5F6,0xB5F6,0xB5F6,0xB5F6,0xB5F6,0xB5F6,0xB5F6,0xB5F6,0xB5F6,0xB5F6,0xB5F6,0xB5F6,0xB5F6,0xB5F6,0xB5F6,
  0xB5F6,0xB5F6,0xB5F6,0xB5F6,0xB5F6,0xB5F6,0xB5F6,0xB5F6,0xB5F6,0xB5D6,0xC638,0x6BAE,0x39E9,0x428D,0x42AF,0x428F,
  0x322E,0x29EE,0x73F2,0xF7FF,0xE7DF,0xE7BE,0x1925,0xBE59,0xEFFF,0xE7BF,0xE7DF,0xF7FF,0xD73D,0xA65B,0xB67B,0xB69C,
  0xB6BC,0xE7BF,0xE7DF,0xE7BF,0xE7DF,0xE7DF,0xE7DF,0xE7DF,0xE7DF,0xE7DF,0xE7DF,0xE7BF,0xEFFF,0xCEBA,0x320C,0x42B1,
  0x29EE,0x194A,0x4231,0x737F,0x5ABE,0x62BE,0x5A9E,0x5A9E,0x5A9E,0x5A9E,0x5ABE,0x5A9E,0x5A9D,0x5A7D,0x5A7D,0x629D,
  0x5A7D,0x5A9D,0x62DD,0x5A9D,0x62BD,0x5A7D,0x192A,0x29AC,0x31CD,0x424C,0xEFBE,0xE7DF,0xE7DF,0xE7DF,0xE7DF,0xE7DF,
  0xE7DF,0xE7DF,0xE7DF,0xE7DF,0xE7DF,0xE7DF,0xE7DF,0xE7DF,0xE7DF,0xE7FF,0xDF5C,0x4A6C,0x322F,0x218C,0x320E,0x7C34,
  0x7C35,0x5312,0x21CD,0x21AD,0x73D2,0xFFFF,0xDFBF,0xE7DF,0xE7DF,0xE7DF,0xE7DF,0xE7DF,0xE7DF,0xE7DF,0xE7DF,0xE7DF,
  0xE7DF,0xE7DF,0xE7DF,0xE7DF,0xDFBF,0xFFFF,0x9D76,0x216A,0x42B1,0x29EE,0x198A,0x3A10,0x7B5F,0x5ADE,0x62DE,0x62BE,
  0x62BE,0x5A9E,0x5A9E,0x5ABE,0x5A9D,0x5A9D,0x5A9D,0x5A9D,0x5A7D,0x5A9D,0x5A9D,0x5A7C,0x6ADF,0x5278,0x1109,0x320F,
  0x216B,0xCEDB,0xEFFF,0xDFBF,0xE7BF,0xE7DF,0xE7BF,0xE7DF,0xE7DF,0xE7DF,0xE7DF,0xE7DF,0xE7DF,0xE7FF,0xC77F,0xBF7F,
  0xBF7F,0xBF7F,0xBF5F,0xEFFF,0xE7FF,0xDF9E,0xFFFF,0x8C92,0x31C7,0xF7FF,0xDFBF,0xEFFF,0xB638,0x29CA,0x4AD1,0x4AD0,
  0x426E,0x2988,0x31A8,0x31A8,0x4A8A,0xA534,0xC638,0xBE17,0xBE17,0xBE17,0xBE17,0xBE17,0xBE17,0xBE17,0xBE17,0xBE17,
  0xBE17,0xBE17,0xBE17,0xBE17,0xBE17,0xBE17,0xBE17,0xBE17,0xBE17,0xBE17,0xBE17,0xBE17,0xBE17,0xBE17,0xC659,0xC679,
  0xC659,0xBE37,0xBE37,0xBE37,0xBE38,0xC659,0xC659,0xC658,0xC659,0xC658,0xBE17,0xBE17,0xBE17,0xBE17,0xBE17,0xBE38,
  0xBE38,0xBE38,0xBE17,0xBE38,0xBE38,0xBE38,0xBE17,0xBE17,0xBE17,0xBE17,0xBE17,0xBE17,0xBE17,0xBE38,0xBE17,0xBDF7,
  0xBE17,0xBE38,0xBE37,0xBE17,0xBDF6,0xBE17,0xBE17,0xBE17,0xBE17,0xBE17,0xBE17,0xBE38,0xBE17,0xBE17,0xBE38,0xBE17,
  0xBDF7,0xBE17,0xBE17,0xBE17,0xBE17,0xBDF7,0xC658,0xC679,0xC659,0xBE38,0xC658,0xC659,0xC659,0xBE38,0xBE37,0xBE37,
  0xBE37,0xBE38,0xC659,0xC659,0xC659,0xBE59,0xBE38,0xC659,0xBE38,0xBE17,0xBE17,0xBE17,0xBE17,0xBE17,0xBE17,0xBE17,
  0xBE38,0xBE38,0xBE38,0xBE39,0xBE38,0xBE17,0xBE17,0xBE17,0xBDF7,0xBE17,0xBE17,0xBE17,0xBE17,0xBE17,0xBE17,0xBE17,
  0xBE17,0xBE17,0xBE17,0xBE17,0xBE17,0xBE17,0xBE17,0xBE17,0xBE17,0xBE17,0xBE17,0xBE17,0xBE17,0xBE17,0xBE17,0xBE17,
  0xBDF7,0xBE17,0xBE17,0xBE17,0xBE17,0xBE17,0xBDF7,0xBE17,0xBE17,0xBE17,0xC658,0x7C10,0x29A8,0x3A4C,0x428F,0x4290,
  0x320E,0x29ED,0x73F2,0xF7FF,0xE7DF,0xE7BE,0x1925,0xBE59,0xF7FF,0xE7BF,0xE7DF,0xF7FF,0xD73D,0xAE7B,0xB69B,0xBE9C,
  0xB6BC,0xE7BF,0xEFDF,0xE7BF,0xE7BF,0xE7BF,0xE7DF,0xE7DF,0xE7DF,0xE7DF,0xE7DF,0xE7DF,0xDFBF,0xFFFF,0x5B2E,0x3A70,
  0x320E,0x29CE,0x10E8,0x6B59,0x733F,0x5A9D,0x62BE,0x62BE,0x5A9E,0x5A9E,0x5A7D,0x5A9D,0x5A9D,0x5A7D,0x5A7D,0x5A7D,
  0x5A9D,0x5A7D,0x5A9D,0x5A9C,0x6ABF,0x31D1,0x1969,0x320E,0x218B,0x8C93,0xFFFF,0xDFBF,0xE7DF,0xE7DF,0xE7DF,0xE7DF,
  0xE7DF,0xE7DF,0xE7DF,0xE7DF,0xE7DF,0xE7BF,0xE7DF,0xE7DF,0xE7DF,0xE7FF,0xDF3C,0x424B,0x2A2F,0x198D,0x322E,0x7C14,
  0x7C55,0x5311,0x29CD,0x21AD,0x7BF3,0xFFFF,0xDFBF,0xE7DF,0xE7DF,0xE7DF,0xE7DF,0xE7DF,0xE7DF,0xE7DF,0xE7DF,0xE7DF,
  0xE7DF,0xE7DF,0xE7DF,0xE7DF,0xE7DF,0xE7BF,0xFFFF,0x42AC,0x31ED,0x3A4F,0x29EE,0x198A,0x52B7,0x733F,0x62DE,0x62DE,
  0x62DE,0x62BE,0x5A9D,0x5A9D,0x62BE,0x62BD,0x5A9D,0x5A7D,0x5A7D,0x6AFD,0x5A7C,0x5A7E,0x735B,0x194A,0x29EE,0x194C,
  0x7C33,0xFFFF,0xDFBF,0xE7DF,0xE7DF,0xE7DF,0xE7DF,0xE7DF,0xE7DF,0xE7DF,0xE7DF,0xE7DF,0xDFDF,0xE7FF,0xC79F,0xBF7F,
  0xBF7F,0xBF7F,0xB75F,0xEFFF,0xEFFF,0xDF9F,0xFFFF,0x8C92,0x39E8,0xFFFF,0xDF9F,0xEFFF,0xB638,0x3A2C,0x5312,0x5332,
  0x428E,0x2967,0x39E9,0x31C8,0x39E9,0x94B2,0xAD95,0xA554,0xA555,0xA555,0xAD75,0xA554,0xA554,0xAD75,0xA554,0xA554,
  0xA554,0xA554,0xA555,0xAD75,0xAD75,0xA554,0xA575,0xA575,0xAD75,0xA554,0xA554,0xA554,0xA554,0xA554,0xA554,0xA554,
  0xA554,0xA554,0xA554,0xA554,0xA534,0xA554,0xA534,0xA554,0xAD74,0xA554,0xA575,0xA555,0xAD75,0xA554,0xAD75,0xA554,
  0xAD75,0xA575,0xAD75,0xAD75,0xA554,0xA534,0xA555,0xAD75,0xAD95,0xA575,0xA554,0xA554,0xAD75,0xAD95,0xAD75,0xAD75,
  0xA554,0xA554,0xA555,0x9D34,0xADB6,0xA554,0xAD95,0xA554,0xA555,0xA555,0xA555,0xA555,0xAD75,0xA555,0xA554,0xA575,
  0xAD75,0xA554,0xA554,0xAD95,0xA554,0xB5D6,0xA574,0xA554,0xA534,0xA554,0xA554,0xA534,0xA554,0xA554,0xA534,0xA554,
  0xA554,0xA554,0xA534,0xA534,0xA554,0xA554,0xA554,0xA554,0xAD95,0xA554,0xAD75,0xA554,0xA534,0xA554,0xAD75,0xAD75,
  0x9D14,0xB5B5,0xAD74,0xA554,0xA574,0xA534,0xA554,0xA554,0xAD75,0xA555,0xAD75,0xA575,0xA554,0xA554,0xA554,0xA575,
  0xAD75,0xAD95,0xA555,0xA574,0xA554,0xA554,0xAD75,0xA554,0xA554,0xA534,0xA554,0xAD95,0xA554,0xAD95,0xAD75,0xA554,
  0xAD95,0xAD95,0xA534,0xA534,0xA575,0xAD75,0xAD95,0xA534,0xAD95,0xA534,0xADB6,0x8431,0x52AB,0x31CA,0x3A6F,0x4290,
  0x320D,0x29EE,0x7412,0xF7FF,0xE7DF,0xE79E,0x1924,0xBE79,0xEFFF,0xE7BF,0xE7DF,0xF7FF,0xD73D,0xAE5B,0xB69B,0xB69C,
  0xBEBC,0xE7BF,0xEFDF,0xE7BF,0xE7BF,0xE7DF,0xE7DF,0xE7BF,0xE7DF,0xE7DF,0xE7DF,0xE7DF,0xE7BF,0xF7FF,0xBE18,0x29AB,
  0x42B1,0x29CD,0x21AD,0x2149,0x83DC,0x6AFF,0x5A9D,0x62BE,0x5A9E,0x5A9E,0x5A9E,0x5A7D,0x5A7D,0x5A9D,0x5A7D,0x5A7D,
  0x5A7D,0x62BD,0x62BC,0x629F,0x4A37,0x1149,0x29CD,0x320E,0x3A2C,0xE77E,0xE7DF,0xE7BF,0xE7DF,0xE7BF,0xE7DF,0xE7DF,
  0xE7DF,0xE7DF,0xE7DF,0xE7DF,0xE7DF,0xE7DF,0xE7DF,0xE7DF,0xE7DF,0xE7FF,0xD71C,0x422B,0x322F,0x218D,0x3A4F,0x7C14,
  0x7C34,0x5311,0x29CD,0x21AD,0x7BF3,0xFFFF,0xDFBF,0xE7DF,0xE7DF,0xE7DF,0xE7DF,0xE7DF,0xE7DF,0xE7DF,0xE7DF,0xE7DF,
  0xE7DF,0xE7DF,0xE7DF,0xE7DF,0xE7DF,0xE7BF,0xF7FF,0xCEFC,0x1969,0x3A6F,0x320E,0x29EE,0x19AA,0x5296,0x731F,0x62DE,
  0x62DD,0x62BE,0x62BE,0x5A9E,0x5A9D,0x5A9D,0x5A9D,0x5A7D,0x5A7D,0x525C,0x629F,0x62DC,0x194C,0x29CD,0x29CE,0x424D,
  0xEFBE,0xE7DF,0xE7BF,0xE7DF,0xE7DF,0xE7DF,0xE7DF,0xE7DF,0xE7DF,0xE7DF,0xE7DF,0xE7DF,0xE7DF,0xE7DF,0xC79F,0xBF7F,
  0xBF7F,0xBF9F,0xBF5F,0xEFFF,0xEFDF,0xDF9F,0xFFFF,0x8451,0x31E7,0xFFFF,0xDFBF,0xF7FF,0xB638,0x3A2C,0x4AF1,0x4AF1,
  0x426E,0x2968,0x3A0A,0x31C8,0x39E9,0x4209,0x4A49,0x4A4A,0x4209,0x4229,0x4229,0x4209,0x4209,0x528A,0x4A69,0x4A4A,
  0x4A6A,0x4209,0x4209,0x4229,0x4A6A,0x4209,0x4209,0x4229,0x4229,0x4209,0x39E8,0x4A49,0x4209,0x4209,0x4229,0x41E8,
  0x39C8,0x39E8,0x39C8,0x39E8,0x39C8,0x39C8,0x39E8,0x41E8,0x4208,0x39E8,0x39E8,0x4209,0x4208,0x39C8,0x4208,0x4229,
  0x4209,0x39E8,0x4A49,0x4208,0x4208,0x5AEB,0x4229,0x39C8,0x4A4A,0x39C8,0x4209,0x4209,0x4209,0x4A49,0x4229,0x4209,
  0x4229,0x4209,0x39C8,0x52AB,0x6B6D,0x4229,0x4A4A,0x39C8,0x39C8,0x39C8,0x39C8,0x3A09,0x39A8,0x39E8,0x39E8,0x4229,
  0x39E8,0x39E8,0x4209,0x4229,0x39C8,0x4209,0x39C8,0x31A8,0x39C8,0x39C8,0x4208,0x39C8,0x39E8,0x4A49,0x31A8,0x4208,
  0x4229,0x4208,0x39C8,0x4A29,0x4A49,0x39C8,0x39C8,0x4209,0x528A,0x41E8,0x4229,0x4208,0x4208,0x39C8,0x4228,0x5AAA,
  0x52AA,0x52AA,0x4229,0x4208,0x39E8,0x39C8,0x39E8,0x4208,0x4229,0x39E8,0x39E8,0x4208,0x4209,0x39C8,0x39E8,0x4A49,
  0x5AAA,0x4A6A,0x39C8,0x4A29,0x4208,0x4208,0x3A08,0x5ACB,0x4208,0x528A,0x4229,0x5269,0x4A49,0x528A,0x528A,0x4A29,
  0x5ACB,0x528A,0x4A49,0x62EC,0x4208,0x4A4A,0x5AEB,0x4A4A,0x73AE,0x4229,0x3A09,0x39E9,0x31A8,0x426D,0x3A4E,0x42B0,
  0x320D,0x21CD,0x7412,0xF7FF,0xE7DF,0xE77D,0x10E4,0xBE79,0xEFFF,0xE7BF,0xE7DF,0xF7FF,0xD73D,0xAE7B,0xB69B,0xB69C,
  0xBEDC,0xDF9F,0xEFDF,0xE7BF,0xE7BF,0xE7DF,0xE7DF,0xE7DF,0xE7DF,0xE7DF,0xE7DF,0xE7BF,0xE7DF,0xDFBF,0xFFFF,0x6B6F,
  0x320E,0x4290,0x29EE,0x216C,0x214A,0x7B9B,0x733F,0x5ABE,0x62BD,0x5A9E,0x5A9E,0x5A7D,0x5A9D,0x5A9D,0x5A7D,0x5A7D,
  0x5A7C,0x5A9D,0x629F,0x4A38,0x198A,0x29CC,0x3A2F,0x216A,0x9D56,0xF7FF,0xDFBF,0xE7DF,0xE7DF,0xDF9E,0xDFBF,0xE7DF,
  0xE7DF,0xE7DF,0xE7DF,0xE7DF,0xE7DF,0xE7DF,0xE7DF,0xE7DF,0xE7DF,0xE7FF,0xD71C,0x422B,0x2A0F,0x21AD,0x320E,0x7C35,
  0x7C35,0x5332,0x29EE,0x218D,0x7BF3,0xFFFF,0xDFBF,0xE7DF,0xE7DF,0xE7DF,0xE7DF,0xE7DF,0xE7DF,0xE7DF,0xE7DF,0xE7DF,
  0xE7DF,0xE7DF,0xE7DF,0xE7DF,0xE7DF,0xE7DF,0xDFBF,0xFFFF,0xA5B8,0x10E8,0x3A4F,0x322F,0x320E,0x21CB,0x3A52,0x62DD,
  0x6AFF,0x62DE,0x62BE,0x5ABD,0x5A9D,0x5A9D,0x5A9D,0x5A7D,0x629F,0x629E,0x4A78,0x198B,0x29ED,0x31EF,0x29CC,0xD6DB,
  0xEFFF,0xDFBF,0xE7DF,0xE7DF,0xE7DF,0xE7DF,0xE7DF,0xE7DF,0xE7DF,0xE7DF,0xE7DF,0xE7DF,0xE7DF,0xEFFF,0xC79F,0xBF7F,
  0xC77F,0xC79F,0xBF5F,0xEFFF,0xE7FF,0xD79E,0xFFFF,0x8451,0x3A08,0xFFFF,0xDFBF,0xEFFF,0xC659,0x424C,0x4AF2,0x4AF1,
  0x4AAF,0x2968,0x39EA,0x31C9,0x4A4B,0x39E9,0x3A09,0x39E9,0x422A,0x528B,0x4A6A,0x3A09,0x4209,0x4209,0x4A6A,0x422A,
  0x4209,0x39C8,0x528B,0x4A6A,0x39C8,0x39E9,0x39C8,0x31C8,0x39C8,0x39C9,0x39E9,0x39C8,0x6B4D,0x52AB,0x4209,0x4A6B,
  0x39E8,0x39C8,0x4209,0x39E9,0x39C8,0x39E9,0x39C8,0x39E9,0x39C8,0x39C8,0x3A09,0x4209,0x31A8,0x39E9,0x39E9,0x31C8,
  0x39C9,0x4209,0x39E9,0x31C8,0x39E9,0x4209,0x3A09,0x424A,0x3188,0x31A8,0x3A09,0x4209,0x4209,0x39C9,0x422A,0x31C8,
  0x39E9,0x4209,0x422A,0x6B4D,0x4229,0x4209,0x4209,0x39E9,0x39E9,0x39E9,0x39E9,0x3A09,0x420A,0x4A4B,0x422A,0x424A,
  0x31A8,0x39E9,0x4229,0x422A,0x31A8,0x2987,0x4A4A,0x4A4A,0x31A8,0x39C8,0x4209,0x4209,0x39E9,0x39E9,0x422A,0x39E9,
  0x39E9,0x39E8,0x39E8,0x39E8,0x39C8,0x31C8,0x39C8,0x39C8,0x31A8,0x39E9,0x31A8,0x528A,0x4209,0x4209,0x4229,0x4229,
  0x528A,0x39E8,0x39C8,0x4209,0x39E8,0x39E9,0x39E8,0x4209,0x31A8,0x4229,0x39E8,0x39C8,0x528A,0x4209,0x5AAB,0x39C8,
  0x39C8,0x4229,0x6B4D,0x31A7,0x4209,0x4209,0x31C8,0x4209,0x4249,0x52AB,0x4A49,0x4229,0x528A,0x5B0C,0x39E9,0x4229,
  0x4249,0x39E9,0x6B4D,0x528B,0x4209,0x4A4A,0x4A6A,0x4A6A,0x4A8B,0x3A09,0x39E9,0x31A8,0x31C9,0x320C,0x320D,0x4290,
  0x29ED,0x29EE,0x7C33,0xF7FF,0xE7DF,0xDF5D,0x10A2,0xC69A,0xEFFF,0xE7BF,0xE7DF,0xF7FF,0xD75D,0xAE7B,0xB69B,0xB69C,
  0xBEDC,0xE7BF,0xEFDF,0xE7BF,0xE7DF,0xE7DF,0xE7DF,0xE7DF,0xE7DF,0xE7DF,0xE7DF,0xE7DF,0xE7DF,0xE7BF,0xE7DF,0xEF7D,
  0x31EA,0x3A70,0x3A4F,0x29EE,0x198C,0x216A,0x5AB6,0x733F,0x6AFF,0x5A9E,0x5A7D,0x5A9D,0x5A9D,0x62DD,0x62BD,0x5A7D,
  0x62BF,0x62BE,0x3A14,0x198A,0x29CD,0x3A4F,0x218B,0x5B6F,0xF7FF,0xDFBF,0xE7DF,0xE7DF,0xE7DF,0xE7DF,0xE7DF,0xE7DF,
  0xE7DF,0xE7DF,0xE7DF,0xE7DF,0xE7DF,0xE7DF,0xE7DF,0xE7DF,0xE7DF,0xE7FF,0xDF3C,0x3A2B,0x320F,0x198D,0x320E,0x7C35,
  0x7C55,0x5311,0x29EE,0x218C,0x7C13,0xEFFF,0xE7BF,0xE7DF,0xE7DF,0xE7DF,0xE7DF,0xE7DF,0xE7DF,0xE7DF,0xE7DF,0xE7DF,
  0xE7DF,0xE7DF,0xE7DF,0xE7DF,0xE7DF,0xE7DF,0xE7DF,0xDFBF,0xFFFF,0x9D56,0x1129,0x3A4F,0x3A6F,0x31EE,0x21CB,0x2A0D,
  0x4A97,0x62DC,0x6AFF,0x62DE,0x62DF,0x62BF,0x62BE,0x5ABC,0x4A76,0x29EF,0x21CB,0x322F,0x29CE,0x29CC,0xD6BB,0xF7FF,
  0xDFBF,0xE7DF,0xE7DF,0xE7DF,0xE7DF,0xE7DF,0xE7DF,0xE7DF,0xE7DF,0xE7DF,0xE7DF,0xDFBF,0xE7DF,0xE7DF,0xC79F,0xBF7F,
  0xBF9F,0xBF9F,0xBF5F,0xEFFF,0xE7FF,0xDF9E,0xFFFF,0x8451,0x3A08,0xFFFF,0xDFBF,0xE7FF,0xD6DB,0x3A2B,0x5332,0x4AD0,
  0x5B73,0x31CA,0x31A8,0x2988,0x31C9,0x31C9,0x31C9,0x31C9,0x39EA,0x31A9,0x39EA,0x31C9,0x31C9,0x2989,0x39EA,0x3A2B,
  0x2988,0x31A9,0x31C9,0x2989,0x31A9,0x31A9,0x31A9,0x31A8,0x31A9,0x31A9,0x31A9,0x2988,0x426C,0x422B,0x31A9,0x39EA,
  0x31A9,0x31A9,0x31C9,0x31A8,0x2988,0x29A8,0x2988,0x2989,0x2989,0x31A9,0x31A9,0x3189,0x2988,0x31A9,0x31A9,0x2989,
  0x31A9,0x31A9,0x29A9,0x2988,0x2988,0x2968,0x31C9,0x31C9,0x2989,0x3189,0x2989,0x2988,0x31C9,0x39EA,0x39EA,0x3188,
  0x2989,0x31A9,0x3A0A,0x2989,0x29A9,0x31C9,0x31EA,0x31A9,0x31EA,0x3A0B,0x31C9,0x31EA,0x3A0B,0x3A0B,0x31A9,0x3A0B,
  0x31C9,0x3A2B,0x3A2B,0x31CA,0x31C9,0x2988,0x31C9,0x31CA,0x2968,0x2988,0x2968,0x2988,0x2988,0x2988,0x2988,0x3188,
  0x2968,0x2968,0x2968,0x2988,0x2988,0x2988,0x2988,0x2988,0x2988,0x2988,0x2968,0x31A9,0x2968,0x31A8,0x29A9,0x31A9,
  0x2988,0x31C9,0x2988,0x31C9,0x31C9,0x31A9,0x2968,0x39EA,0x31C9,0x2988,0x2988,0x2988,0x31C9,0x2988,0x2988,0x2968,
  0x3188,0x31A9,0x4A8C,0x31A9,0x2988,0x2988,0x31A8,0x2968,0x31A9,0x2968,0x2989,0x31C9,0x31C9,0x31CA,0x39EA,0x31A9,
  0x31A9,0x31C9,0x2168,0x2989,0x31EA,0x31C9,0x31CA,0x2989,0x52CD,0x422B,0x31C9,0x29A9,0x31EA,0x2169,0x322E,0x4290,
  0x29ED,0x29EE,0x94D5,0xEFFF,0xE7DF,0xE75D,0x10A3,0xBE79,0xEFFF,0xE7BF,0xEFDF,0xF7FF,0xD73D,0xAE7B,0xB6BC,0xB6BB,
  0xB6DC,0xDF9F,0xEFDF,0xE7BF,0xE7BF,0xE7DF,0xE7DF,0xE7DF,0xE7DF,0xE7DF,0xE7BF,0xE7DF,0xE7DF,0xE7DF,0xDFBF,0xF7FF,
  0xCEBA,0x218A,0x3A71,0x4290,0x29CD,0x21AD,0x1129,0x29AD,0x5296,0x6B1C,0x6ADE,0x62BF,0x6ADF,0x62BE,0x5A7E,0x525B,
  0x4215,0x29CE,0x198A,0x29CD,0x4270,0x218C,0x42AD,0xF7BF,0xE7BF,0xE7BF,0xE7DF,0xE7DF,0xE7DF,0xE7DF,0xDFBF,0xE7BF,
  0xE7DF,0xE7DF,0xE7DF,0xE7DF,0xE7DF,0xE7DF,0xE7BF,0xE7DF,0xE7DF,0xE7FF,0xDF3C,0x3A0B,0x2A0F,0x198D,0x320E,0x7C35,
  0x7C55,0x5332,0x29EE,0x218C,0x8434,0xF7FF,0xE7BF,0xE7DF,0xE7DF,0xE7DF,0xE7DF,0xE7DF,0xE7DF,0xE7DF,0xE7DF,0xE7DF,
  0xE7DF,0xE7DF,0xE7DF,0xE7DF,0xE7DF,0xE7DF,0xE7DF,0xE7DF,0xDFBF,0xFFFF,0xB639,0x21AA,0x21AC,0x3A90,0x3A4F,0x2A0E,
  0x21CB,0x29EC,0x3A50,0x322F,0x3A51,0x3A52,0x320E,0x29ED,0x21EC,0x322E,0x3A30,0x194C,0x428E,0xDEFB,0xF7FF,0xDFBF,
  0xE7DF,0xE7DF,0xE7DF,0xE7DF,0xE7DF,0xE7DF,0xE7DF,0xE7DF,0xE7DF,0xE7DF,0xE7DF,0xDFBF,0xDFDF,0xDFBF,0xCFBF,0xBF9F,
  0xC79F,0xBF7F,0xBF7F,0xEFFF,0xEFDF,0xDF9E,0xFFFF,0x8431,0x3A08,0xFFFF,0xE7BF,0xDFBF,0xEFBE,0x4A8C,0x52F1,0x42B0,
  0x5311,0x4AD0,0x29AA,0x2168,0x2128,0x1927,0x2148,0x2148,0x1928,0x1928,0x1928,0x1928,0x2128,0x2128,0x1908,0x1928,
  0x2148,0x2148,0x2148,0x1928,0x2148,0x2168,0x1928,0x2148,0x2148,0x2148,0x2168,0x2148,0x10E8,0x1928,0x2148,0x1928,
  0x2148,0x2148,0x2148,0x2148,0x2148,0x1928,0x2148,0x2128,0x1928,0x2148,0x2148,0x2148,0x2148,0x1928,0x2148,0x1928,
  0x2148,0x1928,0x1928,0x1928,0x2148,0x1928,0x1928,0x1928,0x2148,0x2128,0x1928,0x2128,0x1928,0x1908,0x1908,0x1928,
  0x1928,0x1927,0x1907,0x1928,0x1928,0x1927,0x1907,0x1927,0x1927,0x1907,0x1927,0x1907,0x1907,0x1907,0x1928,0x1907,
  0x1927,0x1928,0x1928,0x2149,0x2189,0x298A,0x2169,0x1908,0x1927,0x1927,0x1928,0x1927,0x1928,0x1928,0x1928,0x1907,
  0x1928,0x1928,0x1927,0x1928,0x1928,0x1928,0x1928,0x1928,0x1928,0x2148,0x2148,0x1928,0x1928,0x1928,0x1928,0x1928,
  0x1928,0x1928,0x1928,0x1928,0x2148,0x2148,0x2148,0x1928,0x2148,0x2148,0x1948,0x2148,0x2169,0x2148,0x1928,0x2148,
  0x1948,0x1949,0x1108,0x2148,0x1948,0x1948,0x2148,0x2148,0x2148,0x2149,0x2149,0x1929,0x1929,0x1949,0x1928,0x1949,
  0x1949,0x1949,0x1949,0x2169,0x1949,0x2149,0x2149,0x216A,0x196A,0x2148,0x2148,0x2148,0x2148,0x29CB,0x4AB0,0x320D,
  0x320E,0x322E,0xAD97,0xF7FF,0xE7DF,0xDF3D,0x10A3,0xC6BA,0xEFFF,0xE7BF,0xEFDF,0xF7FF,0xD73D,0xAE9B,0xB6BB,0xB6BB,
  0xBEDC,0xE7BF,0xE7DF,0xE7BF,0xE7BF,0xE7DF,0xE7DF,0xE7BF,0xE7DF,0xE7DF,0xE7DF,0xE7BF,0xE7BF,0xE7DF,0xE7DF,0xDFBF,
  0xF7FF,0xCE9A,0x29AA,0x2A0E,0x42B1,0x320E,0x29CE,0x218C,0x196A,0x216B,0x29AD,0x31D0,0x31F0,0x31D0,0x29CE,0x19AB,
  0x19AB,0x29CD,0x322F,0x3A50,0x194A,0x4AEE,0xEFBE,0xEFDF,0xDFBF,0xE7DF,0xE7DF,0xE7DF,0xE7DF,0xE7DF,0xDFBF,0xE7DF,
  0xE7DF,0xE7BF,0xE7DF,0xE7DF,0xE7BF,0xE7DF,0xE7DF,0xE7DF,0xE7DF,0xE7FF,0xDF1C,0x3A0A,0x2A2F,0x198D,0x320E,0x8435,
  0x7C55,0x5332,0x29EE,0x218D,0x8434,0xEFFF,0xDFBF,0xE7DF,0xE7DF,0xE7DF,0xE7DF,0xE7DF,0xE7DF,0xE7DF,0xE7DF,0xE7DF,
  0xE7DF,0xE7DF,0xE7DF,0xE7DF,0xE7DF,0xE7DF,0xE7DF,0xE7DF,0xE7DF,0xDFBF,0xFFFF,0xDF3D,0x5B70,0x218A,0x29ED,0x3A4F,
  0x3A50,0x324F,0x322E,0x2A0E,0x2A2D,0x322D,0x324F,0x3250,0x320F,0x218D,0x29AB,0x8C94,0xF7DF,0xEFFF,0xDFBF,0xE7DF,
  0xE7DF,0xE7DF,0xE7DF,0xE7DF,0xE7DF,0xE7DF,0xE7DF,0xE7DF,0xE7DF,0xE7DF,0xE7DF,0xE7DF,0xDFDF,0xE7DF,0xCF9F,0xBF9F,
  0xC79F,0xBF9F,0xBF7F,0xEFFF,0xEFFF,0xDF9F,0xFFFF,0x7C31,0x3A08,0xFFFF,0xDFBF,0xDFBF,0xFFFF,0x94F4,0x218A,0x5333,
  0x3A6F,0x4AD1,0x4AF1,0x4AD0,0x4AF1,0x4AD1,0x4AD1,0x42B0,0x42B0,0x4290,0x4290,0x4290,0x4290,0x3A6F,0x428F,0x426F,
  0x3A6F,0x3A6F,0x3A6F,0x3A6F,0x3A6F,0x3A4F,0x3A4F,0x3A6F,0x3A6F,0x3A4F,0x3A4F,0x3A4E,0x3A4F,0x3A4E,0x3A4E,0x3A4E,
  0x3A4E,0x3A4E,0x3A6F,0x3A4F,0x3A4F,0x3A4F,0x3A4F,0x3A4F,0x3A6F,0x3A6F,0x3A4F,0x3A6F,0x3A6F,0x3A4F,0x3A4F,0x3A4E,
  0x3A6F,0x3A4E,0x3A4F,0x3A4E,0x3A4E,0x3A4E,0x3A4E,0x3A4F,0x3A4F,0x3A4E,0x3A4E,0x322E,0x3A4E,0x3A4E,0x3A4E,0x324E,
  0x322E,0x3A4E,0x3A4E,0x3A4E,0x3A4E,0x3A4E,0x3A4E,0x322E,0x3A4E,0x3A4E,0x3A2E,0x3A4E,0x3A4E,0x3A4E,0x3A4E,0x322E,
  0x322E,0x322E,0x322D,0x322E,0x320E,0x320D,0x320D,0x322E,0x320D,0x320E,0x320E,0x320E,0x320E,0x320D,0x322E,0x322E,
  0x320D,0x320D,0x320D,0x320E,0x320D,0x31ED,0x2A0D,0x320D,0x320D,0x320D,0x2A0D,0x320D,0x320D,0x320D,0x320D,0x29ED,
  0x31ED,0x320D,0x320D,0x320D,0x320D,0x320D,0x29ED,0x29ED,0x320D,0x320D,0x29ED,0x29ED,0x29EC,0x29ED,0x29ED,0x29ED,
  0x320D,0x29ED,0x320D,0x320D,0x31ED,0x31ED,0x31ED,0x31ED,0x29ED,0x29ED,0x29ED,0x320D,0x31ED,0x29ED,0x31ED,0x31ED,
  0x320D,0x320D,0x320D,0x29ED,0x29ED,0x320D,0x29CC,0x31ED,0x322D,0x31EC,0x31EC,0x320D,0x320D,0x3A6F,0x320D,0x29CC,
  0x42B1,0x426D,0xDF3C,0xE7DF,0xE7FF,0xDF3D,0x10A2,0xC69A,0xEFFF,0xE7BF,0xEFDF,0xF7FF,0xD73D,0xB69B,0xBEBC,0xB6BB,
  0xBEDC,0xE7BF,0xE7DF,0xE7BF,0xE7DF,0xE7DF,0xE7BF,0xE7DF,0xE7DF,0xE7DF,0xE7DF,0xE7BF,0xE7DF,0xE7DF,0xE7BF,0xE7DF,
  0xDFBF,0xF7FF,0xDF1C,0x4AAC,0x194A,0x3A50,0x3A70,0x322F,0x320F,0x29EE,0x21CC,0x21CC,0x21AC,0x21AC,0x21CD,0x29EE,
  0x3230,0x3A50,0x29AD,0x1129,0x7432,0xF7FF,0xEFDF,0xDFBF,0xE7DF,0xE7DF,0xE7DF,0xE7DF,0xE7DF,0xE7DF,0xE7DF,0xE7DF,
  0xE7DF,0xE7DF,0xE7DF,0xE7DF,0xE7BF,0xE7DF,0xE7DF,0xE7DF,0xE7DF,0xE7FF,0xDF3C,0x3A0A,0x2A2F,0x196C,0x320E,0x7C35,
  0x7C35,0x5332,0x29EE,0x218D,0x7413,0xF7FF,0xE7BF,0xE7DF,0xE7DF,0xE7DF,0xE7DF,0xE7DF,0xE7DF,0xE7DF,0xE7DF,0xE7DF,
  0xE7DF,0xE7DF,0xE7DF,0xE7DF,0xE7DF,0xE7DF,0xE7DF,0xE7DF,0xE7DF,0xE7DF,0xDFBF,0xEFFF,0xFFFF,0xC6BA,0x6BF1,0x428E,
  0x29CC,0x218C,0x21AD,0x21CD,0x21AD,0x21AD,0x196C,0x21AB,0x428D,0x8C93,0xDF1C,0xFFFF,0xE7DF,0xE7BF,0xE7DF,0xE7DF,
  0xE7DF,0xE7DF,0xE7DF,0xE7DF,0xE7DF,0xE7DF,0xE7DF,0xE7BF,0xDFBF,0xE7DF,0xE7DF,0xE7DF,0xE7DF,0xE7FF,0xC79F,0xBF7F,
  0xC79F,0xBF9F,0xBF7F,0xEFFF,0xEFFF,0xDF9F,0xFFFF,0x7C31,0x3A08,0xFFFF,0xDFBF,0xE7DF,0xDFBF,0xF7FF,0x426B,0x31ED,
  0x5333,0x42B0,0x42B0,0x42D0,0x4AD1,0x4AD1,0x4AD1,0x4AD1,0x4AB1,0x4AD1,0x4AD1,0x4AB1,0x4AD1,0x42B1,0x42B0,0x42B0,
  0x4290,0x4290,0x4290,0x4290,0x3A70,0x3A90,0x3A90,0x3A90,0x3A70,0x3A70,0x3A70,0x3A90,0x3A6F,0x3A6F,0x3A6F,0x3A6F,
  0x4290,0x42B1,0x4290,0x3A70,0x3A6F,0x3A6F,0x3A90,0x3A70,0x3A70,0x3A6F,0x3A6F,0x3A6F,0x3A6F,0x3A90,0x42B0,0x3A6F,
  0x3A6F,0x3A6F,0x3A6F,0x3A4F,0x3A4F,0x3A6F,0x3A6F,0x3A6F,0x3A6F,0x3A90,0x3A70,0x3A6F,0x3A4F,0x3A4F,0x3A4F,0x3A4F,
  0x3A4F,0x3A6F,0x3A6F,0x3A6F,0x3A6F,0x3A6F,0x3A4F,0x3A4F,0x3A4F,0x3A6F,0x3A4F,0x3A6F,0x428F,0x3A6F,0x3A6F,0x3A6F,
  0x3A6F,0x3A4F,0x3A4E,0x3A4F,0x3A4E,0x3A4F,0x322E,0x322E,0x322E,0x322E,0x322E,0x324F,0x324F,0x324F,0x324F,0x3A4F,
  0x324F,0x3A70,0x3A70,0x3A6F,0x3A70,0x3A4F,0x324F,0x322F,0x324F,0x3A70,0x324F,0x324F,0x3A4F,0x3A4F,0x324F,0x3A4F,
  0x322E,0x322E,0x322F,0x322E,0x322E,0x322F,0x322F,0x3A6F,0x322E,0x322E,0x320E,0x324F,0x3A6F,0x322E,0x324F,0x322E,
  0x322E,0x320E,0x320E,0x322E,0x320E,0x320E,0x320E,0x2A0E,0x320E,0x322F,0x320E,0x320E,0x320E,0x320E,0x320E,0x320E,
  0x322E,0x320E,0x320E,0x29ED,0x320D,0x322E,0x322E,0x320E,0x322E,0x3A6F,0x42B0,0x3A70,0x322E,0x29EC,0x320D,0x4AF2,
  0x21CC,0x7C52,0xF7FF,0xDFBF,0xEFFF,0xDF3C,0x10C3,0xCEDB,0xEFFF,0xE7BF,0xEFDF,0xF7FF,0xD73D,0xB69B,0xB6BC,0xB6BB,
  0xBEDC,0xE7BF,0xE7DF,0xE7BF,0xE7BF,0xE7DF,0xE7BF,0xE7DF,0xE7BF,0xE7DF,0xE7DF,0xE7DF,0xE7DF,0xE7DF,0xE7BF,0xE7DF,
  0xE7DF,0xDFBF,0xEFFF,0xFFFF,0x9D14,0x3A0A,0x194A,0x320F,0x3A70,0x3230,0x3A70,0x3A70,0x3A50,0x3A50,0x322F,0x29EE,
  0x216C,0x1929,0x4AAD,0xBE5A,0xFFFF,0xE7DF,0xDFBF,0xE7DF,0xE7DF,0xE7DF,0xE7DF,0xE7DF,0xE7DF,0xE7DF,0xE7DF,0xE7DF,
  0xE7DF,0xE7DF,0xE7DF,0xE7BF,0xE7DF,0xE7DF,0xE7DF,0xE7DF,0xE7DF,0xE7FF,0xDF1C,0x31EA,0x2A0F,0x198D,0x322F,0x7C14,
  0x7C35,0x5332,0x29EE,0x21AD,0x5B92,0xDFBF,0xE7DF,0xE7DF,0xE7DF,0xE7DF,0xE7DF,0xE7DF,0xE7DF,0xE7DF,0xE7DF,0xE7DF,
  0xE7DF,0xE7DF,0xE7DF,0xE7DF,0xE7DF,0xE7DF,0xE7DF,0xE7DF,0xE7DF,0xE7DF,0xE7DF,0xE7DF,0xDFBF,0xF7FF,0xFFFF,0xEFBF,
  0xC67A,0x9515,0x8493,0x7432,0x6C12,0x8494,0xA556,0xD6DB,0xEFDF,0xFFFF,0xE7FF,0xDFBF,0xE7DF,0xE7DF,0xE7DF,0xE7DF,
  0xDFBF,0xE7DF,0xE7DF,0xE7DF,0xE7DF,0xE7DF,0xE7DF,0xDF9F,0xDF9F,0xE7DF,0xE7DF,0xE7DF,0xDFBF,0xE7DF,0xC79F,0xBF9F,
  0xC79F,0xBF9F,0xBF7F,0xEFFF,0xE7DF,0xDF9F,0xFFFF,0x7C31,0x4228,0xFFFF,0xDFBF,0xE7DF,0xE7BF,0xEFDF,0xEF7E,0x532E,
  0x29CB,0x320D,0x3A4F,0x322E,0x322E,0x320E,0x322E,0x320E,0x2A0E,0x2A0E,0x2A0E,0x2A0E,0x320E,0x322F,0x322F,0x320E,
  0x2A0E,0x2A0E,0x2A0E,0x2A0E,0x2A0E,0x2A0E,0x2A0E,0x2A0F,0x320F,0x2A0E,0x320F,0x320F,0x320F,0x2A0F,0x320F,0x320F,
  0x324F,0x324F,0x320F,0x320F,0x322F,0x322F,0x320F,0x322F,0x320F,0x322F,0x322F,0x322F,0x322F,0x320F,0x322F,0x322F,
  0x322F,0x322F,0x322F,0x322F,0x320F,0x322F,0x322F,0x320F,0x322F,0x322F,0x322F,0x322F,0x322F,0x322F,0x4290,0x322F,
  0x322F,0x322F,0x322F,0x320E,0x322E,0x322F,0x320E,0x2A0E,0x322E,0x322F,0x322F,0x324F,0x324F,0x3A6F,0x322E,0x322E,
  0x320E,0x320E,0x320E,0x2A0E,0x320E,0x322F,0x322F,0x2A0E,0x2A0E,0x322F,0x322F,0x320F,0x29EE,0x2A0F,0x320F,0x320F,
  0x320F,0x3A70,0x42B1,0x322F,0x3A50,0x322F,0x320F,0x320F,0x320F,0x322F,0x322F,0x320F,0x322F,0x320F,0x2A0F,0x322F,
  0x29EE,0x2A0F,0x2A0F,0x320F,0x2A0E,0x320F,0x2A0E,0x320F,0x2A0E,0x320F,0x320F,0x322F,0x3A70,0x3A70,0x322F,0x324F,
  0x322F,0x322F,0x324F,0x3250,0x322F,0x322F,0x322F,0x322F,0x322F,0x3A70,0x3250,0x322F,0x322F,0x3A50,0x3250,0x324F,
  0x3A70,0x3A70,0x322F,0x3A50,0x3250,0x3A70,0x3A70,0x3A70,0x3A4F,0x3A6F,0x3A6F,0x3A6F,0x4290,0x4AD1,0x42B0,0x1109,
  0x530D,0xF7DF,0xE7BF,0xE7BF,0xEFFF,0xDF3C,0x0882,0xBE7A,0xEFFF,0xE7BF,0xEFDF,0xF7FF,0xD73D,0xB69B,0xB6BC,0xB6BB,
  0xBEDC,0xE7BF,0xEFDF,0xE7BF,0xE7DF,0xE7DF,0xE7DF,0xE7DF,0xE7DF,0xE7BF,0xE7DF,0xE7DF,0xE7DF,0xE7BF,0xE7DF,0xE7DF,
  0xE7DF,0xE7DF,0xE7BF,0xE7BF,0xF7FF,0xF7DF,0xAD96,0x5B4E,0x322C,0x1928,0x194A,0x196A,0x196A,0x196A,0x196A,0x3A4C,
  0x73F1,0xBE5A,0xF7FF,0xF7FF,0xDFBF,0xE7BF,0xE7DF,0xE7DF,0xE7DF,0xE7DF,0xE7DF,0xE7DF,0xE7DF,0xE7BF,0xE7BF,0xE7DF,
  0xE7DF,0xE7DF,0xE7DF,0xE7DF,0xE7DF,0xE7DF,0xE7DF,0xE7DF,0xE7DF,0xE7FF,0xDF1C,0x3A0A,0x2A0F,0x198D,0x320E,0x7C35,
  0x7C55,0x5332,0x29EE,0x21AD,0x7C14,0xDFBF,0xE7DF,0xE7DF,0xE7DF,0xE7DF,0xE7DF,0xE7DF,0xE7DF,0xE7DF,0xE7DF,0xE7DF,
  0xE7DF,0xE7DF,0xE7DF,0xE7DF,0xE7DF,0xE7DF,0xE7DF,0xE7DF,0xE7DF,0xE7DF,0xE7DF,0xE7DF,0xE7DF,0xE7BF,0xDFBF,0xE7DF,
  0xF7FF,0xFFFF,0xFFFF,0xFFFF,0xFFFF,0xFFFF,0xF7FF,0xEFFF,0xE7DF,0xDFBF,0xE7DF,0xE7DF,0xE7DF,0xE7DF,0xE7DF,0xE7DF,
  0xE7DF,0xE7DF,0xE7DF,0xE7DF,0xE7DF,0xE7DF,0xE7DF,0xE7DF,0xE7DF,0xE7DF,0xE7DF,0xDFBF,0xDFDF,0xE7DF,0xC79F,0xBF9F,
  0xBF9F,0xBF9F,0xBF7F,0xEFFF,0xE7FF,0xDF9E,0xFFFF,0x7C10,0x4228,0xFFFF,0xDFBF,0xE7DF,0xE7DF,0xE7DF,0xEFFF,0xFFFF,
  0xC69A,0x8CB3,0x7432,0x63D0,0x63B0,0x5B6F,0x5B2E,0x52ED,0x52CC,0x52CC,0x52CC,0x4AAC,0x52AC,0x52AC,0x4A8B,0x4A8C,
  0x4A6C,0x4A6C,0x52EF,0x4A6C,0x426C,0x4A8C,0x4A8C,0x426C,0x426C,0x426C,0x428C,0x426C,0x426C,0x426B,0x426C,0x426C,
  0x424C,0x424B,0x424C,0x4A6D,0x4A6C,0x4A8C,0x4A6C,0x4A6C,0x4A8C,0x428C,0x4A8C,0x4A8C,0x426B,0x426C,0x4AAD,0x42AC,
  0x428C,0x42AD,0x428D,0x42CE,0x42CE,0x42AD,0x428D,0x428D,0x42AD,0x42AD,0x42AD,0x42AD,0x4ACE,0x42AE,0x63B0,0x4ACE,
  0x4ACE,0x4AAE,0x42AE,0x4ACF,0x4ACE,0x42AE,0x42AD,0x42AD,0x42AD,0x42AD,0x428D,0x3A8D,0x428D,0x428D,0x428D,0x42AD,
  0x428D,0x42AD,0x3A8D,0x3A6D,0x3A8D,0x3A8D,0x3A6C,0x324C,0x324C,0x3A6C,0x3A6C,0x324C,0x324C,0x324C,0x324C,0x324C,
  0x322C,0x322B,0x2A0B,0x2A0B,0x2A0B,0x29EB,0x2A0B,0x2A0B,0x29EB,0x29EB,0x29EB,0x29EB,0x29EB,0x29EB,0x29EB,0x29CA,
  0x29CB,0x29CB,0x29CA,0x29CB,0x31EB,0x29CA,0x29CA,0x29CA,0x29AA,0x29CB,0x29CB,0x29AB,0x29AA,0x218A,0x218A,0x21AA,
  0x218A,0x21AA,0x218A,0x218A,0x218A,0x216A,0x216A,0x218A,0x2169,0x2149,0x2169,0x216A,0x2169,0x1969,0x1949,0x1949,
  0x1949,0x1929,0x1949,0x1949,0x1949,0x1929,0x1929,0x2149,0x2169,0x2169,0x2169,0x216A,0x31EB,0x320B,0x3A4B,0x8CD4,
  0xFFFF,0xE7DF,0xE7BF,0xE7BF,0xEFFF,0xDF1C,0x1082,0xCEDB,0xEFFF,0xE7BF,0xEFDF,0xF7FF,0xD73D,0xB69B,0xB6BB,0xB6BB,
  0xBEFC,0xE7BF,0xEFDF,0xE7BF,0xE7BF,0xE7DF,0xE7DF,0xE7DF,0xE7DF,0xE7DF,0xE7DF,0xE7BF,0xE7BF,0xE7DF,0xE7BF,0xE7DF,
  0xE7DF,0xE7DF,0xE7DF,0xE7DF,0xDFBF,0xE7DF,0xF7FF,0xFFFF,0xE79E,0xCEDB,0xB619,0xA597,0xA5B7,0xBE5A,0xD71C,0xEFFF,
  0xFFFF,0xEFFF,0xDFBF,0xDFBF,0xE7DF,0xE7DF,0xE7DF,0xE7DF,0xE7BF,0xE7DF,0xE7DF,0xE7DF,0xE7DF,0xE7DF,0xE7BF,0xE7DF,
  0xE7DF,0xE7DF,0xE7DF,0xE7DF,0xE7DF,0xE7DF,0xE7DF,0xE7DF,0xE7BF,0xE7FF,0xDF1C,0x31CA,0x2A0F,0x196C,0x29EE,0x7C14,
  0x7C35,0x5B52,0x29EE,0x218C,0x7C34,0xDFBF,0xE7DF,0xE7DF,0xE7DF,0xE7DF,0xE7DF,0xE7DF,0xE7DF,0xE7DF,0xE7DF,0xE7DF,
  0xE7DF,0xE7DF,0xE7DF,0xE7DF,0xE7DF,0xE7DF,0xE7DF,0xE7DF,0xE7DF,0xE7DF,0xE7DF,0xE7DF,0xE7DF,0xE7DF,0xE7DF,0xE7DF,
  0xE7BF,0xDFBF,0xDFBF,0xDFBF,0xDFBF,0xDFBF,0xDFBF,0xE7BF,0xE7BF,0xE7DF,0xE7DF,0xE7DF,0xE7DF,0xE7DF,0xE7DF,0xE7DF,
  0xE7DF,0xE7DF,0xE7DF,0xE7BF,0xE7DF,0xE7DF,0xE7DF,0xE7DF,0xDFBF,0xE7DF,0xE7DF,0xDFDF,0xDFDF,0xE7FF,0xC79F,0xBF7F,
  0xC79F,0xBF9F,0xBF7F,0xEFFF,0xE7DF,0xDF9E,0xFFFF,0x7BF0,0x3A08,0xFFFF,0xDFBF,0xE7DF,0xE7DF,0xE7DF,0xE7BF,0xDFBF,
  0xF7FF,0xFFFF,0xF7FF,0xF7FF,0xF7FF,0xF7FF,0xF7FF,0xF7FF,0xF7FF,0xF7FF,0xF7FF,0xF7FF,0xF7FF,0xF7FF,0xF7FF,0xFFFF,
  0xF7FF,0xF7FF,0xF7FF,0xF7FF,0xF7FF,0xF7FF,0xF7FF,0xF7FF,0xF7FF,0xF7FF,0xF7FF,0xF7FF,0xF7FF,0xF7FF,0xF7FF,0xF7FF,
  0xF7FF,0xF7FF,0xF7FF,0xF7FF,0xF7FF,0xF7FF,0xF7FF,0xF7FF,0xF7FF,0xEFFF,0xEFFF,0xEFFF,0xEFFF,0xEFFF,0xEFFF,0xEFFF,
  0xEFFF,0xEFFF,0xE7DF,0xE7DF,0xE7DF,0xE7BF,0xE7BF,0xE7BF,0xE7DF,0xE7DF,0xE7BF,0xE7BF,0xE7BF,0xE7BF,0xDF7E,0xE79E,
  0xE7BF,0xE7BF,0xE7BF,0xE7BE,0xE7BF,0xE7BF,0xE7BF,0xE7DF,0xE7DF,0xE7BF,0xE7BF,0xDFBF,0xE7BF,0xE7BE,0xDF9E,0xE7BE,
  0xE7BE,0xDF9E,0xDF9E,0xDF9E,0xDF9E,0xDF9E,0xDF7E,0xDF9E,0xDF9E,0xDF9E,0xDF9E,0xDF7E,0xDF7E,0xDF7D,0xDF7E,0xDF7E,
  0xDF9E,0xDF7E,0xDF7E,0xD75D,0xD75D,0xD75D,0xD75D,0xD75D,0xD75D,0xD75D,0xD75D,0xD75D,0xDF5D,0xD75D,0xDF5D,0xDF3D,
  0xDF5D,0xDF5D,0xDF5C,0xDF5D,0xDF5D,0xD73C,0xDF3D,0xDF5D,0xD73C,0xD73D,0xD73C,0xD71C,0xD6FC,0xD6FC,0xCEDC,0xD6DC,
  0xD6FC,0xCEDB,0xD6DB,0xCEDB,0xCEDB,0xCEDB,0xD6DB,0xD6DB,0xCEBB,0xD6BB,0xD6BB,0xD6BB,0xD6BB,0xCE9A,0xCEBA,0xCE9A,
  0xCE9A,0xCE9A,0xCE9A,0xC69A,0xC67A,0xC659,0xBE59,0xBE59,0xBE59,0xBE59,0xBE59,0xBE59,0xBE38,0xD6DB,0xF7FF,0xFFFF,
  0xE7DF,0xE7DF,0xE7DF,0xE7DF,0xEFFF,0xDF1C,0x10A3,0xDF3C,0xEFFF,0xE7BF,0xE7DF,0xF7FF,0xD73D,0xAE9B,0xBEBB,0xAE9B,
  0xB69B,0xE7BF,0xE7DF,0xE7BF,0xE7DF,0xE7DF,0xE7DF,0xE7DF,0xE7DF,0xE7DF,0xE7DF,0xE7DF,0xE7DF,0xE7DF,0xE7DF,0xE7DF,
  0xE7DF,0xE7DF,0xE7DF,0xE7DF,0xE7DF,0xE7DF,0xE7BF,0xE7BF,0xE7DF,0xEFFF,0xF7FF,0xFFFF,0xF7FF,0xF7FF,0xEFFF,0xE7BF,
  0xDFBF,0xDFBF,0xE7BF,0xE7DF,0xE7DF,0xE7DF,0xE7DF,0xE7DF,0xE7DF,0xE7BF,0xE7DF,0xE7DF,0xE7DF,0xE7DF,0xE7DF,0xE7DF,
  0xE7DF,0xE7DF,0xE7DF,0xE7DF,0xE7DF,0xE7DF,0xE7DF,0xE7DF,0xE7DF,0xEFFF,0xDF1B,0x3A0A,0x2A0F,0x196C,0x29EE,0x7C35,
  0x7C35,0x5332,0x29ED,0x21AD,0x7434,0xCF5E,0xEFDF,0xE7DF,0xE7DF,0xE7DF,0xE7DF,0xE7DF,0xE7DF,0xE7DF,0xE7DF,0xE7DF,
  0xE7DF,0xE7DF,0xE7DF,0xE7DF,0xE7DF,0xE7DF,0xE7DF,0xE7DF,0xE7DF,0xE7DF,0xE7DF,0xE7DF,0xE7DF,0xE7DF,0xE7DF,0xE7DF,
  0xE7DF,0xE7DF,0xE7DF,0xE7DF,0xE7DF,0xE7DF,0xE7DF,0xE7DF,0xE7DF,0xE7DF,0xE7DF,0xE7DF,0xE7DF,0xE7DF,0xE7DF,0xE7DF,
  0xE7DF,0xE7DF,0xE7DF,0xE7DF,0xE7DF,0xE7DF,0xE7DF,0xE7DF,0xE7DF,0xE7DF,0xE7DF,0xE7DF,0xE7BF,0xE7FF,0xC79F,0xBF7F,
  0xC79F,0xBF9F,0xBF7F,0xEFFF,0xE7DF,0xDF9E,0xFFFF,0x7C10,0x31E7,0xFFFF,0xDFBF,0xE7DF,0xE7DF,0xE7DF,0xE7DF,0xE7DF,
  0xE7BF,0xDFBF,0xE7BF,0xDFBF,0xE7BF,0xDFBF,0xDFBF,0xE7DF,0xDFBF,0xDFBF,0xE7BF,0xDFBF,0xE7DF,0xDFBF,0xDFDF,0xE7BF,
  0xE7DF,0xE7BF,0xDFBF,0xDFBF,0xE7DF,0xDFBF,0xDFBF,0xE7BF,0xE7DF,0xDFBF,0xE7BF,0xE7BF,0xE7BF,0xE7DF,0xE7BF,0xDFBF,
  0xE7BF,0xE7BF,0xDFBF,0xDFBF,0xE7DF,0xE7DF,0xE7DF,0xDFBF,0xDFBF,0xDFBF,0xE7DF,0xDFBF,0xE7DF,0xE7BF,0xE7DF,0xE7BF,
  0xE7DF,0xE7DF,0xE7DF,0xE7DF,0xE7DF,0xE7DF,0xE7DF,0xE7DF,0xE7DF,0xE7DF,0xE7DF,0xE7DF,0xE7DF,0xE7DF,0xE7DF,0xE7DF,
  0xE7DF,0xE7DF,0xE7DF,0xE7DF,0xE7DF,0xE7DF,0xE7BF,0xE7BF,0xE7DF,0xE7DF,0xE7DF,0xE7DF,0xE7DF,0xE7DF,0xE7DF,0xE7DF,
  0xE7DF,0xE7DF,0xE7DF,0xE7BF,0xE7DF,0xE7DF,0xE7DF,0xE7BF,0xE7DF,0xE7DF,0xE7DF,0xE7DF,0xE7DF,0xE7DF,0xE7DF,0xE7DF,
  0xE7DF,0xE7DF,0xE7DF,0xE7DF,0xE7FF,0xE7FF,0xE7FF,0xE7FF,0xE7FF,0xE7FF,0xEFFF,0xEFFF,0xE7FF,0xE7FF,0xE7FF,0xE7FF,
  0xE7FF,0xE7FF,0xE7FF,0xE7FF,0xE7FF,0xE7DF,0xE7FF,0xE7FF,0xE7DF,0xE7FF,0xE7FF,0xEFFF,0xEFFF,0xEFFF,0xEFFF,0xEFFF,
  0xEFFF,0xEFFF,0xEFFF,0xEFFF,0xEFFF,0xEFFF,0xEFFF,0xEFFF,0xEFFF,0xEFFF,0xEFFF,0xEFFF,0xEFFF,0xEFFF,0xEFFF,0xEFFF,
  0xEFFF,0xEFFF,0xEFFF,0xEFFF,0xEFFF,0xEFFF,0xEFFF,0xEFFF,0xEFFF,0xF7FF,0xEFFF,0xEFFF,0xEFFF,0xEFFF,0xE7DF,0xDFBF,
  0xE7DF,0xE7DF,0xE7DF,0xE7BF,0xEFFF,0xDF1C,0x10A2,0xD71C,0xEFFF,0xE7BF,0xE7DF,0xF7FF,0xD73D,0xB69B,0xB6BB,0xB6BB,
  0xBEDC,0xE7BF,0xE7DF,0xE7BF,0xE7DF,0xE7DF,0xE7BF,0xE7DF,0xE7DF,0xE7BF,0xE7DF,0xE7DF,0xE7BF,0xE7BF,0xE7BF,0xE7DF,
  0xE7DF,0xE7DF,0xE7DF,0xE7BF,0xE7DF,0xE7DF,0xE7BF,0xE7DF,0xE7DF,0xE7BF,0xDFBF,0xDFBF,0xDFBF,0xE7BF,0xE7BF,0xE7DF,
  0xE7DF,0xE7DF,0xE7BF,0xE7DF,0xE7DF,0xE7DF,0xE7DF,0xE7DF,0xE7DF,0xE7DF,0xE7BF,0xE7DF,0xE7DF,0xE7DF,0xE7DF,0xE7DF,
  0xE7DF,0xE7DF,0xE7BF,0xE7DF,0xE7DF,0xE7DF,0xE7DF,0xE7DF,0xE7BF,0xE7FF,0xDF1B,0x3A0A,0x29EF,0x196C,0x2A0E,0x7C35,
  0x7C55,0x5B52,0x29EE,0x21AD,0x6392,0xCF5E,0xEFDF,0xE7DF,0xE7DF,0xE7DF,0xE7DF,0xE7DF,0xE7DF,0xE7DF,0xE7DF,0xE7DF,
  0xE7DF,0xE7DF,0xE7DF,0xE7DF,0xE7DF,0xE7DF,0xE7DF,0xE7DF,0xE7DF,0xE7DF,0xE7DF,0xE7DF,0xE7DF,0xE7DF,0xE7DF,0xE7DF,
  0xE7DF,0xE7DF,0xE7DF,0xE7BF,0xE7DF,0xE7DF,0xE7DF,0xE7DF,0xE7DF,0xE7DF,0xE7DF,0xE7DF,0xE7DF,0xE7DF,0xE7DF,0xE7DF,
  0xE7DF,0xE7DF,0xE7DF,0xE7DF,0xDFBF,0xE7DF,0xE7DF,0xE7DF,0xE7DF,0xE7DF,0xE7DF,0xE7DF,0xDFDF,0xE7DF,0xC79F,0xBF7F,
  0xBF9F,0xBF9F,0xBF7F,0xEFFF,0xE7FF,0xDF9F,0xFFFF,0x7BEF,0x2165,0xF7FF,0xE7DF,0xE7DF,0xE7DF,0xE7DF,0xE7DF,0xE7DF,
  0xE7DF,0xE7DF,0xE7DF,0xE7DF,0xE7DF,0xE7DF,0xE7DF,0xE7DF,0xE7DF,0xE7DF,0xE7DF,0xE7DF,0xE7DF,0xE7DF,0xE7DF,0xE7DF,
  0xE7DF,0xE7DF,0xE7DF,0xE7DF,0xE7DF,0xE7DF,0xE7DF,0xE7BF,0xE7DF,0xE7DF,0xE7DF,0xE7DF,0xE7DF,0xE7DF,0xE7DF,0xE7BF,
  0xE7DF,0xE7DF,0xE7DF,0xE7DF,0xE7DF,0xE7DF,0xE7DF,0xE7DF,0xE7DF,0xE7DF,0xE7DF,0xE7DF,0xE7DF,0xE7DF,0xE7DF,0xE7DF,
  0xE7DF,0xE7DF,0xE7DF,0xE7DF,0xE7DF,0xE7DF,0xDFBF,0xE7DF,0xE7DF,0xDFBF,0xE7DF,0xE7DF,0xE7DF,0xE7DF,0xE7BF,0xE7DF,
  0xE7DF,0xE7DF,0xDFBF,0xE7DF,0xE7DF,0xE7FF,0xE7FF,0xE7FF,0xE7DF,0xE7DF,0xE7DF,0xE7BF,0xE7DF,0xEFFF,0xE7DF,0xDFBF,
  0xE7DF,0xDFBF,0xEFFF,0xEFFF,0xE7DF,0xE7BF,0xE7DF,0xE7FF,0xEFFF,0xE7DF,0xDFBF,0xDFDF,0xE7FF,0xE7FF,0xE7FF,0xE7DF,
  0xDFBF,0xE7DF,0xE7FF,0xE7DF,0xE7DF,0xDFBF,0xDFBF,0xE7BF,0xE7BF,0xDFBF,0xE7BF,0xE7BF,0xE7DF,0xE7BF,0xE7DF,0xE7DF,
  0xE7BF,0xE7BF,0xE7BF,0xE7DF,0xE7DF,0xE7DF,0xE7DF,0xE7BF,0xDFBF,0xE7BF,0xE7BF,0xE7BF,0xE7BF,0xE7BF,0xE7BF,0xE7BF,
  0xE7BF,0xE7BF,0xE7BF,0xE7BF,0xE7BF,0xE7DF,0xE7BF,0xE7DF,0xE7BF,0xE7BF,0xE7BF,0xDFBF,0xE7BF,0xE7BF,0xE7BF,0xE7BF,
  0xE7BF,0xE7BF,0xE7BF,0xE7BF,0xE7BF,0xE7BF,0xE7BF,0xE7BF,0xE7BF,0xE7BF,0xE7BF,0xE7BF,0xE7BF,0xE7BF,0xE7DF,0xE7DF,
  0xE7DF,0xE7DF,0xE7DF,0xE7BF,0xEFFF,0xD6DB,0x1082,0xD71C,0xEFFF,0xE7BF,0xEFDF,0xF7FF,0xD73D,0xB6BB,0xBEBC,0xB6BB,
  0xB6DC,0xE7BF,0xEFDF,0xE7BF,0xE7DF,0xE7BF,0xE7DF,0xE7DF,0xE7DF,0xE7DF,0xE7BF,0xE7DF,0xE7DF,0xE7DF,0xE7BF,0xE7DF,
  0xE7DF,0xE7DF,0xE7DF,0xE7BF,0xE7DF,0xE7DF,0xE7DF,0xE7DF,0xE7DF,0xE7DF,0xE7BF,0xE7DF,0xE7DF,0xE7BF,0xE7BF,0xE7DF,
  0xE7BF,0xE7DF,0xE7DF,0xE7DF,0xE7BF,0xE7DF,0xE7DF,0xE7BF,0xE7BF,0xE7DF,0xE7DF,0xE7DF,0xE7DF,0xE7BF,0xE7DF,0xE7DF,
  0xE7DF,0xE7DF,0xE7BF,0xE7DF,0xE7BF,0xE7DF,0xE7DF,0xE7DF,0xE7BF,0xEFFF,0xDF1B,0x39EA,0x2A0F,0x196C,0x2A0E,0x7C34,
  0x7C35,0x5B73,0x29EE,0x218C,0x7C34,0xCF3E,0xEFDF,0xE7DF,0xE7DF,0xE7DF,0xE7DF,0xE7DF,0xE7DF,0xDFBF,0xE7DF,0xE7DF,
  0xE7DF,0xE7DF,0xE7DF,0xE7DF,0xE7DF,0xE7DF,0xE7DF,0xE7DF,0xE7DF,0xE7DF,0xE7DF,0xE7DF,0xE7DF,0xE7DF,0xE7DF,0xE7DF,
  0xE7DF,0xE7DF,0xE7DF,0xE7DF,0xE7DF,0xE7DF,0xE7DF,0xE7DF,0xE7DF,0xE7DF,0xE7DF,0xE7DF,0xE7DF,0xE7DF,0xE7DF,0xE7DF,
  0xE7DF,0xE7DF,0xE7DF,0xE7DF,0xE7DF,0xE7DF,0xE7DF,0xE7DF,0xE7DF,0xE7DF,0xE7DF,0xE7DF,0xD79F,0xE7DF,0xC7BF,0xBF7F,
  0xBF9F,0xBF7F,0xBF7F,0xEFFF,0xEFFF,0xDF9F,0xFFFF,0x9D35,0x0861,0xF7DF,0xE7DF,0xDFBF,0xE7DF,0xE7DF,0xE7DF,0xE7DF,
  0xE7DF,0xE7DF,0xE7DF,0xE7DF,0xE7DF,0xE7DF,0xE7DF,0xE7DF,0xE7DF,0xE7DF,0xE7DF,0xE7DF,0xE7DF,0xE7DF,0xE7DF,0xE7DF,
  0xE7DF,0xE7DF,0xE7DF,0xE7DF,0xE7DF,0xE7DF,0xE7DF,0xE7DF,0xE7DF,0xE7DF,0xE7DF,0xE7DF,0xE7DF,0xE7DF,0xE7DF,0xE7DF,
  0xE7DF,0xE7DF,0xE7DF,0xE7DF,0xE7DF,0xE7DF,0xE7DF,0xE7DF,0xE7DF,0xE7DF,0xE7DF,0xE7DF,0xE7DF,0xE7DF,0xE7DF,0xE7DF,
  0xE7DF,0xE7DF,0xE7DF,0xE7DF,0xE7DF,0xEFFF,0xEFFF,0xE7DF,0xF7FF,0xF7FF,0xE7DF,0xEFDF,0xEFDF,0xF7FF,0xEFFF,0xEFDF,
  0xE79E,0xEF9E,0xF7FF,0xE7DF,0xEFBE,0xDF1C,0xD6DB,0xD6BA,0xE79E,0xE7DF,0xDFBF,0xEFFF,0xEFBE,0xC638,0xE77D,0xF7FF,
  0xDFBF,0xFFFF,0xCE79,0xB5B6,0xEFFF,0xEFFF,0xEF9E,0xD6DB,0xCE9A,0xE77D,0xF7FF,0xEFDF,0xE75D,0xD6FB,0xDEFB,0xE77E,
  0xF7FF,0xE77D,0xDF3C,0xE75D,0xE79E,0xF7FF,0xF7FF,0xDFBF,0xE7DF,0xEFFF,0xE7DF,0xE7DF,0xE7DF,0xE7DF,0xE7DF,0xE7BF,
  0xE7BF,0xE7DF,0xE7DF,0xE7DF,0xE7DF,0xE7BF,0xE7BF,0xE7DF,0xE7DF,0xE7DF,0xE7DF,0xE7DF,0xE7DF,0xE7DF,0xE7DF,0xE7DF,
  0xE7DF,0xE7BF,0xE7BF,0xE7DF,0xE7BF,0xE7DF,0xE7DF,0xE7DF,0xE7BF,0xE7DF,0xE7DF,0xE7BF,0xE7DF,0xE7BF,0xE7DF,0xE7DF,
  0xE7DF,0xE7BF,0xE7DF,0xE7BF,0xE7DF,0xE7DF,0xE7DF,0xE7DF,0xE7BF,0xE7BF,0xE7DF,0xE7DF,0xE7BF,0xE7BF,0xE7DF,0xE7DF,
  0xE7DF,0xE7DF,0xE7DF,0xE7BF,0xF7FF,0xBE58,0x0882,0xE77E,0xEFFF,0xE7BF,0xEFDF,0xF7FF,0xD73D,0xB69B,0xBEBC,0xB6BB,
  0xBEDC,0xDF9F,0xE7BF,0xE7BF,0xE7BF,0xE7BF,0xE7DF,0xE7DF,0xE7DF,0xE7DF,0xE7BF,0xE7DF,0xE7DF,0xE7DF,0xE7BF,0xE7DF,
  0xE7DF,0xE7DF,0xE7DF,0xE7DF,0xE7DF,0xE7DF,0xE7DF,0xE7DF,0xE7DF,0xE7DF,0xE7DF,0xE7DF,0xE7DF,0xE7DF,0xE7DF,0xE7DF,
  0xE7DF,0xE7DF,0xE7DF,0xE7DF,0xE7DF,0xE7BF,0xE7DF,0xE7DF,0xE7BF,0xE7DF,0xE7DF,0xE7DF,0xE7DF,0xE7DF,0xE7DF,0xE7DF,
  0xE7BF,0xE7DF,0xE7DF,0xE7DF,0xE7DF,0xE7DF,0xE7DF,0xE7DF,0xE7BF,0xEFFF,0xDF1B,0x31EA,0x2A0F,0x196C,0x29EE,0x7C14,
  0x7C35,0x5B52,0x29EE,0x21AD,0x6BF4,0xDFBF,0xE7DF,0xE7DF,0xE7DF,0xE7DF,0xE7DF,0xE7DF,0xE7DF,0xE7DF,0xE7DF,0xE7DF,
  0xE7DF,0xE7DF,0xE7DF,0xE7BF,0xE7DF,0xE7DF,0xE7DF,0xE7DF,0xE7BF,0xDFBF,0xE7DF,0xE7DF,0xDFBF,0xE7DF,0xE7DF,0xE7DF,
  0xE7DF,0xE7BF,0xE7BF,0xDFBF,0xDFBF,0xE7DF,0xE7BF,0xDFBF,0xDFBF,0xDFBF,0xE7DF,0xE7DF,0xDFBF,0xDFBF,0xE7BF,0xDFBF,
  0xE7DF,0xE7DF,0xE7DF,0xE7DF,0xE7DF,0xE7DF,0xE7DF,0xE7DF,0xE7DF,0xE7DF,0xE7DF,0xE7BF,0xE7BF,0xE7FF,0xC79F,0xBF7F,
  0xBF9F,0xBF9F,0xBF9F,0xEFFF,0xE7DF,0xDFBF,0xE7DF,0xEFBE,0x08A3,0x7BEF,0xFFFF,0xE7FF,0xE7DF,0xE7DF,0xE7BF,0xDFBF,
  0xDFBF,0xDFBF,0xDFBF,0xDFBF,0xDFBF,0xDFBF,0xDFBF,0xDFBF,0xDFBF,0xDFBF,0xDFBF,0xDFBF,0xDFBF,0xDFBF,0xDFBF,0xDFBF,
  0xDFBF,0xDFBF,0xDFBF,0xDFBF,0xDFBF,0xDFBF,0xDFBF,0xDFBF,0xDFBF,0xDFBF,0xDFBF,0xDFBF,0xDFBF,0xDFBF,0xDFBF,0xDFBF,
  0xDFBF,0xDFBF,0xDFBF,0xDFBF,0xDFBF,0xDFBF,0xDFBF,0xDFBF,0xDFBF,0xDFBF,0xDFBF,0xDFBF,0xDFBF,0xDFBF,0xDFBF,0xE7BF,
  0xDFBF,0xDFBF,0xDFBF,0xDF9F,0xF7FF,0x94D3,0xB5D7,0xFFFF,0x7BEF,0x73AE,0xFFFF,0xADB6,0x94B2,0x8430,0xBE38,0x528A,
  0x636F,0x52EC,0x8C51,0xFFFF,0x632C,0x632D,0x73F0,0x73AF,0xCE9A,0xEFFF,0xE7DF,0xD6FB,0x5AEB,0x7410,0x52CB,0xAD75,
  0xFFFF,0x7C10,0x6B8E,0x840F,0x5B2C,0xDF1C,0x528A,0x636E,0x7411,0x52CB,0xCE79,0x94D3,0x4A6A,0x7411,0x638F,0xBE39,
  0xA514,0x3A29,0x638F,0x4B0D,0xA596,0x8CB2,0x7C10,0xFFFF,0xE7BF,0x73CE,0xE79E,0xE7DF,0xDF9F,0xDFBF,0xDFBF,0xDFBF,
  0xDFBF,0xDFBF,0xDFBF,0xDFBF,0xDFBF,0xDFBF,0xDF9F,0xDFBF,0xDF9F,0xDFBF,0xDF9F,0xDFBF,0xDF9F,0xDFBF,0xDF9F,0xDFBF,
  0xDF9F,0xDF9F,0xDFBF,0xDFBF,0xDFBF,0xDFBF,0xDFBF,0xDFBF,0xDFBF,0xDFBF,0xDFBF,0xDFBF,0xE7BF,0xDFBF,0xDFBF,0xE7BF,
  0xDFBF,0xDFBF,0xDFBF,0xDFBF,0xDFBF,0xDFBF,0xDF9F,0xDF9F,0xDF9F,0xDF9F,0xDFBF,0xE7BF,0xDF9E,0xDF9E,0xDFBF,0xE7BF,
  0xDFBF,0xDFBF,0xDFBF,0xE7DF,0xFFFF,0x4A69,0x3A08,0xFFFF,0xE7BF,0xE7BF,0xEFDF,0xF7FF,0xD73D,0xB6BB,0xB6BB,0xB69B,
  0xBEDC,0xE7BF,0xE7DF,0xE7BF,0xE7DF,0xE7DF,0xE7BF,0xE7BF,0xE7DF,0xE7DF,0xE7DF,0xE7DF,0xE7DF,0xE7BF,0xE7BF,0xE7DF,
  0xE7DF,0xE7BF,0xE7DF,0xE7BF,0xE7BF,0xE7DF,0xE7DF,0xE7BF,0xE7DF,0xE7DF,0xE7DF,0xE7BF,0xE7DF,0xE7DF,0xE7DF,0xDF9F,
  0xE7DF,0xE7BF,0xE7DF,0xE7DF,0xE7DF,0xE7DF,0xE7DF,0xE7DF,0xE7BF,0xE7DF,0xE7DF,0xE7DF,0xE7DF,0xE7DF,0xE7DF,0xE7DF,
  0xE7DF,0xE7DF,0xE7DF,0xE7DF,0xE7DF,0xE7DF,0xE7DF,0xE7DF,0xE7BF,0xEFFF,0xDEFB,0x3A0B,0x2A0F,0x116C,0x2A0E,0x7C34,
  0x7C35,0x5B52,0x29EE,0x21AD,0x7414,0xEFFF,0xE7BF,0xE7DF,0xE7DF,0xE7DF,0xE7DF,0xE7DF,0xE7DF,0xE7DF,0xE7DF,0xE7DF,
  0xE7DF,0xE7DF,0xE7DF,0xE7DF,0xE7DF,0xE7BF,0xDFBF,0xE7DF,0xF7FF,0xFFFF,0xEFFF,0xE7DF,0xF7FF,0xEFFF,0xE7DF,0xE7DF,
  0xE7DF,0xF7FF,0xFFFF,0xF7FF,0xFFFF,0xEFDF,0xF7FF,0xFFFF,0xF7FF,0xFFFF,0xEFFF,0xF7FF,0xFFFF,0xFFFF,0xFFFF,0xEFFF,
  0xE7DF,0xE7DF,0xE7DF,0xE7DF,0xE7DF,0xE7DF,0xE7DF,0xE7DF,0xE7DF,0xE7DF,0xE7DF,0xE7DF,0xDFDF,0xE7DF,0xC79F,0xBF7F,
  0xBF9F,0xBF9F,0xBF7F,0xEFFF,0xEFDF,0xDFBF,0xDFBF,0xF7FF,0xA576,0x0000,0x738E,0xDF1C,0xF7DF,0xFFFF,0xFFFF,0xFFFF,
  0xFFFF,0xFFFF,0xFFFF,0xFFFF,0xFFFF,0xFFFF,0xFFFF,0xFFFF,0xFFFF,0xFFFF,0xFFFF,0xFFFF,0xFFFF,0xFFFF,0xFFFF,0xFFFF,
  0xFFFF,0xFFFF,0xFFFF,0xFFFF,0xFFFF,0xFFFF,0xFFFF,0xFFFF,0xFFFF,0xFFFF,0xFFFF,0xFFFF,0xFFFF,0xFFFF,0xFFFF,0xFFFF,
  0xFFFF,0xFFFF,0xFFFF,0xFFFF,0xFFFF,0xFFFF,0xFFFF,0xFFFF,0xFFFF,0xFFFF,0xFFFF,0xFFFF,0xFFFF,0xFFFF,0xFFFF,0xFFFF,
  0xFFFF,0xFFFF,0xFFFF,0xFFFF,0xFFFF,0xA596,0x73EF,0xF7FF,0x634D,0x5AEC,0xF7FF,0x73EF,0xB5D7,0x6B4D,0x9514,0x6B8E,
  0xF7FF,0xF7DF,0x6B8E,0xA555,0x73AE,0xEFBE,0xFFFF,0xFFFF,0xEFFF,0xDFBE,0xFFFF,0x7C51,0x6B6D,0xFFFF,0xDF5D,0x8CB3,
  0xBDF7,0x5B2C,0xFFFF,0xFFFF,0xB5D7,0xADD7,0x5AEB,0xFFFF,0xFFFF,0xCEDB,0x5B0B,0x73EF,0xB5D7,0xFFFF,0xF7FF,0xFFFF,
  0x73AE,0xAD96,0xFFFF,0xF7FF,0xFFFF,0x7C30,0x0882,0xD6BA,0xF7FF,0x4A49,0xE77E,0xEFFF,0xFFFF,0xFFFF,0xFFFF,0xFFFF,
  0xFFFF,0xFFFF,0xFFFF,0xFFFF,0xFFFF,0xFFFF,0xFFFF,0xFFFF,0xFFFF,0xFFFF,0xFFFF,0xFFFF,0xFFFF,0xFFFF,0xFFFF,0xFFFF,
  0xFFFF,0xFFFF,0xFFFF,0xFFFF,0xFFFF,0xFFFF,0xFFFF,0xFFFF,0xFFFF,0xFFFF,0xFFFF,0xFFFF,0xFFFF,0xFFFF,0xFFFF,0xFFFF,
  0xFFFF,0xFFFF,0xFFFF,0xFFFF,0xFFFF,0xFFFF,0xFFFF,0xFFFF,0xFFFF,0xFFFF,0xFFFF,0xFFFF,0xFFFF,0xFFFF,0xFFFF,0xFFFF,
  0xFFFF,0xFFFF,0xFFFF,0xFFFF,0x840F,0x0000,0xC67A,0xF7FF,0xE7BF,0xE7BF,0xEFDF,0xF7FF,0xD75D,0xB6BB,0xB6BB,0xB69B,
  0xBEDC,0xDF9F,0xE7BF,0xE7BF,0xE7BF,0xE7BF,0xE7BF,0xE7BF,0xE7DF,0xE7DF,0xE7DF,0xE7DF,0xE7DF,0xE7BF,0xE7BF,0xE7DF,
  0xE7FF,0xE7FF,0xDFBF,0xE7DF,0xE7BF,0xE7DF,0xE7BF,0xE7DF,0xE7DF,0xDF9F,0xE7BF,0xE7BF,0xE7BF,0xE7DF,0xE7BF,0xE7BF,
  0xE7DF,0xE7DF,0xE7BF,0xE7DF,0xE7BF,0xE7DF,0xE7BF,0xDFBF,0xE7BF,0xE7DF,0xE7DF,0xE7DF,0xE7DF,0xE7DF,0xE7DF,0xE7DF,
  0xE7DF,0xE7DF,0xE7DF,0xE7DF,0xE7DF,0xE7DF,0xE7DF,0xE7DF,0xE7DF,0xEFFF,0xDEFB,0x39EA,0x2A0F,0x196C,0x2A0E,0x7C14,
  0x7C35,0x5B52,0x21CD,0x21AD,0x6BF4,0xE7DF,0xEFDF,0xE7DF,0xE7DF,0xE7DF,0xE7DF,0xE7DF,0xE7DF,0xE7BF,0xE7DF,0xE7DF,
  0xE7DF,0xE7DF,0xE7DF,0xDFBF,0xE7DF,0xF7FF,0xFFFF,0xEFBE,0xBE18,0x738D,0xD6DB,0xFFFF,0x8C92,0xDF3C,0xEFFF,0xDF9F,
  0xF7FF,0x94D3,0x52AB,0x6B6E,0x5B0C,0xE77D,0xA575,0x528A,0x636E,0x5B2D,0xD6BA,0xA576,0x5ACC,0x5269,0x5AEC,0xB5F8,
  0xF7FF,0xE7BF,0xE7DF,0xE7DF,0xE7DF,0xE7DF,0xE7DF,0xE7DF,0xE7DF,0xE7DF,0xE7BF,0xD77E,0xDFBF,0xE7DF,0xC79F,0xB77F,
  0xBF9F,0xBF9F,0xBF9F,0xEFFF,0xE7DF,0xE7BF,0xE7DF,0xDFBF,0xFFFF,0x9D76,0x10E4,0x0021,0x18C3,0x2924,0x2966,0x3186,
  0x3186,0x3186,0x31A6,0x39A6,0x3186,0x39A6,0x39A6,0x39C7,0x39C7,0x39C7,0x39C6,0x39C6,0x39C7,0x39C7,0x39C7,0x39C7,
  0x39C7,0x39C7,0x39C7,0x39C7,0x39C7,0x39C7,0x39C7,0x39C7,0x39C7,0x39C7,0x41E7,0x41E7,0x39C7,0x39C7,0x39C7,0x4207,
  0x39E7,0x39C7,0x39C7,0x39C7,0x39C7,0x39C7,0x39C7,0x39C7,0x39C7,0x39C7,0x39C7,0x39E7,0x41E7,0x39C7,0x39E7,0x41E7,
  0x39C7,0x39C7,0x41E7,0x39C7,0x8451,0xEFBE,0x5B0C,0xCEBA,0x94D3,0x8C92,0xCE7A,0x6B8E,0xF7BE,0x630C,0x9D55,0x73CF,
  0xEFFF,0xEFFF,0xBE18,0x7C10,0x52EB,0x5ACA,0x6B6C,0x738D,0xE77E,0xE7DF,0xE7DF,0xDF5D,0x52CC,0x52AA,0x7BEF,0xEF7D,
  0x94B2,0xB5F7,0xEFFF,0xD77E,0xF7FF,0xFFFF,0x39C7,0x8C71,0x8C92,0x5AEB,0xB5B6,0x8430,0x5289,0x840F,0x736D,0xEF7D,
  0x8C51,0x4228,0x8C51,0x73CF,0xE73C,0x8CD3,0x9D34,0x52EB,0xF7BE,0x52CB,0xEFDF,0xC659,0x4208,0x52AA,0x4228,0x4207,
  0x39C7,0x41E7,0x41E7,0x41E7,0x41E7,0x41E7,0x41E7,0x41E7,0x41E7,0x41E7,0x41E7,0x4207,0x4207,0x4207,0x4208,0x41E7,
  0x41E7,0x4207,0x4A28,0x4A28,0x4A28,0x4A28,0x4A49,0x41E7,0x39E7,0x4A28,0x39E7,0x41E7,0x4207,0x4A07,0x4A28,0x5248,
  0x4A48,0x4A28,0x5AAA,0x5269,0x5289,0x52AA,0x52AA,0x5ACB,0x528A,0x52AA,0x62EB,0x630B,0x62EB,0x630B,0x630C,0x632C,
  0x630C,0x630B,0x4A49,0x18C3,0x0882,0xB5F7,0xFFFF,0xE7BF,0xE7BF,0xE7BF,0xEFDF,0xF7FF,0xDF3D,0xB6BB,0xB6BB,0xB6BB,
  0xBEFC,0xE7BF,0xDFBF,0xE7DF,0xE7BF,0xE7BF,0xE7BF,0xE7BF,0xE7DF,0xE7DF,0xE7BF,0xE7DF,0xE7DF,0xE7DF,0xEFFF,0xEF9E,
  0xE73D,0xE75D,0xF7FF,0xEFDF,0xF7FF,0xE7BF,0xF7FF,0xF7FF,0xEF9E,0xFFFF,0xE7DF,0xF7FF,0xEFDF,0xE7DF,0xEFFF,0xF7FF,
  0xEFBF,0xEFDF,0xF7FF,0xF7FF,0xEFFF,0xE7DF,0xEFFF,0xFFFF,0xF7FF,0xE7DF,0xDFBF,0xE7BF,0xE7DF,0xE7BF,0xE7BF,0xE7DF,
  0xE7DF,0xE7BF,0xE7DF,0xE7DF,0xE7DF,0xE7DF,0xE7DF,0xE7DF,0xE7BF,0xE7FF,0xDF1C,0x31EB,0x2A0F,0x196C,0x2A0E,0x7C14,
  0x7C35,0x5B52,0x21CE,0x21AD,0x7414,0xE7DF,0xEFDF,0xE7DF,0xE7DF,0xE7DF,0xE7DF,0xE7DF,0xE7DF,0xE7DF,0xE7DF,0xE7DF,
  0xE7DF,0xE7DF,0xEFFF,0xFFFF,0xF7FF,0xC658,0x73CF,0x3186,0x10C3,0x0041,0xC659,0xFFFF,0x4ACB,0xCEBA,0xEFFF,0xD79E,
  0xFFFF,0x530C,0x9D14,0xEF5D,0xCEFB,0xFFFF,0x638E,0x9492,0xE73D,0xDF1C,0xE7BE,0xE79E,0xCE9B,0x424A,0xD6DB,0xE79E,
  0xE7DF,0xE7BF,0xE7DF,0xE7DF,0xE7DF,0xE7DF,0xE7DF,0xE7DF,0xE7DF,0xE7DF,0xE7DF,0xE7DF,0xDFBF,0xD7BF,0xC79F,0xBF9F,
  0xBF7F,0xBF9F,0xBF9F,0xEFFF,0xE7DF,0xDFBF,0xE7DF,0xE7DF,0xE7BF,0xFFFF,0xEFFF,0xB5F8,0x94D3,0x8CB2,0x8CB2,0x8CB2,
  0x8C92,0x8492,0x8492,0x8472,0x7C52,0x7C51,0x7C31,0x7C31,0x7431,0x7431,0x8431,0x7C31,0x7C31,0x7410,0x7C10,0x7410,
  0x7410,0x73F0,0x6BCF,0x6BF0,0x63AF,0x63AF,0x63AF,0x63CF,0x63CF,0x63AF,0x638E,0x63AF,0x63AF,0x7411,0x63AF,0x63AF,
  0x63AF,0x5B6E,0x638F,0x638F,0x5B4E,0x5B6E,0x5B4E,0x5B4E,0x532D,0x636F,0x5B4E,0x636F,0x5B6F,0x6390,0x636F,0x5B4F,
  0x6390,0x6390,0x534E,0x5B6F,0x9515,0xFFFF,0x73CF,0x632C,0xC659,0xBE38,0x6B6D,0x7BEF,0xFFFF,0x5AEB,0x9D35,0x6B8E,
  0xF7FF,0xFFFF,0xB5B6,0x7BEF,0x636D,0xB618,0xDF3C,0xCF1C,0xE7DF,0xE7DF,0xE7DF,0xDF1C,0xFFFF,0xCEFC,0x94D4,0x52CB,
  0x8C71,0x9D14,0xFFFF,0xE7DF,0xDF5D,0xC659,0x4229,0x8430,0x9492,0x31C7,0xD6BA,0x8451,0x94D3,0xD73C,0xC6BB,0xF7DF,
  0x7C10,0x8451,0xCEDB,0xB639,0xEFBF,0x7C31,0xCEDB,0x9D55,0x6B6D,0x5B0C,0xE79E,0xC69A,0x4ACC,0x4AAC,0x4AAB,0x42AB,
  0x4ACC,0x4ACC,0x52EC,0x52EC,0x4ACC,0x52EC,0x4ACC,0x4ACC,0x428B,0x4AAB,0x4AAC,0x4AAC,0x52AB,0x4A8B,0x426A,0x426A,
  0x426A,0x424A,0x3A49,0x3A49,0x3A29,0x3A29,0x3A08,0x3A08,0x3A08,0x3A08,0x3A08,0x3A08,0x3A08,0x3A08,0x3A09,0x3A29,
  0x39E8,0x39E7,0x31E8,0x3A08,0x31C7,0x31C7,0x31C7,0x31A6,0x31A6,0x39C6,0x31A6,0x31A6,0x31C7,0x31C7,0x31A6,0x31A7,
  0x31A6,0x29A6,0x3A6A,0x8492,0xDF5D,0xFFFF,0xDFBF,0xE7DF,0xE7DF,0xE7DF,0xEFDF,0xF7FF,0xD75D,0xB6BB,0xB69B,0xB6BB,
  0xBEDC,0xE7BF,0xE7BF,0xE7BF,0xE7BF,0xE7BF,0xE7BF,0xE7DF,0xE7DF,0xE7DF,0xE7DF,0xE7BF,0xE7BF,0xEFFF,0xC659,0x3186,
  0x6B4D,0x52EB,0x73AE,0xF7BF,0x6B8D,0xF7DF,0xC638,0x52AA,0x52AA,0x73AE,0xF7DF,0x7BEF,0xD6FB,0xFFFF,0xA534,0xB5D7,
  0x9D55,0x5AEC,0x4228,0x5B2D,0xADB7,0xFFFF,0xBE38,0x632C,0xB5B6,0xEF9E,0xFFFF,0xF7FF,0xE7FF,0xDFBF,0xE7DF,0xE7DF,
  0xE7DF,0xE7DF,0xE7DF,0xE7DF,0xE7DF,0xE7DF,0xE7DF,0xE7DF,0xDFBF,0xE7FF,0xDF1B,0x3A2B,0x2A2F,0x196C,0x320E,0x7C14,
  0x7C55,0x5B52,0x21CE,0x218D,0x8495,0xCF3E,0xE7BF,0xE7DF,0xE7DF,0xE7DF,0xE7DF,0xE7DF,0xE7DF,0xE7DF,0xE7DF,0xE7DF,
  0xE7BF,0xEFDF,0xD6FC,0x6B8E,0x2104,0x0841,0x10A2,0x2125,0x2986,0x1904,0xC659,0xFFFF,0x634D,0xD6DB,0xEFFF,0xDFBF,
  0xFFFF,0x5B2D,0x4249,0x8CD3,0xEFDF,0xFFFF,0x7410,0x4228,0x7410,0xD71C,0xEFFF,0xEFFF,0xE79E,0x638E,0xF7FF,0xE7DF,
  0xE7DF,0xE7DF,0xE7DF,0xE7DF,0xE7DF,0xE7DF,0xE7DF,0xE7DF,0xE7DF,0xE7DF,0xE7DF,0xE7DF,0xDFDF,0xDFDF,0xBF9F,0xB79F,
  0xBF9F,0xBF9F,0xC79F,0xEFFF,0xE7DF,0xE7BF,0xE7DF,0xE7DF,0xE7DF,0xDFBF,0xE7DF,0xF7FF,0xFFFF,0xFFFF,0xFFFF,0xFFFF,
  0xFFFF,0xFFFF,0xFFFF,0xFFFF,0xFFFF,0xFFFF,0xFFFF,0xFFFF,0xFFFF,0xFFFF,0xFFFF,0xFFFF,0xFFFF,0xFFFF,0xFFFF,0xFFFF,
  0xFFFF,0xFFFF,0xFFFF,0xFFFF,0xFFFF,0xFFFF,0xFFFF,0xFFFF,0xFFFF,0xFFFF,0xFFFF,0xFFFF,0xFFFF,0xFFFF,0xFFFF,0xFFFF,
  0xFFFF,0xFFFF,0xFFFF,0xFFFF,0xFFFF,0xFFFF,0xFFFF,0xFFFF,0xFFFF,0xFFFF,0xFFFF,0xFFFF,0xFFFF,0xFFFF,0xFFFF,0xFFFF,
  0xFFFF,0xFFFF,0xFFFF,0xFFFF,0xEFFF,0xF7FF,0x94F3,0x0020,0xEFBF,0xE7BF,0x0020,0x8CB2,0xFFFF,0x52AA,0x94F3,0x52AA,
  0xE77D,0xDEDB,0x4A69,0xB5D7,0x632C,0xB5F7,0xDF5D,0xD6FB,0xE77D,0xDFBF,0xF7FF,0x73CF,0x7BEF,0xFFFF,0xF7BE,0x3A08,
  0xB5D7,0x4A8A,0xDEFB,0xF7DF,0x5AEB,0x8451,0x5B0C,0xF7FF,0xFFFF,0xA534,0x8430,0x7C10,0x9492,0xE75D,0xD6FB,0xF7BE,
  0x6BAE,0x9CB2,0xFFDE,0xEF9D,0xF7DF,0x7C51,0xADF7,0xFFFF,0x4A8A,0x1061,0xEFDF,0xEFFF,0xFFFF,0xFFFF,0xFFFF,0xFFFF,
  0xFFFF,0xFFFF,0xFFFF,0xFFFF,0xFFFF,0xFFFF,0xFFFF,0xFFFF,0xFFFF,0xFFFF,0xFFFF,0xFFFF,0xFFFF,0xFFFF,0xFFFF,0xFFFF,
  0xFFFF,0xFFFF,0xFFFF,0xFFFF,0xFFFF,0xFFFF,0xFFFF,0xFFFF,0xFFFF,0xFFFF,0xFFFF,0xFFFF,0xFFFF,0xFFFF,0xFFFF,0xFFFF,
  0xFFFF,0xFFFF,0xFFFF,0xFFFF,0xFFFF,0xFFFF,0xFFFF,0xFFFF,0xFFFF,0xFFFF,0xFFFF,0xFFFF,0xFFFF,0xFFFF,0xFFFF,0xFFFF,
  0xFFFF,0xF7FF,0xFFFF,0xFFFF,0xEFFF,0xDFBF,0xE7BF,0xE7DF,0xE7DF,0xE7BF,0xEFDF,0xF7FF,0xD75D,0xB6BB,0xB69B,0xB69B,
  0xBEDC,0xE7BF,0xE7BF,0xE7BF,0xE7BF,0xE7BF,0xE7BF,0xE7DF,0xE7DF,0xE7DF,0xE7BF,0xE7BF,0xE7BF,0xFFFF,0xAD75,0x4249,
  0xFFFF,0xEFBF,0x3A28,0xCEDB,0x4249,0xE73D,0x31E7,0xB618,0xF7FF,0x9535,0xF7DF,0x4228,0xADB6,0xFFDE,0x6B4D,0x94F3,
  0xF7DF,0xC69A,0x31C7,0xD71C,0xDF7E,0xF7FF,0xAD96,0x0000,0x0861,0x2945,0x632C,0xAD75,0xE75D,0xF7FF,0xE7DF,0xE7BF,
  0xE7DF,0xE7DF,0xE7DF,0xE7DF,0xE7DF,0xE7DF,0xE7DF,0xE7DF,0xE7BF,0xEFFF,0xDF1B,0x3A0B,0x2A0F,0x196C,0x320E,0x73F4,
  0x7C34,0x5B72,0x21EE,0x218C,0x8CB5,0xCF5E,0xEFDF,0xE7DF,0xE7DF,0xE7DF,0xE7DF,0xE7DF,0xE7DF,0xE7DF,0xE7DF,0xE7DF,
  0xE7DF,0xE7DF,0xD75D,0xA5B7,0x6C31,0x42AB,0x1945,0x0882,0x10A2,0x10A2,0xC659,0xFFFF,0x4AAB,0xCE79,0xFFFF,0xEFDF,
  0xFFFF,0x52EC,0xA555,0xEFBF,0xF7DF,0xFFFF,0x636D,0x94F3,0xE7BF,0xE7BF,0xE7DF,0xE7FF,0xE75D,0x5B0C,0xEFBE,0xE7DF,
  0xE7BF,0xE7DF,0xE7DF,0xE7DF,0xE7DF,0xE7DF,0xE7DF,0xE7DF,0xE7DF,0xE7DF,0xE7DF,0xE7DF,0xDFDF,0xDFDF,0xBFBF,0xB79F,
  0xBF9F,0xBF9F,0xBFBF,0xE7FF,0xE7FF,0xE7DF,0xE7DF,0xE7DF,0xE7DF,0xE7DF,0xE7DF,0xE7BF,0xDFBF,0xDFBF,0xDFBF,0xDFBF,
  0xDFBF,0xDFBF,0xDFBF,0xDFBF,0xDFBF,0xDF9F,0xDFBF,0xDFBF,0xDF9F,0xE7BF,0xDFBF,0xDFBF,0xDFBF,0xDFBF,0xDFBF,0xDF9F,
  0xDFBF,0xDFBF,0xDFBF,0xDFBF,0xDF9F,0xDFBF,0xDFBF,0xDF9E,0xDF9E,0xDFBF,0xDFBF,0xDFBF,0xDFBF,0xDFBF,0xDFBF,0xDFBF,
  0xDFBF,0xDFBF,0xDFBF,0xDFBF,0xDF9F,0xDFBF,0xDFBF,0xDFBF,0xDFBF,0xDFBF,0xDF9F,0xDF9F,0xDFBF,0xDFBF,0xDFBF,0xDFBF,
  0xDF9F,0xDFBF,0xDFBF,0xDFBF,0xDF9F,0xEFFF,0xCEBA,0x7C31,0xF7FF,0xEFFF,0x73F0,0xCEBB,0xFFFF,0x7C10,0xB618,0x52EC,
  0x5B2D,0x5B2D,0x9514,0xFFFF,0x7410,0x4ACB,0x638E,0x634D,0xBE18,0xEFFF,0xDFBF,0xEFBE,0x6BAF,0x528A,0x4A6A,0x9D56,
  0xFFFF,0xADD7,0x52EC,0x528B,0x7C51,0xF7DF,0x7C51,0xE79E,0xE7DF,0xBE59,0x9514,0xA576,0x4A8B,0x6B6E,0x5B0D,0xA556,
  0xA576,0x4AAC,0x636F,0x52ED,0x9D35,0x9D35,0xBE59,0xF7FF,0xD6FB,0x4ACB,0xEFDF,0xDFDF,0xDFBF,0xDF9F,0xDFBF,0xDF9F,
  0xDF9F,0xDFBF,0xDF9E,0xDFBF,0xDF9E,0xDF9F,0xDF9F,0xDFBF,0xDF9F,0xDFBF,0xDF9F,0xDF9F,0xDF9F,0xDF9F,0xDF9F,0xDFBF,
  0xDF9F,0xDF9F,0xDF9F,0xDFBF,0xDF9E,0xDF9F,0xDFBF,0xDFBF,0xDF9F,0xDFBF,0xDF9F,0xDF9F,0xDFBF,0xDF9F,0xDFBF,0xDFBF,
  0xDF9F,0xDF9E,0xDFBF,0xDF9E,0xDFBF,0xDFBF,0xDF9F,0xDF9F,0xDF9F,0xDF9F,0xDF9F,0xDFBF,0xDFBF,0xDF9F,0xDFBF,0xDFBF,
  0xDF7E,0xDFBF,0xDFBF,0xDF9F,0xE7BF,0xE7BF,0xE7DF,0xE7BF,0xDF9E,0xDF9E,0xEFDF,0xF7DF,0xD75D,0xBEDB,0xB69B,0xB69B,
  0xBEDC,0xDFBF,0xE7BF,0xDFBF,0xE7BF,0xE7BF,0xE7BF,0xE7BF,0xE7DF,0xE7DF,0xE7BF,0xE7BF,0xE7BF,0xF7FF,0xBDF7,0x10A2,
  0x5B2D,0x4228,0x6B8E,0xFFFF,0x428A,0xBE18,0x3A28,0xFFFF,0xBDF7,0x9CD3,0xEF9E,0x4A69,0x2986,0x5B2D,0x18C3,0xA576,
  0xFFFF,0xD73C,0x530C,0xFFFF,0xDFBF,0xF7FF,0xA596,0x08A2,0x2145,0x18E3,0x0861,0x0000,0x1082,0x632C,0xE77D,0xE7DF,
  0xE7BF,0xE7DF,0xE7DF,0xE7DF,0xE7DF,0xE7DF,0xE7BF,0xE7DF,0xE7BF,0xEFFF,0xDEFB,0x31EA,0x2A0F,0x196C,0x320E,0x73F4,
  0x7C34,0x6393,0x29EE,0x198C,0x8C95,0xEFFF,0xDFBF,0xE7DF,0xE7DF,0xE7DF,0xE7DF,0xE7DF,0xE7DF,0xE7DF,0xE7DF,0xE7DF,
  0xE7DF,0xE7DF,0xEFFF,0xF7FF,0xFFFF,0xF7FF,0xD71C,0x9535,0x5B4E,0x1966,0xC69A,0xFFFF,0x6BD0,0x52EC,0x636E,0x634D,
  0xE73C,0x7C52,0x5AEB,0x6B6E,0x52CC,0xD6DB,0x8493,0xC659,0xF7FF,0xE7BF,0xE7DF,0xE7FF,0xDF5D,0x7411,0xEFDF,0xE7DF,
  0xE7DF,0xE7BF,0xE7DF,0xE7DF,0xE7DF,0xE7DF,0xE7DF,0xE7DF,0xE7DF,0xE7DF,0xE7DF,0xDFDF,0xDFBF,0xD7BF,0xBFBF,0xB79F,
  0xBFBF,0xBFBF,0xBFBF,0xE7FF,0xE7FF,0xE7DF,0xE7DF,0xE7DF,0xE7BF,0xE7DF,0xE7DF,0xE7BF,0xE7DF,0xE7DF,0xE7DF,0xE7DF,
  0xE7BF,0xE7BF,0xE7DF,0xE7DF,0xE7BF,0xDFBF,0xDFBF,0xE7DF,0xDFBF,0xE7BF,0xE7BF,0xDFBF,0xDFBF,0xE7BF,0xDFBF,0xDFBF,
  0xDFBF,0xE7BF,0xE7DF,0xE7BF,0xE7BF,0xE7DF,0xE7BF,0xE7DF,0xE7DF,0xE7DF,0xE7DF,0xDFBF,0xE7BF,0xDFBF,0xE7DF,0xE7DF,
  0xE7DF,0xE7DF,0xE7DF,0xE7DF,0xE7DF,0xE7DF,0xE7DF,0xE7BF,0xE7DF,0xE7BF,0xE7BF,0xE7DF,0xE7DF,0xE7BF,0xE7DF,0xE7DF,
  0xE7BF,0xE7BF,0xE7DF,0xE7DF,0xE7DF,0xDFDF,0xE7DF,0xF7FF,0xE7BF,0xE7DF,0xF7FF,0xE7DF,0xE7DF,0xEFFF,0xEFFF,0xF7FF,
  0xEFDF,0xEFFF,0xF7FF,0xDFBF,0xF7FF,0xEFFF,0xEFFF,0xF7FF,0xEFFF,0xE7BF,0xDFBF,0xE7DF,0xF7FF,0xE79E,0xEFDF,0xF7FF,
  0xDFBF,0xF7FF,0xF7FF,0xE79E,0xF7FF,0xE7DF,0xEFFF,0xE7DF,0xDFBF,0xE7FF,0xEFFF,0xEFFF,0xEFFF,0xEFFF,0xEFFF,0xE7DF,
  0xEFFF,0xF7FF,0xEFDF,0xEFBF,0xE7DF,0xEFDF,0xE7DF,0xDFBF,0xEFFF,0xF7FF,0xE7DF,0xE7BF,0xE7BF,0xE7BF,0xE7BF,0xE7BF,
  0xE7BF,0xE7BF,0xE7BF,0xE7DF,0xE7BF,0xE7BF,0xE7BF,0xE7BF,0xE7BF,0xE7BF,0xE7BF,0xE7BF,0xE7BF,0xE7BF,0xDFBF,0xE7BF,
  0xE7BF,0xE7BF,0xE7BF,0xE7BF,0xE7BF,0xE7BF,0xE7BF,0xE7BF,0xE7BF,0xE7BF,0xE7BF,0xE7BF,0xE7BF,0xE7BF,0xE7BF,0xE7BF,
  0xE7BF,0xE7BF,0xE7BF,0xE7BF,0xE7BF,0xE7DF,0xE7BF,0xE7BF,0xE7BF,0xE7BF,0xE7BF,0xE7BF,0xE7BF,0xE7BF,0xE7BF,0xE7BF,
  0xE7BF,0xE7BF,0xE7BF,0xE7BF,0xE7BF,0xE7BF,0xE7BF,0xDF9E,0xE7BF,0xE7DF,0xEFDF,0xEFDF,0xD73D,0xBEDC,0xB6BB,0xB69B,
  0xBEDC,0xDF9F,0xE7BF,0xE7BF,0xDFBF,0xE7BF,0xE7BF,0xE7BF,0xE7DF,0xE7BF,0xE7DF,0xE7DF,0xE7BF,0xFFFF,0xA555,0x4249,
  0xF7DF,0xCE9A,0x428A,0xE77D,0x31E7,0xDF3C,0x2986,0xCE59,0xC638,0x0000,0xB5D7,0x52AA,0xBE39,0xF7DF,0x738E,0x94D3,
  0xFFFF,0xCEDB,0x4A8A,0xF7FF,0xDF9F,0xF7FF,0x9D34,0x0861,0x0882,0x0862,0x2986,0x63AF,0xA5B8,0xD73D,0xE7BF,0xE7DF,
  0xE7DF,0xE7BF,0xE7DF,0xE7DF,0xE7DF,0xE7DF,0xE7DF,0xE7DF,0xE7BF,0xEFFF,0xDEFB,0x39EA,0x2A2F,0x196C,0x322E,0x7BF4,
  0x7C34,0x5B72,0x29EE,0x196C,0x9D16,0xEFFF,0xDFBF,0xE7DF,0xE7DF,0xE7DF,0xE7DF,0xE7DF,0xE7DF,0xE7DF,0xE7DF,0xE7DF,
  0xE7DF,0xE7DF,0xE7DF,0xDFBF,0xDFBF,0xE7DF,0xEFFF,0xFFFF,0xFFFF,0xDF9F,0xE7BF,0xE7DF,0xF7FF,0xE79E,0xDF7E,0xE77E,
  0xEFDF,0xEFFF,0xE79E,0xE75D,0xDF3D,0xE7BF,0xEFFF,0xE7DF,0xE7DF,0xE7DF,0xE7DF,0xE7BF,0xE7DF,0xEFFF,0xE7DF,0xE7DF,
  0xE7DF,0xE7DF,0xE7DF,0xE7DF,0xE7DF,0xE7DF,0xE7DF,0xE7DF,0xE7DF,0xE7DF,0xDFBF,0xDFBF,0xDFDF,0xD7BF,0xC7BF,0xBFBF,
  0xBFBF,0xBFBF,0xC7DF,0xDFDF,0xDFDF,0xE7BF,0xDF9F,0xDFBF,0xDFBF,0xDFBF,0xDFBF,0xDFBF,0xDF9F,0xDFBF,0xDFBF,0xDF9F,
  0xDF9F,0xDF9F,0xDFBF,0xDFBF,0xDF9F,0xDFBF,0xDFBF,0xDFBF,0xDF9F,0xDFBF,0xDFBF,0xDFBF,0xDFBF,0xDFBF,0xDF9F,0xDFBF,
  0xDFBF,0xDFBF,0xDFBF,0xDFBF,0xDFBF,0xDFBF,0xDFBF,0xDFBF,0xDFBF,0xDFBF,0xDFBF,0xDFBF,0xDFBF,0xDFBF,0xDFBF,0xDFBF,
  0xDFBF,0xDFBF,0xDFBF,0xDFBF,0xDFBF,0xDFBF,0xDFBF,0xDFBF,0xDFBF,0xDFBF,0xDFBF,0xDFBF,0xDFBF,0xDFBF,0xDFBF,0xDFBF,
  0xDFBF,0xDFBF,0xDFBF,0xDFBF,0xDFBF,0xDFBF,0xDFBF,0xDF9F,0xDFBF,0xDFBF,0xDF9E,0xDFBF,0xDFBF,0xDFBF,0xDFBF,0xDFBF,
  0xDFBF,0xDFBF,0xDF9F,0xDFBF,0xDFBF,0xDF9F,0xDFBF,0xDFBF,0xDFBF,0xDFBF,0xDFBF,0xDFBF,0xDF9F,0xDFBF,0xDFBF,0xDF9F,
  0xDFBF,0xDFBF,0xDFBF,0xDFDF,0xDF9F,0xDFBF,0xDFBF,0xDFBF,0xDFBF,0xDFBF,0xDFBF,0xDFBF,0xDFBF,0xDFBF,0xDFBF,0xDFBF,
  0xDFBF,0xDFBF,0xDFBF,0xDFBF,0xDFBF,0xDFBF,0xDFBF,0xDFBF,0xDFBF,0xDFBF,0xDFBF,0xE7DF,0xDFBF,0xDFBF,0xDFBF,0xDFBF,
  0xE7BF,0xE7BF,0xE7DF,0xE7BF,0xE7BF,0xE7BF,0xDFBF,0xDFBF,0xE7BF,0xDFBF,0xDFBF,0xE7BF,0xDFBF,0xDFBF,0xE7BF,0xE7BF,
  0xDFBF,0xDFBF,0xE7BF,0xDFBF,0xDFBF,0xE7DF,0xE7BF,0xE7BF,0xDFBF,0xE7BF,0xE7BF,0xE7BF,0xE7BF,0xE7BF,0xDFBF,0xE7BF,
  0xE7BF,0xE7BF,0xE7BF,0xE7BF,0xE7BF,0xE7BF,0xE7BF,0xDFBF,0xDFBF,0xDFBF,0xDFBF,0xDFBF,0xE7BF,0xDFBF,0xDFBF,0xDFBF,
  0xDFBF,0xDFBF,0xDFBF,0xDFBF,0xDFBF,0xD75E,0xDF9E,0xE7BF,0xDF9F,0xDF9E,0xE7BF,0xEFBF,0xD75D,0xC6FC,0xB6BC,0xB6BB,
  0xBEDC,0xD79E,0xDFBF,0xE7BF,0xE7BF,0xE7BF,0xE7BF,0xE7BF,0xE7DF,0xE7DF,0xE7DF,0xE7DF,0xE7BF,0xF7FF,0xC659,0x8CB3,
  0xF7FF,0xEFFF,0x8472,0xDF1C,0x7411,0xF7FF,0xB5D7,0x428A,0x73EF,0x638E,0xCE9A,0x7431,0xCEDB,0xFFFF,0x94F4,0xA596,
  0xF7FF,0xD71C,0x6BD0,0xF7FF,0xDF9F,0xFFFF,0x8CB3,0x10E4,0x636E,0xADD8,0xE7BF,0xFFFF,0xF7FF,0xE7FF,0xE7BF,0xE7BF,
  0xE7DF,0xE7DF,0xE7DF,0xE7DF,0xE7DF,0xE7BF,0xE7DF,0xE7DF,0xE7BF,0xEFFF,0xDEFB,0x3A0B,0x3250,0x196C,0x322E,0x73F4,
  0x7414,0x5332,0x29EE,0x218C,0x94B5,0xCF5E,0xE7DF,0xE7DF,0xE7DF,0xE7DF,0xE7DF,0xE7DF,0xE7DF,0xE7DF,0xE7DF,0xE7DF,
  0xE7DF,0xE7DF,0xE7DF,0xE7DF,0xE7DF,0xE7DF,0xE7BF,0xDFBF,0xDFBF,0xE7DF,0xE7DF,0xE7DF,0xE7DF,0xE7FF,0xE7FF,0xE7FF,
  0xE7DF,0xE7DF,0xE7FF,0xE7FF,0xEFFF,0xE7DF,0xE7DF,0xE7DF,0xE7DF,0xDFBF,0xDFBF,0xE7DF,0xE7DF,0xE7DF,0xE7DF,0xE7DF,
  0xE7DF,0xE7DF,0xE7DF,0xE7DF,0xE7DF,0xE7DF,0xE7DF,0xE7DF,0xE7DF,0xE7DF,0xDFBF,0xE7BF,0xDFDF,0xD7BF,0xC7BF,0xB79F,
  0xC7DF,0xBFBF,0xC7BF,0xD79F,0xD79F,0xD79E,0xD77E,0xD79E,0xD79E,0xDF9E,0xDF9E,0xDF9E,0xDF9E,0xDF9E,0xDF9E,0xDF7E,
  0xDF9E,0xDF9E,0xDF9E,0xDF9E,0xDF9E,0xDF9E,0xD79E,0xDF9E,0xD77E,0xDF9E,0xDF7E,0xDF9E,0xDF9E,0xDF9E,0xD79E,0xD79E,
  0xDF9E,0xD79E,0xDF9E,0xDF9E,0xD79E,0xDF9E,0xDF9E,0xDF9E,0xDF9E,0xDF9E,0xDF9E,0xDF9E,0xD77E,0xD79E,0xD79E,0xDF9E,
  0xDF9E,0xDF9E,0xDF9E,0xDF9E,0xD79E,0xDF9E,0xDF9E,0xDF7E,0xDF9E,0xD79E,0xD77E,0xD79E,0xDF9E,0xDF9E,0xD77E,0xDF9E,
  0xD79E,0xD77E,0xDF9E,0xD79E,0xD79E,0xD77E,0xDF9E,0xD77E,0xD77E,0xD79E,0xD77E,0xD79E,0xDF9E,0xD79E,0xDF9E,0xD79E,
  0xD77E,0xD77E,0xDF9E,0xDF9E,0xDF9E,0xD77E,0xD79E,0xD79E,0xD77E,0xDF9E,0xDF9E,0xD79E,0xD79E,0xD77E,0xD79E,0xDF9E,
  0xD77E,0xDF9E,0xD79E,0xD77E,0xD77E,0xD77E,0xD77E,0xD77E,0xD77E,0xD79E,0xD77E,0xDF7E,0xD77E,0xD77E,0xD77E,0xD79E,
  0xD79E,0xD77E,0xDF9E,0xD79E,0xD77E,0xD79E,0xD79E,0xD79E,0xD77E,0xD77E,0xD79E,0xD79E,0xD79E,0xD77E,0xD79E,0xD77E,
  0xD79E,0xDF9E,0xD77E,0xD77E,0xD77E,0xDF9E,0xD79E,0xDF7E,0xDF9E,0xDF9E,0xDF9E,0xD79E,0xD77E,0xDF9E,0xDF9E,0xDF9E,
  0xD77E,0xD77E,0xDF9E,0xDF9E,0xD77E,0xDF9E,0xDF9E,0xDF9E,0xDF9E,0xD77E,0xDF9E,0xD77E,0xDF9E,0xDF9E,0xDF9E,0xDF9E,
  0xDF9E,0xDF9E,0xDF9E,0xDF9E,0xDF9E,0xDF9E,0xDF9E,0xDF9E,0xDF9E,0xDF9E,0xDF7E,0xDF9E,0xD77E,0xDF9E,0xD79E,0xDF9E,
  0xDF9E,0xDF9E,0xDF7E,0xD77E,0xD77E,0xD77E,0xDF7E,0xD77E,0xD75E,0xD77E,0xDF7E,0xDF9E,0xDF7E,0xCF3D,0xBEFC,0xB6BC,
  0xBEDC,0xD79F,0xDFBF,0xDFBF,0xE7BF,0xE7BF,0xE7BF,0xE7BF,0xE7DF,0xE7BF,0xE7BF,0xE7DF,0xE7DF,0xE7BF,0xEFFF,0xF7FF,
  0xE7BF,0xE7BF,0xF7FF,0xEFFF,0xF7FF,0xE7DF,0xF7FF,0xEFDF,0xE7BF,0xFFFF,0xEFFF,0xF7FF,0xE7DF,0xE7DF,0xEFFF,0xEFFF,
  0xE7DF,0xEFFF,0xEFFF,0xE7DF,0xE7BF,0xE7DF,0xD75D,0xD75D,0xFFFF,0xF7FF,0xE7DF,0xDFBF,0xDFBF,0xDFBF,0xE7DF,0xE7DF,
  0xE7DF,0xE7DF,0xE7DF,0xE7BF,0xE7DF,0xE7BF,0xE7DF,0xE7DF,0xE7BF,0xEFFF,0xDF1B,0x3A0A,0x3250,0x196C,0x320E,0x73F4,
  0x7414,0x5B52,0x29EE,0x218C,0x7454,0xCF5E,0xE7DF,0xE7DF,0xE7DF,0xE7DF,0xE7DF,0xE7DF,0xE7DF,0xE7DF,0xE7DF,0xE7DF,
  0xE7DF,0xE7DF,0xE7DF,0xE7DF,0xE7DF,0xE7DF,0xE7DF,0xE7DF,0xE7DF,0xE7DF,0xE7DF,0xE7DF,0xE7DF,0xE7DF,0xE7DF,0xE7DF,
  0xE7DF,0xE7DF,0xE7DF,0xE7DF,0xE7DF,0xE7DF,0xE7DF,0xE7DF,0xE7DF,0xE7DF,0xE7DF,0xE7DF,0xE7DF,0xE7DF,0xE7DF,0xE7DF,
  0xE7DF,0xE7DF,0xE7DF,0xE7DF,0xE7DF,0xE7DF,0xE7DF,0xE7DF,0xE7DF,0xE7DF,0xE7DF,0xE7DF,0xDFBF,0xCF9F,0xCFDF,0xC7DF,
  0xBFBF,0xBFBF,0xC79F,0xCF7F,0xCF5E,0xCF5E,0xCF3D,0xBEFD,0xB6DC,0xB6DC,0xB6BC,0xB6BC,0xB6BC,0xAEBC,0xAE9C,0xAEBC,
  0xAE9C,0xAE9C,0xAE9C,0xAE9B,0xAE9C,0xAEBC,0xB6BC,0xAEBC,0xAEBC,0xB6BC,0xB6BC,0xB6BC,0xAEBC,0xAEBC,0xB6BC,0xAEBC,
  0xB6DC,0xB6BC,0xAEBC,0xB6BC,0xB6DC,0xB6DC,0xB6DC,0xB6BC,0xB6FC,0xB6DC,0xBEDC,0xBEDC,0xBEFC,0xBEDC,0xBEFD,0xBEFC,
  0xBEDC,0xBEFC,0xBEDC,0xBEFC,0xBEFD,0xBEFD,0xBEFD,0xBEDC,0xBEFC,0xBEFD,0xBEFD,0xBEFD,0xBEFD,0xBEFD,0xBEFD,0xBEFC,
  0xBEFD,0xBEFD,0xC6FD,0xBEFD,0xBEFD,0xBEFD,0xBF1D,0xBEFD,0xC71D,0xC71D,0xC71D,0xC71D,0xC6FD,0xC71D,0xC71D,0xBEFD,
  0xC71D,0xC71D,0xC71D,0xC71D,0xBEFD,0xC71D,0xBEFD,0xC6FD,0xC6FD,0xC71D,0xC71D,0xC71D,0xC71D,0xC71D,0xC71D,0xC71D,
  0xC71D,0xC71D,0xC71D,0xC71D,0xC71D,0xC71D,0xC71D,0xCF1D,0xC71D,0xC71D,0xCF3D,0xC71D,0xC73D,0xC71D,0xCF3D,0xCF3D,
  0xC71D,0xCF3D,0xCF3D,0xCF3D,0xCF5D,0xCF3D,0xCF3D,0xCF5D,0xCF3D,0xCF3D,0xCF3D,0xCF3D,0xCF3D,0xD75E,0xD75D,0xD75D,
  0xCF3D,0xCF5D,0xCF5D,0xD75D,0xD75D,0xCF3D,0xD75D,0xCF5D,0xCF3D,0xCF5D,0xCF5D,0xCF3D,0xC71D,0xCF3D,0xCF5D,0xCF3D,
  0xD75D,0xDF7E,0xCF3D,0xCF3D,0xCF3D,0xCF3D,0xCF5D,0xCF5D,0xCF5D,0xCF3D,0xD75D,0xD75D,0xCF3D,0xCF5D,0xCF3D,0xCF3D,
  0xCF3D,0xCF3D,0xCF3D,0xCF3D,0xCF3D,0xCF3D,0xCF3D,0xCF3D,0xCF1D,0xCF1D,0xCF3D,0xCF3D,0xCF3D,0xC71D,0xCF1D,0xCF1D,
  0xCF3D,0xCF3D,0xCF3D,0xCF3D,0xCF5D,0xCF3D,0xCF5E,0xD75E,0xCF5E,0xD75E,0xD75E,0xD75E,0xD77E,0xD75E,0xC73D,0xBEDC,
  0xC6FD,0xD79F,0xDFBF,0xE7BF,0xE7BF,0xE7DF,0xE7DF,0xE7DF,0xE7BF,0xE7DF,0xE7BF,0xE7BF,0xE7DF,0xE7DF,0xE7BF,0xE7BF,
  0xE7DF,0xE7BF,0xE7BF,0xE7BF,0xE7BF,0xE7DF,0xDFBF,0xE7DF,0xE7DF,0xDFBF,0xE7BF,0xE7BF,0xE7BF,0xE7DF,0xE7BF,0xE7BF,
  0xE7DF,0xE7DF,0xE7BF,0xE7DF,0xE7DF,0xE7BF,0xE7FF,0xEFFF,0xDFBF,0xDFBF,0xDFBF,0xE7DF,0xE7DF,0xDFDF,0xE7DF,0xE7DF,
  0xE7BF,0xE7DF,0xE7DF,0xE7DF,0xE7DF,0xE7DF,0xE7DF,0xE7BF,0xE7BF,0xE7FF,0xD6FB,0x422B,0x3250,0x196C,0x324F,0x7C14,
  0x7434,0x5B52,0x29EE,0x218C,0x7C95,0xE7FF,0xE7BF,0xE7DF,0xE7DF,0xE7DF,0xE7DF,0xE7DF,0xE7DF,0xE7DF,0xE7DF,0xE7DF,
  0xE7DF,0xE7DF,0xE7DF,0xE7DF,0xE7DF,0xE7DF,0xE7DF,0xE7DF,0xE7DF,0xE7DF,0xE7DF,0xE7DF,0xE7DF,0xE7DF,0xE7DF,0xE7DF,
  0xE7DF,0xE7DF,0xE7DF,0xE7DF,0xE7DF,0xE7DF,0xE7DF,0xE7DF,0xE7DF,0xE7DF,0xE7DF,0xE7DF,0xE7DF,0xE7DF,0xE7DF,0xE7DF,
  0xE7DF,0xE7DF,0xE7DF,0xE7DF,0xE7DF,0xE7DF,0xE7DF,0xE7DF,0xE7DF,0xE7DF,0xE7DF,0xE7DF,0xE7DF,0xD7BF,0xCFDF,0xC7DF,
  0xBF9F,0xC77F,0xC75E,0xC71E,0xBEDD,0xA69C,0x963B,0x961B,0x961A,0x963B,0x961A,0x963B,0x963B,0x963B,0x963B,0x963B,
  0x965B,0x963B,0x965B,0x963B,0x965B,0x965B,0x965B,0x965B,0x965B,0x965B,0x9E5B,0x965B,0x965B,0x963B,0x965B,0x965B,
  0x965B,0x965B,0x965B,0x965B,0x9E5B,0x965B,0x9E5B,0x965B,0x9E5B,0x9E5B,0x965B,0x9E5B,0x9E5B,0x963B,0x9E5B,0x965B,
  0x963B,0x965B,0x9E5B,0x9E5B,0x963B,0x965B,0x9E5B,0x9E5B,0x9E5B,0x965B,0x963B,0x963B,0x963B,0x963B,0x9E5B,0x963B,
  0x963B,0x965B,0x965B,0x965B,0x965B,0x9E5B,0x9E5B,0x963B,0x965B,0x963B,0x965B,0x963B,0x963B,0x965B,0x963B,0x963B,
  0x965B,0x963B,0x963B,0x963B,0x963B,0x9E5B,0x963B,0x963B,0x963B,0x963B,0x9E5B,0x965B,0x963B,0x9E5B,0x9E5B,0x965B,
  0x9E5B,0x9E5B,0x9E5B,0x9E5B,0x965B,0x965B,0x9E3B,0x9E5B,0x963B,0x965B,0x963B,0x965B,0x965B,0x9E5B,0x9E5B,0x9E5B,
  0x9E5B,0x9E5B,0x965B,0x965B,0x9E5B,0x9E5B,0x9E5B,0x963B,0x9E5B,0x9E3B,0x9E5B,0x9E5B,0x963B,0x9E5B,0x9E5B,0x9E5B,
  0x9E5B,0x963B,0x9E3B,0x9E5B,0x9E5B,0x9E5B,0x963B,0x9E5B,0x9E5B,0x9E5B,0x9E5B,0x9E5B,0x963B,0x9E5B,0x9E5B,0x9E5B,
  0x9E5B,0xA67B,0x963B,0x9E5B,0x9E5B,0x9E3B,0x9E3B,0x963B,0x9E5B,0x9E5B,0x9E3B,0x9E5B,0x9E5B,0x9E5B,0x963B,0x9E5B,
  0x963B,0x963B,0x965B,0x963B,0x963B,0x963B,0x963B,0x963B,0x961B,0x963B,0x963B,0x8E1A,0x963B,0x963B,0x963B,0x961B,
  0x963A,0x961A,0x8DFA,0x95FA,0x8DFA,0x961A,0x9E5B,0xAEBC,0xBEFD,0xC71D,0xCF3D,0xCF5E,0xD75E,0xCF3E,0xCF3D,0xC71D,
  0xCF3E,0xD79F,0xDFBF,0xE7DF,0xE7BF,0xE7BF,0xE7BF,0xE7DF,0xE7DF,0xE7BF,0xE7BF,0xE7BF,0xE7DF,0xE7DF,0xE7BF,0xE7DF,
  0xE7BF,0xE7BF,0xE7DF,0xE7BF,0xE7BF,0xE7DF,0xE7BF,0xE7DF,0xE7BF,0xE7BF,0xE7BF,0xE7DF,0xE7BF,0xE7DF,0xE7BF,0xE7DF,
  0xE7DF,0xE7DF,0xE7DF,0xE7DF,0xE7BF,0xE7DF,0xDFBF,0xE7BF,0xE7BF,0xE7DF,0xE7BF,0xE7DF,0xE7DF,0xE7DF,0xE7BF,0xE7BF,
  0xE7DF,0xE7DF,0xE7DF,0xE7DF,0xE7DF,0xE7BF,0xE7BF,0xE7DF,0xDFBF,0xE7FF,0xDEFB,0x3A0B,0x3270,0x196C,0x3A4F,0x73F4,
  0x7434,0x5B52,0x2A0E,0x216C,0x8CD5,0xDFFF,0xE7BF,0xE7DF,0xE7DF,0xE7DF,0xE7DF,0xE7DF,0xE7DF,0xE7DF,0xE7DF,0xE7DF,
  0xE7DF,0xE7DF,0xE7DF,0xE7DF,0xE7DF,0xE7DF,0xE7DF,0xE7DF,0xE7DF,0xE7DF,0xE7DF,0xE7DF,0xE7DF,0xE7DF,0xE7DF,0xE7DF,
  0xE7DF,0xE7DF,0xE7DF,0xE7DF,0xE7DF,0xE7DF,0xE7DF,0xE7DF,0xE7DF,0xE7DF,0xE7DF,0xE7DF,0xE7DF,0xE7DF,0xE7DF,0xE7DF,
  0xE7DF,0xE7DF,0xE7DF,0xE7DF,0xE7DF,0xE7DF,0xE7DF,0xE7DF,0xE7DF,0xE7DF,0xE7DF,0xE7DF,0xE7DF,0xD7BF,0xCFBF,0xC79F,
  0xBF5F,0xBF1E,0xAEBC,0x9E5B,0x963B,0x8E1A,0x963B,0x963B,0x9E3B,0x963B,0x9E3B,0x9E5B,0x9E5B,0x9E3B,0x9E3B,0x9E5B,
  0x9E5B,0x9E5B,0x9E5B,0x9E5B,0x9E5B,0x9E5B,0x9E5B,0x9E5B,0x9E5B,0x9E5B,0x9E5B,0x9E5B,0x9E7B,0x9E7B,0x9E7B,0x9E7B,
  0x9E5B,0x9E7B,0x9E7B,0xA67B,0x9E5B,0x9E7B,0xA69C,0x9E7B,0x9E7B,0xA67B,0x9E7B,0x9E5B,0x9E5B,0x9E5B,0x9E7B,0x9E5B,
  0x965B,0x9E7B,0xA67B,0x9E7B,0x9E7B,0x9E7B,0x9E7B,0x9E7B,0x9E7B,0x9E7B,0x9E7B,0x9E5B,0x9E7B,0x9E5B,0x9E7B,0x9E5B,
  0x9E5B,0x9E5B,0x9E5B,0x9E5B,0x9E5B,0x9E5B,0x9E5B,0x9E5B,0x9E5B,0x9E5B,0x9E5B,0x9E5B,0x9E5B,0x9E5B,0x9E5B,0x9E5B,
  0x9E5B,0x9E5B,0x9E5B,0x9E5B,0x9E5B,0x9E7B,0x9E5B,0x9E5B,0x9E5B,0x9E5B,0x9E5B,0x9E5B,0x9E7B,0x9E5B,0x9E5B,0x9E7B,
  0x9E5B,0x9E5B,0x9E5B,0x9E5B,0x9E5B,0x9E5B,0x9E5B,0x9E5B,0x9E5B,0x9E5B,0x9E5B,0x9E7B,0x9E7B,0x9E5B,0x9E5B,0x9E7B,
  0x9E7B,0x9E5B,0x9E5B,0x9E5B,0x9E5B,0x9E5B,0x9E5B,0x9E5B,0xA67C,0x9E7B,0xA67C,0xA67B,0x9E5B,0x9E5B,0x9E5B,0x9E7B,
  0xA67B,0x9E5B,0x9E5B,0x9E5B,0x9E5B,0x9E5B,0x9E5B,0x9E5B,0x9E5B,0x9E5B,0x9E5B,0x9E5B,0x9E5B,0x9E5B,0x9E5B,0x9E5B,
  0x9E5B,0x965B,0x9E5B,0x9E5B,0x9E5B,0x9E5B,0x9E5B,0x9E5B,0x9E5B,0x9E5B,0x9E5B,0x9E5B,0x9E5B,0x9E5B,0x9E5B,0x9E7B,
  0xA67C,0x9E5B,0x9E7B,0x9E5B,0x9E5B,0x9E5B,0x9E7B,0x9E5B,0x9E5B,0x9E5B,0x9E5B,0x9E5B,0x9E5B,0x9E5B,0x9E5B,0x9E5B,
  0x9E5B,0x9E5B,0x9E5B,0x9E5B,0x9E5B,0x9E5B,0x963B,0x963B,0x963B,0x9E7B,0xAEBC,0xBEFD,0xC71D,0xCF3D,0xC73E,0xCF3E,
  0xCF7E,0xDFBF,0xDFBF,0xE7DF,0xE7BF,0xE7DF,0xE7DF,0xE7DF,0xE7DF,0xE7BF,0xE7BF,0xE7DF,0xE7BF,0xE7BF,0xE7BF,0xE7DF,
  0xE7DF,0xE7DF,0xE7BF,0xE7BF,0xE7BF,0xE7BF,0xE7BF,0xE7BF,0xE7BF,0xE7BF,0xE7DF,0xE7BF,0xE7DF,0xE7DF,0xE7BF,0xE7BF,
  0xE7DF,0xE7DF,0xE7DF,0xE7DF,0xE7DF,0xE7DF,0xE7DF,0xE7DF,0xE7DF,0xE7DF,0xE7DF,0xE7DF,0xE7DF,0xE7DF,0xE7DF,0xE7DF,
  0xE7BF,0xDFBF,0xE7DF,0xE7DF,0xE7DF,0xE7DF,0xE7DF,0xE7DF,0xE7BF,0xEFFF,0xDEFB,0x3A0B,0x3270,0x198C,0x3A4F,0x73D3,
  0x7414,0x5B52,0x320E,0x196C,0x9D36,0xEFFF,0xDFBF,0xE7DF,0xE7DF,0xE7DF,0xE7DF,0xE7DF,0xE7DF,0xE7DF,0xE7DF,0xE7DF,
  0xE7DF,0xE7DF,0xE7DF,0xE7DF,0xE7DF,0xE7DF,0xE7DF,0xE7DF,0xE7DF,0xE7DF,0xE7DF,0xE7DF,0xE7DF,0xE7DF,0xE7DF,0xE7DF,
  0xE7DF,0xE7DF,0xE7DF,0xE7DF,0xE7DF,0xE7DF,0xE7DF,0xE7DF,0xE7DF,0xE7DF,0xE7DF,0xE7DF,0xE7DF,0xE7DF,0xE7DF,0xE7DF,
  0xE7DF,0xE7DF,0xE7DF,0xE7DF,0xE7DF,0xE7DF,0xE7DF,0xE7DF,0xE7DF,0xE7DF,0xE7DF,0xE7DF,0xDFDF,0xD7BF,0xD7BF,0xCF9F,
  0xBF5F,0xA6BD,0x963B,0x8E1A,0x963B,0x963B,0x9E5B,0x963B,0x9E7C,0x9E7C,0x9E7C,0xA69C,0xA69C,0xA69C,0x9E7C,0xA69C,
  0xA69C,0xA69C,0xA69C,0xA69C,0xA69C,0x9E9C,0xA69C,0xA69C,0xA69C,0xA6BC,0xA69C,0xAEBC,0xA6BC,0xA69C,0xA6BC,0xAEBC,
  0xA6BC,0xA6BC,0xA6BC,0xA6BC,0xA6BC,0xA69C,0xA69C,0xA69C,0xA6BC,0xA69C,0xA69C,0xA69C,0xA69C,0xA69C,0xA69C,0xA69C,
  0x9E7C,0xA69C,0xA69C,0xA69C,0xA69C,0xA69C,0xA69C,0xA69C,0xA6BC,0xA69C,0xA69C,0xA69C,0xA69C,0xA69C,0xA69C,0x9E9C,
  0xA69C,0xA69C,0xA69C,0x9E7C,0xA69C,0xA69C,0x9E9C,0xA69C,0xA69C,0x9E9C,0x9E7C,0x9E9C,0xA69C,0xA69C,0xA69C,0x9E9C,
  0xA69C,0x9E7C,0x9E9C,0x9E9C,0x9E7C,0x9E9C,0x9E9C,0x9E9C,0x9E7C,0x9E7C,0x9E9C,0x9E7C,0x9E7C,0xA69C,0x9E7C,0x9E7C,
  0x9E7C,0xA69C,0x9E9C,0x9E9C,0xA69C,0x9E9C,0xA69C,0x9E7C,0x9E9C,0x9E9C,0x9E7C,0xA69C,0x9E9C,0x9E7C,0x9E7C,0xA67C,
  0xA67C,0x9E7C,0x9E7C,0xA67C,0xA69C,0x9E7B,0x9E7B,0x9E7C,0x9E7C,0x9E5C,0x9E7B,0xA67B,0x9E5B,0x9E5B,0x9E7C,0x9E7B,
  0x9E5B,0x9E7B,0x9E7B,0x9E7B,0x9E7B,0x9E7C,0x9E7B,0x9E7B,0x9E5B,0x9E7C,0x9E5B,0x9E5B,0x9E5B,0x9E7B,0x9E7B,0x9E7B,
  0x9E5B,0x9E7B,0x9E5B,0x9E5B,0x9E5B,0x9E7B,0x9E5B,0x9E5B,0x9E5B,0x9E7C,0x9E7B,0x9E7B,0x965B,0x9E5B,0x9E7C,0x9E5B,
  0x9E5B,0x9E5B,0x9E5B,0x9E5B,0x9E7C,0x9E5B,0x9E5C,0x9E7C,0x9E7C,0x9E7C,0x9E7C,0x9E7C,0x9E5B,0x9E5B,0x9E5B,0x9E5B,
  0x9E5B,0x9E5B,0x965B,0x963B,0x963B,0x9E3B,0x963A,0x963B,0x961A,0x8E1A,0x8DFA,0x961A,0xA67B,0xB6DD,0xC71E,0xCF5E,
  0xD79F,0xD79F,0xDFBF,0xE7DF,0xE7DF,0xE7DF,0xE7DF,0xE7DF,0xE7BF,0xE7DF,0xE7DF,0xE7DF,0xE7DF,0xE7BF,0xE7BF,0xE7BF,
  0xE7DF,0xE7DF,0xE7DF,0xE7BF,0xE7BF,0xE7BF,0xE7DF,0xE7BF,0xE7DF,0xE7BF,0xE7BF,0xE7BF,0xE7BF,0xE7DF,0xE7DF,0xE7DF,
  0xE7DF,0xE7DF,0xE7DF,0xE7DF,0xE7DF,0xE7DF,0xE7BF,0xE7DF,0xE7BF,0xE7DF,0xE7DF,0xE7DF,0xE7DF,0xE7DF,0xE7DF,0xE7DF,
  0xE7BF,0xDFBF,0xE7DF,0xE7DF,0xE7DF,0xE7BF,0xE7DF,0xE7DF,0xDFBF,0xE7FF,0xDF1B,0x31CA,0x322F,0x198D,0x324F,0x73D3,
  0x7434,0x5332,0x2A0E,0x196C,0x9D16,0xEFFF,0xDFBF,0xE7DF,0xE7DF,0xE7DF,0xE7DF,0xE7DF,0xE7DF,0xE7DF,0xE7DF,0xE7DF,
  0xE7DF,0xE7DF,0xE7DF,0xE7DF,0xE7DF,0xE7DF,0xE7DF,0xE7DF,0xE7DF,0xE7DF,0xE7DF,0xE7DF,0xE7DF,0xE7DF,0xE7DF,0xE7DF,
  0xE7DF,0xE7DF,0xE7DF,0xE7DF,0xE7DF,0xE7DF,0xE7DF,0xE7DF,0xE7DF,0xE7DF,0xE7DF,0xE7DF,0xE7DF,0xE7DF,0xE7DF,0xE7DF,
  0xE7DF,0xE7DF,0xE7DF,0xE7DF,0xE7DF,0xE7DF,0xE7DF,0xE7DF,0xE7DF,0xE7DF,0xE7DF,0xE7DF,0xE7DF,0xDFDF,0xD7BF,0xC79F,
  0xB75E,0xB71E,0xB73E,0xBF3E,0xBF3E,0xBF5F,0xBF5F,0xBF5F,0xBF5F,0xBF5F,0xBF5F,0xBF5F,0xBF5F,0xBF5F,0xBF5F,0xBF5F,
  0xBF5F,0xBF5F,0xBF5F,0xBF5F,0xBF7F,0xBF7F,0xC77F,0xBF5F,0xC77F,0xBF5F,0xBF7F,0xBF5F,0xBF5F,0xBF5F,0xBF5F,0xBF5F,
  0xBF5F,0xBF5F,0xBF5F,0xBF5F,0xBF5F,0xBF5F,0xC75F,0xBF5F,0xBF5F,0xBF5F,0xBF5F,0xBF5F,0xBF5F,0xBF5F,0xBF5F,0xBF5F,
  0xBF5F,0xBF5F,0xBF5F,0xBF5F,0xBF5F,0xBF5F,0xBF5F,0xBF5F,0xBF5F,0xBF5F,0xBF5F,0xBF5F,0xBF5F,0xBF5F,0xBF5F,0xBF5F,
  0xBF5F,0xBF5F,0xBF5F,0xBF5F,0xBF5F,0xBF5F,0xBF5F,0xBF5F,0xBF5F,0xBF5F,0xBF5E,0xBF5F,0xBF5F,0xBF3F,0xBF5F,0xBF5F,
  0xC75F,0xBF5F,0xBF5F,0xBF5F,0xBF3F,0xBF5F,0xBF5F,0xBF5F,0xBF5F,0xBF5F,0xBF5F,0xBF3E,0xBF3E,0xBF5F,0xBF5F,0xBF5E,
  0xBF3E,0xBF3E,0xBF5F,0xBF5E,0xBF5F,0xBF3E,0xBF3E,0xBF3F,0xBF5E,0xBF5F,0xBF5E,0xBF3E,0xBF3E,0xBF3E,0xBF5E,0xBF3E,
  0xBF5F,0xBF5F,0xBF3E,0xBF3E,0xB73E,0xBF3E,0xBF3E,0xBF3E,0xBF3E,0xBF5F,0xBF3E,0xBF3E,0xBF3E,0xBF3E,0xBF3E,0xBF5E,
  0xBF5E,0xBF5E,0xBF3E,0xBF5E,0xBF5E,0xBF5E,0xBF5E,0xBF3E,0xBF5E,0xBF3E,0xBF5E,0xBF3E,0xBF3E,0xBF3E,0xBF3E,0xBF3E,
  0xBF3E,0xBF3E,0xBF3E,0xB73E,0xBF5E,0xBF3E,0xBF3E,0xBF3E,0xBF3E,0xBF3E,0xBF3E,0xB73E,0xB73E,0xBF3E,0xBF3E,0xBF3E,
  0xB73E,0xB71E,0xB71E,0xB71E,0xAEFE,0xAEFE,0xAEFE,0xAEFE,0xAEFE,0xAEFE,0xAEFE,0xB71E,0xB73E,0xBF3E,0xBF3E,0xBF3E,
  0xBF3E,0xB73E,0xB71E,0xBF3E,0xB71E,0xAEFE,0xAEFD,0xAEDD,0xAEBD,0xAE9C,0x9E5B,0x9E3B,0x963B,0xA69C,0xC71E,0xCF5E,
  0xD79F,0xDFBF,0xE7BF,0xE7BF,0xE7DF,0xE7DF,0xE7DF,0xE7DF,0xE7DF,0xE7DF,0xE7BF,0xE7BF,0xE7BF,0xE7DF,0xE7BF,0xE7BF,
  0xDF9F,0xE7DF,0xE7BF,0xE7BF,0xE7DF,0xE7BF,0xE7DF,0xE7DF,0xE7DF,0xE7BF,0xE7BF,0xE7DF,0xE7BF,0xE7BF,0xE7BF,0xE7DF,
  0xE7BF,0xE7DF,0xE7DF,0xE7DF,0xE7BF,0xE7DF,0xE7DF,0xE7DF,0xDFBF,0xE7DF,0xE7DF,0xE7DF,0xE7BF,0xDFBF,0xE7DF,0xE7DF,
  0xDFDF,0xE7DF,0xE7DF,0xDFBF,0xE7DF,0xE7DF,0xE7DF,0xE7DF,0xDFBF,0xE7FF,0xDF1B,0x3A0B,0x322F,0x198C,0x322E,0x73B3,
  0x7414,0x5311,0x2A0E,0x218C,0x94F5,0xEFFF,0xDFBF,0xE7DF,0xE7DF,0xE7DF,0xE7DF,0xE7DF,0xE7DF,0xE7DF,0xE7DF,0xE7DF,
  0xE7DF,0xE7DF,0xE7DF,0xE7DF,0xE7DF,0xE7DF,0xE7DF,0xE7DF,0xE7DF,0xE7DF,0xE7DF,0xE7DF,0xE7DF,0xE7DF,0xE7DF,0xE7DF,
  0xE7DF,0xE7DF,0xE7DF,0xE7DF,0xE7DF,0xE7DF,0xE7DF,0xE7DF,0xE7DF,0xE7DF,0xE7DF,0xE7DF,0xE7DF,0xE7DF,0xE7DF,0xE7DF,
  0xE7DF,0xE7DF,0xE7DF,0xE7DF,0xE7DF,0xE7DF,0xE7DF,0xE7DF,0xE7DF,0xE7DF,0xE7DF,0xE7DF,0xE7DF,0xDFDF,0xDFDF,0xD7BF,
  0xD7BF,0xD7BF,0xD7BF,0xD7BF,0xD7BF,0xCFBF,0xCF9F,0xCF9F,0xCF9F,0xCF9F,0xCF9F,0xCF9F,0xCF9F,0xCF9F,0xCF9F,0xCF9F,
  0xCF9F,0xCF9F,0xCF9F,0xCF9F,0xD79F,0xCF9F,0xCF9F,0xCF9F,0xCF9F,0xCF9F,0xCF9F,0xCF9F,0xCF9F,0xD79F,0xCF9F,0xD79F,
  0xD79F,0xCF9F,0xD79F,0xD79F,0xD79F,0xD79F,0xCF9F,0xCF9F,0xCF9F,0xD79F,0xCF9F,0xCF9F,0xD79F,0xCF9F,0xCF9F,0xCF9F,
  0xCF9F,0xCF9F,0xCF9F,0xCF9F,0xD79F,0xCF9F,0xCF9F,0xCF9F,0xCF9F,0xCF9F,0xCF9F,0xCF9F,0xCF9F,0xCF9F,0xCF9F,0xCF9F,
  0xCF9F,0xCF9F,0xCF9F,0xCF9F,0xCF9F,0xCF9F,0xCF9F,0xCF9F,0xCF9F,0xCF9F,0xCF9F,0xCF9F,0xCF9F,0xCF9F,0xCF9F,0xCF9F,
  0xCF9F,0xCF9F,0xCF9F,0xCF9F,0xCF9F,0xCF9F,0xCF9F,0xCF9F,0xCF9F,0xCF9F,0xCF9F,0xCF9F,0xCF9F,0xCF9F,0xCF9F,0xCF9F,
  0xCF9F,0xCF9F,0xCF7F,0xCF9F,0xCF9F,0xCF9F,0xCF9F,0xCF9F,0xC77F,0xCF7F,0xBF3E,0xCF9F,0xCF7F,0xCF9F,0xC77F,0xCF9F,
  0xCF9F,0xCF9F,0xCF7F,0xCF7F,0xCF9F,0xCF9F,0xCF9F,0xCF7F,0xCF9F,0xCF9F,0xC77F,0xCF9F,0xCF7F,0xCF7F,0xCF9F,0xCF9F,
  0xCF9F,0xCF7F,0xCF9F,0xCF7F,0xCF9F,0xCF9F,0xCF9F,0xCF7F,0xCF9F,0xCF7F,0xCF7F,0xCF9F,0xCF7F,0xCF9F,0xCF9F,0xCF9F,
  0xCF9F,0xCF7F,0xCF9F,0xCF9F,0xC77F,0xCF7F,0xCF9F,0xCF9F,0xCF7F,0xCF7F,0xCF9F,0xCF7F,0xCF9F,0xCF9F,0xCF9F,0xCF9F,
  0xCF7F,0xCF9F,0xCF7F,0xCF7F,0xC75F,0xC75F,0xC75F,0xC75F,0xC75F,0xBF5F,0xC75F,0xC77F,0xC77F,0xCF7F,0xC77F,0xCF7F,
  0xC77F,0xC77F,0xC75F,0xC77F,0xC75F,0xC75F,0xC77F,0xC77F,0xC77F,0xBF5F,0xC77F,0xC77F,0xC75F,0xC77F,0xC75E,0xCF7F,
  0xD7BF,0xDFBF,0xE7DF,0xE7DF,0xDFBF,0xE7DF,0xE7DF,0xE7DF,0xE7BF,0xE7DF,0xE7BF,0xE7DF,0xE7DF,0xE7DF,0xE7BF,0xE7DF,
  0xE7BF,0xE7BF,0xE7BF,0xE7BF,0xE7DF,0xE7BF,0xE7BF,0xE7BF,0xE7DF,0xE7BF,0xE7BF,0xE7DF,0xE7BF,0xE7DF,0xE7DF,0xE7DF,
  0xE7BF,0xE7DF,0xE7DF,0xE7DF,0xE7BF,0xE7BF,0xE7BF,0xE7DF,0xE7BF,0xE7BF,0xE7DF,0xE7DF,0xE7BF,0xE7BF,0xE7DF,0xDFBF,
  0xE7DF,0xE7BF,0xE7DF,0xDFBF,0xE7BF,0xE7BF,0xDFDF,0xE7BF,0xE7BF,0xE7FF,0xDF1B,0x39EA,0x322F,0x198C,0x322F,0x73D4,
  0x73F4,0x5332,0x320E,0x218C,0x9D16,0xDFBF,0xDFBF,0xE7DF,0xE7DF,0xE7DF,0xE7DF,0xE7DF,0xE7DF,0xE7DF,0xE7DF,0xE7DF,
  0xE7DF,0xE7DF,0xE7DF,0xE7DF,0xE7DF,0xE7DF,0xE7DF,0xE7DF,0xE7DF,0xE7DF,0xE7DF,0xE7DF,0xE7DF,0xE7DF,0xDFDF,0xDFBF,
  0xDFBF,0xE7DF,0xDFBF,0xE7DF,0xE7DF,0xE7DF,0xE7DF,0xE7DF,0xE7DF,0xE7DF,0xE7DF,0xE7DF,0xE7DF,0xE7DF,0xE7DF,0xE7DF,
  0xE7DF,0xE7DF,0xE7DF,0xE7DF,0xE7DF,0xE7DF,0xE7DF,0xE7DF,0xE7DF,0xE7DF,0xE7DF,0xE7DF,0xE7DF,0xE7DF,0xE7DF,0xE7DF,
  0xE7FF,0xE7DF,0xE7DF,0xE7DF,0xE7DF,0xDFDF,0xDFDF,0xDFDF,0xDFBF,0xDFDF,0xDFDF,0xDFBF,0xDFBF,0xDFBF,0xD7BF,0xD7BF,
  0xDFBF,0xD7BF,0xD7BF,0xDFBF,0xDFBF,0xDFBF,0xDFBF,0xDFBF,0xDFBF,0xDFBF,0xDFBF,0xDFBF,0xDFBF,0xDFBF,0xDFBF,0xDFBF,
  0xDFBF,0xDFBF,0xDFBF,0xDFBF,0xDFBF,0xDFBF,0xDFBF,0xDFBF,0xDFBF,0xDFBF,0xDFBF,0xDFBF,0xDFBF,0xDFBF,0xDFBF,0xDFBF,
  0xDFBF,0xDFBF,0xDFBF,0xDFBF,0xDFBF,0xDFBF,0xDFBF,0xDFBF,0xDFBF,0xDFBF,0xDFBF,0xDFBF,0xDFBF,0xDFBF,0xDFBF,0xDFBF,
  0xDFBF,0xDFBF,0xDFBF,0xDFBF,0xDFBF,0xDFBF,0xDFBF,0xDFBF,0xDFBF,0xDFBF,0xDFBF,0xDFBF,0xDFBF,0xDFBF,0xDFBF,0xDFBF,
  0xDFDF,0xDFBF,0xDFBF,0xDFDF,0xDFBF,0xDFBF,0xDFBF,0xDFBF,0xDFBF,0xDFBF,0xDFBF,0xDFBF,0xDFBF,0xDFBF,0xDFBF,0xDFBF,
  0xDFBF,0xDFBF,0xDFBF,0xDFBF,0xDFBF,0xDFBF,0xDFBF,0xDFBF,0xDFBF,0xDFBF,0xDFBF,0xDFBF,0xDFBF,0xDFBF,0xD7BF,0xDFBF,
  0xDFBF,0xDFBF,0xDFBF,0xDFBF,0xDFBF,0xDFBF,0xDFBF,0xDFBF,0xDFBF,0xDFBF,0xDFBF,0xDFBF,0xDFBF,0xDFBF,0xDFBF,0xDFBF,
  0xDFBF,0xDFBF,0xDFBF,0xDFBF,0xDFBF,0xDFBF,0xDFBF,0xDFBF,0xDFBF,0xDFBF,0xDFBF,0xDFBF,0xDFBF,0xDFBF,0xDFBF,0xDFBF,
  0xDFBF,0xDFBF,0xD7BF,0xDFBF,0xDFBF,0xDFBF,0xDFBF,0xDFBF,0xDFBF,0xDFBF,0xDFBF,0xDFBF,0xDFBF,0xDFBF,0xDFBF,0xDFBF,
  0xDFBF,0xDFBF,0xD79F,0xDFBF,0xD7BF,0xD7BF,0xD7BF,0xDF9F,0xD79F,0xD7BF,0xD7BF,0xD7BF,0xCF9F,0xCF9F,0xD7BF,0xD7BF,
  0xD79F,0xD7BF,0xD7BF,0xD79F,0xD7BF,0xD7BF,0xD7BF,0xD7BF,0xD7BF,0xD7BF,0xD7BF,0xCF9F,0xD7BF,0xD7BF,0xD7BF,0xD7BF,
  0xDFBF,0xDFBF,0xE7DF,0xE7DF,0xE7BF,0xE7BF,0xE7BF,0xE7DF,0xE7DF,0xE7BF,0xE7BF,0xE7DF,0xE7DF,0xE7DF,0xE7BF,0xE7BF,
  0xE7BF,0xE7DF,0xE7BF,0xE7BF,0xE7BF,0xE7BF,0xE7BF,0xE7BF,0xE7DF,0xE7DF,0xE7BF,0xE7DF,0xDFBF,0xE7DF,0xE7DF,0xE7DF,
  0xE7BF,0xE7DF,0xE7BF,0xE7DF,0xE7DF,0xE7BF,0xE7DF,0xE7DF,0xE7BF,0xE7DF,0xDFBF,0xE7DF,0xE7BF,0xE7BF,0xE7BF,0xDFBF,
  0xE7DF,0xE7BF,0xE7DF,0xE7DF,0xDFBF,0xDFBF,0xE7DF,0xE7DF,0xDFBF,0xE7FF,0xDF1B,0x3A0A,0x322F,0x196C,0x324F,0x73D4,
  0x73F4,0x5332,0x2A0E,0x198C,0x9D36,0xEFFF,0xE7BF,0xE7DF,0xE7DF,0xE7DF,0xE7DF,0xE7DF,0xE7DF,0xE7DF,0xE7DF,0xE7DF,
  0xE7DF,0xE7DF,0xE7DF,0xE7DF,0xE7DF,0xE7DF,0xE7DF,0xE7DF,0xE7DF,0xE7DF,0xE7DF,0xE7DF,0xE7DF,0xE7DF,0xDF9F,0xDFBF,
  0xDFBF,0xDFBF,0xE7DF,0xE7DF,0xE7DF,0xE7DF,0xE7DF,0xE7DF,0xE7DF,0xE7DF,0xE7DF,0xDFBF,0xE7DF,0xE7DF,0xE7DF,0xE7DF,
  0xE7DF,0xE7DF,0xE7DF,0xE7DF,0xE7DF,0xE7DF,0xE7DF,0xE7DF,0xE7DF,0xE7DF,0xE7DF,0xE7DF,0xE7DF,0xE7DF,0xE7DF,0xE7DF,
  0xE7DF,0xE7DF,0xE7DF,0xE7DF,0xE7DF,0xE7DF,0xE7DF,0xE7DF,0xE7DF,0xE7DF,0xE7DF,0xE7DF,0xE7DF,0xDFDF,0xE7DF,0xDFDF,
  0xDFDF,0xDFBF,0xDFBF,0xDFBF,0xDFDF,0xDFBF,0xDFBF,0xDFBF,0xDFBF,0xDFBF,0xDFBF,0xDFBF,0xDFBF,0xDFBF,0xDFDF,0xDFBF,
  0xDFBF,0xDFDF,0xDFBF,0xDFBF,0xDFBF,0xDFDF,0xDFDF,0xDFDF,0xDFBF,0xDFBF,0xDFBF,0xDFDF,0xDFBF,0xDFBF,0xDFDF,0xDFDF,
  0xDFBF,0xDFBF,0xDFDF,0xDFBF,0xDFBF,0xDFDF,0xDFBF,0xDFBF,0xE7DF,0xDFBF,0xDFDF,0xDFDF,0xDFDF,0xDFBF,0xDFBF,0xE7DF,
  0xDFBF,0xDFBF,0xE7DF,0xDFBF,0xDFBF,0xDFBF,0xDFDF,0xDFDF,0xDFDF,0xDFBF,0xDFBF,0xDFDF,0xDFBF,0xDFDF,0xDFDF,0xDFDF,
  0xDFDF,0xDFDF,0xDFDF,0xDFBF,0xDFDF,0xDFDF,0xDFDF,0xDFDF,0xE7DF,0xDFDF,0xDFDF,0xDFDF,0xDFDF,0xDFDF,0xDFDF,0xDFDF,
  0xDFBF,0xDFDF,0xDFBF,0xDFBF,0xDFBF,0xDFBF,0xDFDF,0xDFBF,0xDFDF,0xDFBF,0xDFDF,0xDFDF,0xDFDF,0xDFBF,0xDFBF,0xDFDF,
  0xDFDF,0xDFDF,0xDFDF,0xDFDF,0xDFBF,0xDFBF,0xDFBF,0xDFDF,0xDFDF,0xDFDF,0xE7DF,0xDFDF,0xDFDF,0xDFDF,0xDFBF,0xDFDF,
  0xDFDF,0xE7DF,0xDFDF,0xDFDF,0xE7DF,0xDFDF,0xDFDF,0xDFDF,0xDFBF,0xDFBF,0xDFBF,0xDFBF,0xDFBF,0xDFBF,0xDFDF,0xE7DF,
  0xDFBF,0xDFBF,0xDFBF,0xDFBF,0xDFBF,0xDFBF,0xDFBF,0xDFBF,0xDFBF,0xDFBF,0xDFBF,0xDFBF,0xDFBF,0xDFBF,0xDFBF,0xDFBF,
  0xDFBF,0xDFBF,0xD7BF,0xDFBF,0xDFBF,0xD7BF,0xD7BF,0xDF9F,0xD7BF,0xDFBF,0xDFBF,0xDFBF,0xD7BF,0xD79F,0xDFBF,0xDFBF,
  0xD7BF,0xD7BF,0xDFBF,0xDFBF,0xDFBF,0xDFDF,0xDFBF,0xDFDF,0xDFBF,0xDFDF,0xE7DF,0xE7DF,0xE7DF,0xE7DF,0xDFDF,0xE7DF,
  0xDFBF,0xE7DF,0xDFBF,0xE7BF,0xE7BF,0xE7DF,0xE7BF,0xE7BF,0xE7BF,0xE7DF,0xE7BF,0xE7BF,0xE7BF,0xE7BF,0xE7BF,0xE7BF,
  0xE7BF,0xE7BF,0xE7BF,0xE7BF,0xE7BF,0xE7BF,0xE7BF,0xE7BF,0xE7DF,0xE7BF,0xE7BF,0xE7BF,0xDFBF,0xE7DF,0xE7BF,0xE7DF,
  0xE7BF,0xE7BF,0xDFBF,0xE7DF,0xE7BF,0xE7BF,0xE7DF,0xE7DF,0xE7BF,0xE7BF,0xDFBF,0xE7DF,0xE7BF,0xDFBF,0xE7DF,0xDFBF,
  0xDFBF,0xE7DF,0xE7DF,0xE7BF,0xE7BF,0xE7BF,0xE7BF,0xE7DF,0xE7BF,0xE7FF,0xDEFB,0x3A2B,0x2A0F,0x196C,0x324F,0x6BB3,
  0x7414,0x5332,0x320E,0x196C,0x9D36,0xDFBF,0xDFBF,0xE7DF,0xDFDF,0xE7DF,0xE7DF,0xE7DF,0xE7DF,0xE7DF,0xE7DF,0xE7DF,
  0xE7DF,0xE7DF,0xE7DF,0xE7DF,0xE7DF,0xE7DF,0xE7DF,0xE7DF,0xE7DF,0xE7DF,0xE7DF,0xE7DF,0xE7DF,0xE7DF,0xE7DF,0xE7DF,
  0xE7DF,0xE7DF,0xE7DF,0xE7DF,0xE7DF,0xE7DF,0xDFBF,0xE7DF,0xE7DF,0xE7DF,0xE7DF,0xE7BF,0xE7DF,0xE7DF,0xE7DF,0xE7DF,
  0xE7DF,0xE7DF,0xE7DF,0xE7DF,0xE7DF,0xE7DF,0xE7DF,0xE7DF,0xE7DF,0xE7DF,0xE7DF,0xE7DF,0xE7DF,0xE7DF,0xE7DF,0xE7DF,
  0xE7DF,0xE7DF,0xDFDF,0xE7DF,0xE7DF,0xE7DF,0xE7DF,0xE7DF,0xE7DF,0xE7DF,0xE7DF,0xE7DF,0xE7DF,0xE7DF,0xE7DF,0xE7DF,
  0xDFDF,0xDFDF,0xDFDF,0xDFDF,0xDFDF,0xDFDF,0xDFDF,0xDFDF,0xDFDF,0xDFDF,0xDFDF,0xDFBF,0xDFDF,0xDFBF,0xDFDF,0xDFBF,
  0xDFBF,0xDFBF,0xDFBF,0xDFBF,0xDFDF,0xDFDF,0xDFDF,0xDFDF,0xDFDF,0xDFDF,0xDFDF,0xE7DF,0xDFDF,0xDFBF,0xDFDF,0xE7DF,
  0xDFDF,0xDFDF,0xE7DF,0xDFBF,0xDFDF,0xDFDF,0xDFBF,0xDFDF,0xDFDF,0xDFDF,0xDFBF,0xDFDF,0xDFDF,0xDFBF,0xDFBF,0xDFDF,
  0xDFBF,0xDFBF,0xDFBF,0xDFDF,0xE7DF,0xDFDF,0xDFDF,0xDFBF,0xDFDF,0xDFDF,0xDFBF,0xDFBF,0xDFDF,0xDFDF,0xDFBF,0xDFBF,
  0xDFDF,0xDFDF,0xDFDF,0xDFBF,0xDFDF,0xDFBF,0xE7DF,0xDFDF,0xDFDF,0xDFDF,0xDFDF,0xDFDF,0xDFDF,0xDFBF,0xDFDF,0xDFBF,
  0xDFDF,0xDFBF,0xDFBF,0xDFDF,0xDFBF,0xDFBF,0xE7DF,0xDFDF,0xDFDF,0xDFBF,0xDFBF,0xE7DF,0xDFDF,0xDFDF,0xDFDF,0xDFBF,
  0xDFDF,0xDFDF,0xDFDF,0xE7DF,0xDFDF,0xDFDF,0xDFBF,0xDFDF,0xDFBF,0xE7DF,0xE7DF,0xE7DF,0xE7DF,0xE7DF,0xDFDF,0xDFBF,
  0xDFDF,0xDFBF,0xDFBF,0xDFBF,0xE7DF,0xE7DF,0xE7DF,0xDFBF,0xDFDF,0xDFBF,0xDFBF,0xDFBF,0xDFBF,0xDFDF,0xDFBF,0xE7DF,
  0xDFDF,0xDFBF,0xE7DF,0xDFBF,0xDFBF,0xDFBF,0xDFBF,0xDFBF,0xDFBF,0xDFBF,0xDFBF,0xDFBF,0xDFBF,0xDFDF,0xDFBF,0xDFBF,
  0xDFBF,0xDFBF,0xD79F,0xDFBF,0xDFBF,0xDFBF,0xDFBF,0xDFBF,0xDFDF,0xDFBF,0xDFDF,0xDFBF,0xDFBF,0xDFBF,0xDFBF,0xDFBF,
  0xE7DF,0xE7DF,0xE7DF,0xDFDF,0xDFBF,0xDFDF,0xE7DF,0xDFDF,0xDFDF,0xDFDF,0xDFDF,0xDFDF,0xDFDF,0xDFDF,0xDFBF,0xE7DF,
  0xDFBF,0xE7DF,0xE7BF,0xE7BF,0xE7BF,0xE7BF,0xE7BF,0xE7DF,0xE7DF,0xE7DF,0xE7BF,0xE7DF,0xE7BF,0xE7DF,0xE7DF,0xE7DF,
  0xE7BF,0xE7BF,0xE7DF,0xE7BF,0xE7DF,0xE7BF,0xE7BF,0xE7BF,0xE7DF,0xE7BF,0xE7BF,0xE7BF,0xDFBF,0xE7DF,0xE7BF,0xE7DF,
  0xE7BF,0xE7BF,0xE7DF,0xE7DF,0xE7BF,0xE7DF,0xE7DF,0xE7DF,0xE7BF,0xE7DF,0xE7BF,0xE7DF,0xE7DF,0xDFBF,0xDFBF,0xE7DF,
  0xDFBF,0xDFBF,0xE7DF,0xE7BF,0xE7BF,0xDFBF,0xDFBF,0xE7DF,0xDFBF,0xE7FF,0xDEFB,0x3A0B,0x2A0F,0x198C,0x3A4F,0x6BB3,
  0x6BF4,0x4B11,0x320E,0x198C,0xA557,0xEFFF,0xDFBF,0xE7DF,0xE7DF,0xE7DF,0xE7DF,0xE7DF,0xE7DF,0xE7DF,0xE7DF,0xE7DF,
  0xE7DF,0xE7DF,0xE7DF,0xE7DF,0xE7DF,0xE7DF,0xE7DF,0xE7DF,0xE7DF,0xE7DF,0xE7DF,0xE7DF,0xE7DF,0xE7DF,0xE7DF,0xDFBF,
  0xE7DF,0xE7DF,0xE7DF,0xE7DF,0xE7DF,0xE7DF,0xE7DF,0xE7DF,0xE7DF,0xE7DF,0xE7DF,0xE7DF,0xE7DF,0xE7DF,0xE7DF,0xE7DF,
  0xE7DF,0xE7DF,0xE7DF,0xE7DF,0xE7DF,0xE7DF,0xE7DF,0xE7DF,0xE7DF,0xE7DF,0xE7DF,0xE7DF,0xE7DF,0xE7DF,0xE7DF,0xE7DF,
  0xE7DF,0xE7DF,0xE7DF,0xE7DF,0xE7DF,0xE7DF,0xE7DF,0xE7DF,0xE7DF,0xE7DF,0xE7DF,0xE7DF,0xE7DF,0xE7DF,0xE7DF,0xE7DF,
  0xE7DF,0xE7DF,0xE7DF,0xE7DF,0xE7DF,0xDFDF,0xDFDF,0xDFDF,0xDFDF,0xE7DF,0xE7DF,0xDFBF,0xDFDF,0xDFDF,0xDFDF,0xE7DF,
  0xDFDF,0xDFDF,0xE7DF,0xDFBF,0xDFBF,0xDFBF,0xDFDF,0xDFDF,0xDFBF,0xE7DF,0xDFDF,0xDFDF,0xDFDF,0xDFBF,0xE7DF,0xE7DF,
  0xDFDF,0xE7DF,0xDFDF,0xDFDF,0xDFBF,0xDFDF,0xDFDF,0xDFDF,0xDFDF,0xDFDF,0xDFBF,0xDFDF,0xDFDF,0xDFDF,0xDFDF,0xE7DF,
  0xDFBF,0xDFBF,0xDFDF,0xDFDF,0xDFDF,0xDFBF,0xDFBF,0xDFDF,0xE7DF,0xE7DF,0xDFBF,0xDFDF,0xDFDF,0xDFDF,0xDFDF,0xDFDF,
  0xDFDF,0xDFDF,0xE7DF,0xDFDF,0xE7DF,0xDFBF,0xDFDF,0xDFDF,0xDFDF,0xDFDF,0xDFDF,0xDFDF,0xDFDF,0xDFBF,0xDFBF,0xDFBF,
  0xDFDF,0xE7DF,0xDFDF,0xE7DF,0xDFBF,0xE7DF,0xE7DF,0xDFBF,0xDFDF,0xDFDF,0xDFBF,0xE7DF,0xE7DF,0xE7DF,0xE7DF,0xE7DF,
  0xDFDF,0xE7DF,0xE7DF,0xDFDF,0xE7DF,0xDFDF,0xE7DF,0xDFBF,0xDFBF,0xE7DF,0xE7DF,0xDFDF,0xDFBF,0xDFDF,0xE7DF,0xE7DF,
  0xE7DF,0xE7DF,0xDFDF,0xDFDF,0xE7DF,0xE7DF,0xE7DF,0xDFBF,0xE7DF,0xDFBF,0xDFBF,0xDFBF,0xDFBF,0xDFBF,0xDFBF,0xE7BF,
  0xDFBF,0xDFBF,0xE7DF,0xDFBF,0xDFBF,0xDFBF,0xDFDF,0xDFBF,0xE7BF,0xDFBF,0xDFDF,0xDFBF,0xDFBF,0xDFDF,0xDFBF,0xDFBF,
  0xDFBF,0xE7DF,0xDFBF,0xDFBF,0xDFBF,0xDFDF,0xDFBF,0xDFBF,0xDFBF,0xDFBF,0xE7DF,0xE7DF,0xDFBF,0xDFDF,0xE7DF,0xDFDF,
  0xE7DF,0xE7DF,0xE7DF,0xE7DF,0xDFDF,0xDFBF,0xDFDF,0xDFDF,0xE7DF,0xDFDF,0xDFDF,0xDFDF,0xE7DF,0xDFDF,0xDFBF,0xDFDF,
  0xDFBF,0xE7BF,0xE7DF,0xE7BF,0xE7BF,0xE7BF,0xE7DF,0xE7BF,0xE7DF,0xE7DF,0xE7BF,0xE7DF,0xE7BF,0xE7DF,0xE7BF,0xE7DF,
  0xE7DF,0xE7BF,0xE7BF,0xE7DF,0xE7DF,0xE7BF,0xE7BF,0xE7BF,0xE7DF,0xE7BF,0xE7BF,0xE7BF,0xE7BF,0xE7BF,0xE7DF,0xE7BF,
  0xE7BF,0xE7BF,0xE7DF,0xE7DF,0xE7BF,0xE7DF,0xE7BF,0xE7DF,0xE7DF,0xE7DF,0xDFBF,0xE7DF,0xE7BF,0xE7BF,0xE7DF,0xE7BF,
  0xDFBF,0xDFBF,0xE7BF,0xDFBF,0xE7DF,0xDFBF,0xDFBF,0xDFDF,0xDFBF,0xE7FF,0xDEFB,0x3A2B,0x2A0F,0x198C,0x322E,0x6B93,
  0x73F4,0x4AF1,0x320E,0x198C,0x9D36,0xEFFF,0xDFBF,0xE7DF,0xE7DF,0xE7DF,0xE7DF,0xE7DF,0xE7DF,0xE7DF,0xE7DF,0xE7DF,
  0xE7DF,0xE7DF,0xE7DF,0xE7DF,0xE7DF,0xE7DF,0xE7DF,0xE7DF,0xE7DF,0xE7DF,0xE7DF,0xE7DF,0xE7DF,0xE7DF,0xE7DF,0xE7DF,
  0xE7DF,0xE7DF,0xE7DF,0xE7DF,0xE7DF,0xE7DF,0xE7DF,0xE7DF,0xE7DF,0xE7DF,0xE7DF,0xDFDF,0xE7DF,0xE7DF,0xE7DF,0xE7DF,
  0xE7DF,0xE7DF,0xE7DF,0xE7DF,0xE7DF,0xE7DF,0xE7DF,0xE7DF,0xE7DF,0xE7DF,0xE7DF,0xE7DF,0xE7DF,0xE7DF,0xE7DF,0xE7DF,
  0xE7DF,0xE7DF,0xE7DF,0xE7DF,0xDFDF,0xDFDF,0xE7DF,0xDFDF,0xDFDF,0xE7DF,0xDFDF,0xE7DF,0xE7DF,0xE7DF,0xDFDF,0xDFDF,
  0xDFDF,0xE7DF,0xE7DF,0xDFDF,0xE7DF,0xE7DF,0xE7DF,0xE7DF,0xDFDF,0xE7DF,0xE7DF,0xDFBF,0xDFDF,0xE7DF,0xE7DF,0xDFDF,
  0xE7DF,0xDFDF,0xDFDF,0xDFDF,0xDFDF,0xDFDF,0xE7DF,0xDFBF,0xDFDF,0xE7DF,0xDFBF,0xDFDF,0xDFDF,0xDFDF,0xDFDF,0xDFDF,
  0xDFBF,0xDFDF,0xE7DF,0xDFBF,0xE7DF,0xE7DF,0xDFDF,0xE7DF,0xDFDF,0xDFBF,0xDFDF,0xDFDF,0xDFDF,0xE7BF,0xDFDF,0xDFDF,
  0xDFBF,0xDFDF,0xDFDF,0xDFBF,0xDFDF,0xDFDF,0xDFDF,0xE7DF,0xDFDF,0xDFBF,0xDFDF,0xDFDF,0xDFBF,0xDFDF,0xE7DF,0xE7DF,
  0xDFDF,0xE7DF,0xDFDF,0xDFBF,0xE7DF,0xDFBF,0xDFBF,0xDFDF,0xDFDF,0xDFDF,0xDFDF,0xDFDF,0xDFDF,0xDFDF,0xDFDF,0xDFDF,
  0xDFDF,0xE7DF,0xDFDF,0xE7DF,0xE7DF,0xE7DF,0xE7DF,0xDFDF,0xDFDF,0xDFDF,0xDFDF,0xDFDF,0xE7DF,0xDFDF,0xDFDF,0xDFDF,
  0xDFDF,0xE7DF,0xDFDF,0xE7DF,0xDFBF,0xE7DF,0xE7DF,0xDFDF,0xDFBF,0xE7DF,0xE7DF,0xE7DF,0xDFDF,0xE7DF,0xE7DF,0xE7DF,
  0xE7DF,0xE7DF,0xDFBF,0xE7DF,0xDFDF,0xDFBF,0xDFDF,0xDFBF,0xDFBF,0xDFBF,0xE7BF,0xE7DF,0xE7BF,0xDFBF,0xE7DF,0xE7DF,
  0xE7BF,0xDFBF,0xDFDF,0xDFBF,0xDFBF,0xDFBF,0xE7DF,0xDFBF,0xDFBF,0xDFBF,0xDFDF,0xE7DF,0xDFBF,0xDFBF,0xDFDF,0xDFDF,
  0xDFBF,0xDFBF,0xDFBF,0xDFBF,0xDFBF,0xDFDF,0xDFDF,0xDFDF,0xDFBF,0xE7DF,0xDFDF,0xDFDF,0xDFBF,0xDFDF,0xE7DF,0xE7DF,
  0xDFDF,0xE7DF,0xDFDF,0xE7DF,0xE7DF,0xE7DF,0xE7DF,0xE7DF,0xE7DF,0xE7DF,0xDFDF,0xDFBF,0xDFDF,0xDFDF,0xDFBF,0xDFBF,
  0xDFBF,0xE7DF,0xE7DF,0xE7DF,0xE7DF,0xE7DF,0xE7BF,0xE7DF,0xE7DF,0xE7BF,0xE7BF,0xE7DF,0xE7BF,0xE7DF,0xE7BF,0xE7DF,
  0xE7BF,0xE7DF,0xE7DF,0xE7BF,0xE7DF,0xE7BF,0xE7DF,0xE7DF,0xE7BF,0xE7DF,0xE7BF,0xE7BF,0xE7BF,0xE7BF,0xE7BF,0xE7DF,
  0xE7DF,0xE7BF,0xE7DF,0xE7DF,0xE7BF,0xE7DF,0xE7BF,0xE7DF,0xE7DF,0xE7DF,0xDFBF,0xE7DF,0xE7BF,0xDFBF,0xE7DF,0xE7DF,
  0xE7DF,0xE7BF,0xDFBF,0xDFBF,0xE7DF,0xE7BF,0xDFBF,0xE7BF,0xDFBF,0xE7FF,0xDEFB,0x3A2B,0x2A0F,0x196C,0x322E,0x6BB3,
  0x6BF4,0x4AD1,0x320E,0x196C,0x9D36,0xF7FF,0xDFBF,0xE7DF,0xE7DF,0xE7DF,0xE7DF,0xE7DF,0xE7DF,0xE7BF,0xE7DF,0xE7DF,
  0xE7DF,0xE7DF,0xE7DF,0xE7DF,0xE7DF,0xE7DF,0xE7DF,0xE7DF,0xE7DF,0xE7DF,0xE7DF,0xE7DF,0xE7DF,0xE7DF,0xE7DF,0xE7DF,
  0xE7DF,0xE7DF,0xE7DF,0xE7DF,0xE7DF,0xE7DF,0xE7DF,0xE7DF,0xE7DF,0xE7DF,0xE7DF,0xE7DF,0xE7DF,0xE7DF,0xDFBF,0xE7DF,
  0xE7DF,0xE7DF,0xE7DF,0xE7DF,0xE7DF,0xE7DF,0xE7DF,0xE7DF,0xE7DF,0xE7DF,0xE7DF,0xE7DF,0xE7DF,0xE7DF,0xE7DF,0xE7DF,
  0xE7DF,0xE7DF,0xE7DF,0xE7DF,0xE7DF,0xDFDF,0xDFDF,0xDFDF,0xDFDF,0xDFDF,0xDFDF,0xDFDF,0xDFDF,0xE7DF,0xDFDF,0xDFDF,
  0xE7DF,0xE7DF,0xE7DF,0xDFDF,0xE7DF,0xE7DF,0xE7DF,0xE7DF,0xE7DF,0xE7DF,0xDFDF,0xE7DF,0xE7DF,0xE7DF,0xE7DF,0xE7DF,
  0xE7DF,0xDFBF,0xDFDF,0xDFDF,0xDFBF,0xDFDF,0xDFDF,0xDFDF,0xDFDF,0xE7DF,0xDFDF,0xE7DF,0xDFDF,0xDFDF,0xDFDF,0xDFDF,
  0xDFDF,0xE7DF,0xE7DF,0xDFDF,0xE7DF,0xDFDF,0xDFDF,0xDFDF,0xDFBF,0xE7DF,0xDFDF,0xDFDF,0xDFDF,0xDFBF,0xE7DF,0xE7DF,
  0xDFDF,0xDFDF,0xDFDF,0xDFDF,0xE7DF,0xE7DF,0xDFDF,0xE7DF,0xDFDF,0xDFBF,0xDFBF,0xDFDF,0xE7DF,0xDFDF,0xDFDF,0xE7DF,
  0xDFDF,0xDFDF,0xE7DF,0xDFBF,0xDFBF,0xDFBF,0xDFBF,0xE7DF,0xDFDF,0xDFDF,0xE7DF,0xDFDF,0xDFBF,0xDFDF,0xDFDF,0xDFDF,
  0xDFDF,0xDFDF,0xE7DF,0xDFDF,0xDFBF,0xE7DF,0xE7DF,0xDFDF,0xE7DF,0xE7DF,0xE7DF,0xDFDF,0xE7DF,0xE7BF,0xDFDF,0xE7DF,
  0xDFDF,0xE7DF,0xDFDF,0xE7DF,0xE7BF,0xE7DF,0xDFDF,0xDFDF,0xDFDF,0xE7DF,0xE7DF,0xE7DF,0xE7DF,0xDFBF,0xDFDF,0xDFBF,
  0xE7BF,0xDFBF,0xDFBF,0xDFBF,0xDFBF,0xDFBF,0xDFDF,0xDFBF,0xE7DF,0xDFBF,0xDFBF,0xDFBF,0xDFBF,0xE7DF,0xE7DF,0xE7BF,
  0xE7DF,0xDFBF,0xDFDF,0xDFDF,0xDFBF,0xDFBF,0xE7DF,0xDFBF,0xDFDF,0xDFBF,0xDFBF,0xDFBF,0xDFBF,0xDFBF,0xDFBF,0xDFBF,
  0xE7BF,0xDFBF,0xDFBF,0xDFBF,0xDFBF,0xDFBF,0xDFBF,0xDFBF,0xE7DF,0xDFDF,0xDFDF,0xDFDF,0xDFDF,0xE7DF,0xDFDF,0xDFDF,
  0xDFDF,0xDFBF,0xDFDF,0xDFBF,0xDFBF,0xDFBF,0xDFDF,0xDFBF,0xDFDF,0xDFDF,0xE7DF,0xDFDF,0xDFDF,0xDFBF,0xDFBF,0xDFDF,
  0xE7DF,0xE7BF,0xE7DF,0xE7BF,0xE7BF,0xE7BF,0xE7BF,0xE7BF,0xE7BF,0xE7DF,0xE7BF,0xE7DF,0xE7BF,0xE7BF,0xE7BF,0xE7BF,
  0xE7BF,0xE7BF,0xE7BF,0xE7BF,0xE7BF,0xE7BF,0xE7DF,0xE7DF,0xE7BF,0xE7BF,0xE7BF,0xE7BF,0xE7BF,0xE7BF,0xE7BF,0xE7DF,
  0xE7DF,0xDFBF,0xE7DF,0xE7BF,0xDFBF,0xE7DF,0xE7DF,0xE7BF,0xE7DF,0xE7DF,0xDFDF,0xDFDF,0xE7BF,0xE7BF,0xDFBF,0xDFBF,
  0xE7BF,0xE7DF,0xDFBF,0xE7DF,0xE7DF,0xE7BF,0xE7DF,0xE7DF,0xE7BF,0xE7FF,0xDEFB,0x3A0B,0x2A0E,0x196C,0x322E,0x6BB3,
  0x6BF4,0x4AD1,0x320E,0x196C,0x9D36,0xE7FF,0xDF9F,0xE7DF,0xE7DF,0xE7DF,0xE7DF,0xE7DF,0xE7DF,0xE7BF,0xE7DF,0xE7DF,
  0xE7DF,0xE7DF,0xE7DF,0xE7DF,0xE7DF,0xE7DF,0xE7DF,0xE7BF,0xE7DF,0xE7DF,0xE7DF,0xDFBF,0xE7DF,0xE7DF,0xE7DF,0xE7DF,
  0xE7DF,0xE7DF,0xE7DF,0xE7DF,0xE7BF,0xE7DF,0xE7DF,0xE7DF,0xE7DF,0xE7DF,0xE7DF,0xE7DF,0xE7DF,0xE7DF,0xE7DF,0xE7DF,
  0xE7DF,0xE7DF,0xE7DF,0xE7DF,0xE7DF,0xE7DF,0xE7DF,0xE7DF,0xE7DF,0xE7DF,0xE7DF,0xE7DF,0xE7DF,0xE7DF,0xE7DF,0xE7DF,
  0xE7DF,0xE7DF,0xE7DF,0xDFDF,0xDFDF,0xDFDF,0xDFDF,0xDFDF,0xDFDF,0xDFDF,0xDFDF,0xDFDF,0xE7DF,0xE7DF,0xE7DF,0xDFDF,
  0xE7DF,0xE7DF,0xE7DF,0xE7DF,0xE7DF,0xE7DF,0xE7DF,0xE7DF,0xDFDF,0xDFDF,0xDFDF,0xE7DF,0xE7DF,0xDFBF,0xE7DF,0xE7DF,
  0xDFDF,0xE7DF,0xDFDF,0xDFDF,0xDFDF,0xDFDF,0xDFDF,0xDFDF,0xDFBF,0xDFDF,0xDFBF,0xE7DF,0xDFDF,0xE7DF,0xDFDF,0xDFDF,
  0xDFDF,0xDFDF,0xDFBF,0xDFBF,0xDFDF,0xDFDF,0xDFDF,0xE7DF,0xDFDF,0xDFDF,0xDFBF,0xDFDF,0xDFDF,0xDFBF,0xE7DF,0xDFDF,
  0xDFBF,0xE7DF,0xE7DF,0xE7DF,0xE7DF,0xE7DF,0xDFBF,0xDFDF,0xDFDF,0xE7DF,0xDFBF,0xDFDF,0xE7DF,0xDFDF,0xDFDF,0xDFDF,
  0xDFDF,0xDFBF,0xDFDF,0xDFDF,0xDFDF,0xDFDF,0xE7DF,0xDFDF,0xDFDF,0xE7DF,0xE7DF,0xDFBF,0xDFBF,0xDFDF,0xDFDF,0xDFDF,
  0xDFDF,0xE7DF,0xDFDF,0xDFDF,0xE7DF,0xE7DF,0xE7DF,0xE7DF,0xDFDF,0xDFBF,0xDFDF,0xE7DF,0xE7DF,0xE7DF,0xDFBF,0xDFBF,
  0xDFDF,0xE7DF,0xE7DF,0xE7DF,0xE7DF,0xE7DF,0xDFDF,0xE7DF,0xDFDF,0xE7DF,0xE7DF,0xDFBF,0xDFBF,0xE7DF,0xE7DF,0xE7DF,
  0xE7DF,0xE7DF,0xDFBF,0xDFBF,0xE7DF,0xDFBF,0xE7DF,0xE7BF,0xE7DF,0xE7BF,0xE7DF,0xDFBF,0xDFBF,0xDFBF,0xE7DF,0xE7BF,
  0xE7BF,0xDFBF,0xE7DF,0xDFBF,0xDFBF,0xDFDF,0xE7DF,0xDFBF,0xDFBF,0xE7DF,0xDFDF,0xDFBF,0xDFBF,0xDFBF,0xDFBF,0xDFBF,
  0xE7DF,0xDFBF,0xDFBF,0xDFBF,0xDFBF,0xDFBF,0xDFBF,0xDFBF,0xDFBF,0xDFDF,0xDFDF,0xE7BF,0xDFDF,0xE7DF,0xE7DF,0xDFDF,
  0xDFDF,0xDFDF,0xDFDF,0xDFDF,0xE7DF,0xDFDF,0xDFBF,0xDFBF,0xDFDF,0xDFBF,0xDFBF,0xDFDF,0xDFBF,0xDFBF,0xDFBF,0xDFDF,
  0xE7DF,0xE7BF,0xE7BF,0xE7BF,0xE7BF,0xE7DF,0xE7DF,0xE7DF,0xE7BF,0xE7BF,0xDFBF,0xE7BF,0xE7BF,0xE7BF,0xE7BF,0xE7BF,
  0xE7BF,0xE7BF,0xE7BF,0xE7BF,0xE7BF,0xE7BF,0xE7DF,0xE7DF,0xE7DF,0xE7BF,0xE7BF,0xE7DF,0xE7BF,0xE7BF,0xE7BF,0xE7BF,
  0xE7BF,0xE7BF,0xE7DF,0xE7BF,0xE7BF,0xE7DF,0xE7BF,0xDFBF,0xE7DF,0xE7DF,0xE7BF,0xE7BF,0xE7BF,0xE7BF,0xDFBF,0xE7DF,
  0xE7BF,0xE7BF,0xE7DF,0xE7DF,0xDFBF,0xDFBF,0xDFBF,0xE7BF,0xE7BF,0xE7FF,0xD6DB,0x4AAD,0x320E,0x196C,0x322E,0x6BB3,
  0x6BF4,0x4AD0,0x320E,0x196C,0x9D16,0xEFFF,0xDF9F,0xE7DF,0xE7DF,0xE7DF,0xE7DF,0xE7DF,0xE7DF,0xE7DF,0xE7DF,0xE7DF,
  0xE7DF,0xE7DF,0xE7DF,0xE7DF,0xE7DF,0xE7DF,0xE7DF,0xE7DF,0xE7DF,0xE7DF,0xDFBF,0xE7BF,0xDFBF,0xE7DF,0xE7DF,0xDFBF,
  0xDFBF,0xE7DF,0xE7DF,0xE7DF,0xE7DF,0xE7DF,0xE7DF,0xE7DF,0xE7DF,0xE7DF,0xE7DF,0xE7DF,0xE7DF,0xE7DF,0xE7DF,0xE7DF,
  0xE7DF,0xE7DF,0xE7DF,0xE7DF,0xE7DF,0xE7DF,0xE7DF,0xE7DF,0xE7DF,0xE7DF,0xDFBF,0xE7DF,0xE7DF,0xE7DF,0xE7DF,0xE7DF,
  0xE7DF,0xE7DF,0xE7DF,0xE7DF,0xE7DF,0xE7DF,0xDFDF,0xDFDF,0xDFDF,0xDFDF,0xDFDF,0xDFDF,0xDFDF,0xE7DF,0xE7DF,0xE7DF,
  0xE7DF,0xE7DF,0xDFDF,0xDFBF,0xE7DF,0xE7DF,0xE7DF,0xE7DF,0xE7DF,0xE7DF,0xE7DF,0xDFDF,0xDFDF,0xE7DF,0xE7DF,0xDFDF,
  0xDFDF,0xDFBF,0xDFDF,0xE7DF,0xE7DF,0xDFBF,0xE7DF,0xE7DF,0xDFDF,0xDFDF,0xE7DF,0xE7DF,0xDFDF,0xDFBF,0xE7DF,0xDFDF,
  0xDFDF,0xDFDF,0xDFBF,0xDFDF,0xDFDF,0xE7DF,0xE7DF,0xE7DF,0xDFBF,0xDFDF,0xDFBF,0xDFDF,0xE7DF,0xDFBF,0xE7DF,0xDFDF,
  0xDFBF,0xDFDF,0xDFBF,0xDFBF,0xDFDF,0xDFDF,0xDFBF,0xDFBF,0xDFDF,0xDFDF,0xDFBF,0xE7DF,0xDFDF,0xDFDF,0xE7DF,0xE7DF,
  0xE7DF,0xE7DF,0xDFDF,0xDFBF,0xDFDF,0xDFDF,0xDFBF,0xDFDF,0xDFBF,0xDFBF,0xDFDF,0xE7DF,0xDFDF,0xE7DF,0xDFDF,0xDFDF,
  0xDFDF,0xE7DF,0xDFDF,0xE7DF,0xE7DF,0xE7DF,0xDFBF,0xDFDF,0xE7DF,0xDFDF,0xDFDF,0xDFDF,0xE7DF,0xE7DF,0xDFBF,0xDFDF,
  0xDFDF,0xE7DF,0xE7DF,0xDFDF,0xDFBF,0xDFDF,0xDFDF,0xDFDF,0xE7DF,0xE7DF,0xE7DF,0xDFBF,0xDFBF,0xE7DF,0xE7DF,0xE7DF,
  0xDFBF,0xDFDF,0xDFDF,0xE7DF,0xE7DF,0xE7DF,0xE7BF,0xDFBF,0xDFBF,0xE7DF,0xE7DF,0xE7BF,0xDFBF,0xDFDF,0xE7DF,0xDFBF,
  0xDFBF,0xDFBF,0xE7BF,0xDFDF,0xE7BF,0xE7DF,0xDFDF,0xE7DF,0xE7DF,0xDFBF,0xE7DF,0xE7BF,0xDFBF,0xDFBF,0xDFDF,0xDFBF,
  0xDFBF,0xDFBF,0xDFBF,0xDFBF,0xDFBF,0xDFBF,0xDFBF,0xDFBF,0xDFBF,0xDFDF,0xDFDF,0xDFDF,0xDFBF,0xDFDF,0xDFDF,0xDFDF,
  0xE7DF,0xDFDF,0xDFDF,0xDFDF,0xDFBF,0xDFDF,0xE7DF,0xDFDF,0xE7DF,0xDFBF,0xDFBF,0xDFBF,0xDFDF,0xDFBF,0xE7BF,0xE7DF,
  0xDFDF,0xDFBF,0xE7BF,0xE7BF,0xDFBF,0xE7BF,0xE7BF,0xE7DF,0xE7DF,0xE7DF,0xE7BF,0xE7BF,0xE7BF,0xE7BF,0xE7BF,0xE7BF,
  0xE7BF,0xE7DF,0xE7DF,0xDFBF,0xE7BF,0xE7BF,0xE7BF,0xE7DF,0xE7BF,0xE7BF,0xE7BF,0xDFBF,0xE7DF,0xE7BF,0xE7DF,0xE7BF,
  0xE7DF,0xE7BF,0xE7DF,0xE7DF,0xE7BF,0xDFBF,0xDFBF,0xE7BF,0xDFBF,0xDFBF,0xE7DF,0xE7DF,0xE7DF,0xDFBF,0xDFBF,0xE7BF,
  0xDFBF,0xDFBF,0xE7DF,0xE7DF,0xDFBF,0xE7DF,0xDFBF,0xDFBF,0xE7DF,0xE7FF,0xD6FB,0x4AAE,0x2A0E,0x196C,0x322E,0x6B93,
  0x7414,0x42B0,0x320E,0x218D,0x7C13,0xFFFF,0xCF7F,0xE7DF,0xE7BF,0xDFBF,0xDFBF,0xDFBF,0xDFBF,0xDFBF,0xE7BF,0xDFBF,
  0xDFBF,0xDFBF,0xDFBF,0xDFBF,0xDFBF,0xDFBF,0xDFBF,0xDFBF,0xDFBF,0xDFBF,0xDFBF,0xDFBF,0xE7BF,0xE7DF,0xDFBF,0xDFBF,
  0xDFBF,0xDFDF,0xE7DF,0xDFBF,0xDFBF,0xDFBF,0xDFBF,0xE7DF,0xE7DF,0xDFDF,0xDFDF,0xDFBF,0xE7DF,0xE7DF,0xE7DF,0xDFDF,
  0xE7DF,0xE7DF,0xDFDF,0xE7DF,0xE7DF,0xDFDF,0xE7DF,0xE7DF,0xE7DF,0xE7DF,0xE7DF,0xE7DF,0xDFDF,0xDFDF,0xE7DF,0xDFDF,
  0xDFDF,0xDFDF,0xDFDF,0xDFDF,0xDFDF,0xDFDF,0xDFDF,0xDFDF,0xDFDF,0xDFDF,0xDFDF,0xDFDF,0xDFBF,0xDFBF,0xDFBF,0xDFDF,
  0xDFBF,0xDFBF,0xDFBF,0xDFBF,0xDFBF,0xDFBF,0xDFBF,0xDFBF,0xDFBF,0xDFBF,0xDFBF,0xDFBF,0xDFBF,0xDFBF,0xDF9F,0xDFBF,
  0xDF9F,0xDFBF,0xDF9F,0xDFBF,0xDFBF,0xDFBF,0xDFBF,0xDFBF,0xDF9F,0xDFBF,0xDFBF,0xDFBF,0xDFBF,0xDFBF,0xDFBF,0xDFBF,
  0xDFBF,0xDFBF,0xDFBF,0xDFBF,0xDFBF,0xDFBF,0xDFBF,0xDF9F,0xDF9F,0xDF9F,0xDFBF,0xDFBF,0xDFBF,0xDFBF,0xDFBF,0xDF9F,
  0xDFBF,0xDF9F,0xDF9F,0xDF9F,0xDF9F,0xDFBF,0xDF9F,0xDFBF,0xDF9F,0xDFBF,0xDF9F,0xDFBF,0xDFBF,0xDFBF,0xDFBF,0xDFBF,
  0xDFBF,0xDFBF,0xDFBF,0xDF9F,0xDFBF,0xDF9F,0xDF9F,0xDFBF,0xD79F,0xDFBF,0xDFBF,0xDFBF,0xDFBF,0xDFBF,0xDFBF,0xDFBF,
  0xDFBF,0xDFBF,0xDFBF,0xDFBF,0xDFBF,0xDFBF,0xDFBF,0xDFBF,0xDFBF,0xDFBF,0xDFBF,0xDFBF,0xDFBF,0xDFBF,0xDF9F,0xDFBF,
  0xDF9F,0xDFBF,0xDFBF,0xDFBF,0xDF9F,0xDFBF,0xDFBF,0xDFBF,0xDFBF,0xDFBF,0xDFBF,0xDFBF,0xDFBF,0xDFBF,0xDF9F,0xDFBF,
  0xDFBF,0xDFBF,0xDF9F,0xDFBF,0xDFBF,0xDF9F,0xDFBF,0xDFBF,0xDF9F,0xDF9F,0xDFBF,0xDF9F,0xDFBF,0xDFBF,0xDFBF,0xDFBF,
  0xDFBF,0xDF9F,0xDFBF,0xDFBF,0xDF9F,0xDFBF,0xDFBF,0xDFBF,0xDFBF,0xDFBF,0xDFBF,0xDFBF,0xDF9F,0xDF9F,0xDFBF,0xDF9F,
  0xDFBF,0xDFBF,0xDFBF,0xDF9F,0xDFBF,0xDFBF,0xDFBF,0xDFBF,0xDF9F,0xDFBF,0xDFBF,0xDFBF,0xDFBF,0xDFBF,0xDFBF,0xDFBF,
  0xDFBF,0xDFBF,0xDFBF,0xDFBF,0xDFBF,0xDFBF,0xDFBF,0xDFBF,0xDFBF,0xDFBF,0xDFBF,0xDFBF,0xDFBF,0xDFBF,0xD79E,0xDFBF,
  0xDFBF,0xDFBF,0xDFBF,0xDFBF,0xDFBF,0xDFBF,0xDFBF,0xE7BF,0xE7BF,0xE7BF,0xE7BF,0xE7BF,0xE7BF,0xE7BF,0xE7BF,0xE7BF,
  0xDFBF,0xE7BF,0xE7BF,0xDFBF,0xDFBF,0xDFBF,0xE7BF,0xE7BF,0xE7BF,0xE7BF,0xDFBF,0xDFBF,0xE7BF,0xDFBF,0xDFBF,0xE7BF,
  0xE7BF,0xE7BF,0xDFBF,0xDFBF,0xE7BF,0xDFBF,0xDFBF,0xDFBF,0xDFBF,0xDFBF,0xDFBF,0xE7BF,0xE7DF,0xE7BF,0xDFBF,0xDFBF,
  0xDFBF,0xDFBF,0xE7BF,0xE7DF,0xDFBF,0xE7DF,0xE7BF,0xE7BF,0xDFBF,0xE7DF,0xD6FB,0x52CF,0x2A0E,0x196C,0x320E,0x6B93,
  0x6BF4,0x42B0,0x29ED,0x324F,0x4A8E,0xBE17,0xEFDF,0xF7FF,0xFFFF,0xFFFF,0xF7FF,0xFFFF,0xFFFF,0xFFFF,0xFFFF,0xFFFF,
  0xFFFF,0xFFFF,0xFFFF,0xFFFF,0xFFFF,0xFFFF,0xFFFF,0xFFFF,0xF7FF,0xF7FF,0xFFFF,0xF7FF,0xF7FF,0xF7FF,0xF7FF,0xF7FF,
  0xF7FF,0xF7FF,0xF7FF,0xF7FF,0xF7FF,0xF7FF,0xF7FF,0xF7FF,0xF7FF,0xF7FF,0xF7FF,0xF7FF,0xF7FF,0xF7FF,0xF7FF,0xF7FF,
  0xF7FF,0xF7FF,0xF7FF,0xF7FF,0xF7FF,0xF7FF,0xF7FF,0xF7FF,0xF7FF,0xF7FF,0xF7FF,0xF7FF,0xF7FF,0xF7FF,0xF7FF,0xF7FF,
  0xF7FF,0xF7FF,0xF7FF,0xF7FF,0xF7FF,0xF7FF,0xF7FF,0xF7FF,0xF7FF,0xF7FF,0xEFFF,0xF7FF,0xF7FF,0xF7FF,0xF7FF,0xF7FF,
  0xF7FF,0xF7FF,0xF7FF,0xF7FF,0xF7FF,0xF7FF,0xF7FF,0xFFFF,0xF7FF,0xFFFF,0xFFFF,0xFFFF,0xFFFF,0xFFFF,0xFFFF,0xFFFF,
  0xFFFF,0xFFFF,0xFFFF,0xFFFF,0xFFFF,0xFFFF,0xFFFF,0xFFFF,0xFFFF,0xFFFF,0xFFFF,0xFFFF,0xFFFF,0xFFFF,0xFFFF,0xFFFF,
  0xFFFF,0xFFFF,0xFFFF,0xFFFF,0xFFFF,0xFFFF,0xF7FF,0xF7FF,0xFFFF,0xFFFF,0xF7FF,0xFFFF,0xF7FF,0xF7FF,0xF7FF,0xF7FF,
  0xF7FF,0xF7FF,0xF7FF,0xF7FF,0xF7FF,0xF7FF,0xF7FF,0xF7FF,0xF7FF,0xF7FF,0xF7FF,0xF7FF,0xF7FF,0xF7FF,0xF7FF,0xF7FF,
  0xF7FF,0xF7FF,0xF7FF,0xF7FF,0xF7FF,0xF7FF,0xF7FF,0xF7FF,0xF7FF,0xF7FF,0xF7FF,0xF7FF,0xF7FF,0xF7FF,0xF7FF,0xF7FF,
  0xF7FF,0xF7FF,0xF7FF,0xF7FF,0xF7FF,0xF7FF,0xF7FF,0xF7FF,0xF7FF,0xF7FF,0xF7FF,0xF7FF,0xF7FF,0xF7FF,0xF7FF,0xF7FF,
  0xF7FF,0xF7FF,0xF7FF,0xF7FF,0xF7FF,0xF7FF,0xF7FF,0xF7FF,0xF7FF,0xF7FF,0xF7FF,0xF7FF,0xF7FF,0xF7FF,0xF7FF,0xF7FF,
  0xF7FF,0xEFFF,0xF7FF,0xF7FF,0xF7FF,0xF7FF,0xF7FF,0xF7FF,0xF7FF,0xF7FF,0xF7FF,0xF7FF,0xF7FF,0xF7FF,0xF7FF,0xF7FF,
  0xF7FF,0xF7FF,0xF7FF,0xF7FF,0xF7FF,0xF7FF,0xF7FF,0xF7FF,0xF7FF,0xF7FF,0xEFFF,0xF7FF,0xF7FF,0xF7FF,0xEFFF,0xEFFF,
  0xF7FF,0xF7FF,0xF7FF,0xF7FF,0xF7FF,0xF7FF,0xF7FF,0xEFFF,0xEFFF,0xEFFF,0xEFFF,0xEFFF,0xEFFF,0xEFFF,0xEFFF,0xEFFF,
  0xEFFF,0xEFFF,0xEFFF,0xEFFF,0xEFFF,0xEFFF,0xEFFF,0xEFFF,0xEFFF,0xEFFF,0xEFFF,0xEFFF,0xEFFF,0xEFFF,0xEFFF,0xEFFF,
  0xEFFF,0xEFFF,0xEFFF,0xEFFF,0xEFFF,0xEFFF,0xEFFF,0xE7FF,0xEFFF,0xEFFF,0xEFFF,0xE7FF,0xE7FF,0xEFFF,0xE7FF,0xEFFF,
  0xE7FF,0xEFFF,0xE7FF,0xE7FF,0xE7FF,0xE7FF,0xE7FF,0xE7FF,0xE7FF,0xE7DF,0xE7DF,0xE7FF,0xE7DF,0xE7FF,0xE7FF,0xE7FF,
  0xE7DF,0xDFDF,0xE7DF,0xE7DF,0xDFDF,0xE7DF,0xDFDF,0xE7DF,0xE7DF,0xDFDF,0xDFDF,0xDFBF,0xE7DF,0xDFDF,0xDFDF,0xDFDF,
  0xDFDF,0xDFBF,0xDFDF,0xDFDF,0xDFBF,0xDFBF,0xDFBF,0xDFBF,0xDFBF,0xFFFF,0xB5D7,0x31CB,0x2A2F,0x196C,0x320E,0x6B72,
  0x6BD3,0x42B0,0x29CD,0x320E,0x3A90,0x2169,0x52AC,0x5B2E,0x5B2E,0x5B2E,0x5B2E,0x5B2E,0x634E,0x636F,0x636F,0x636F,
  0x634F,0x5B2E,0x5B2E,0x5B2E,0x634E,0x632E,0x5B0E,0x5B0E,0x634E,0x6B4F,0x6B4F,0x632E,0x632E,0x632E,0x632E,0x632E,
  0x632E,0x634E,0x6B4F,0x634F,0x634F,0x634F,0x632E,0x632F,0x634F,0x5B2E,0x52ED,0x52ED,0x52ED,0x52ED,0x52CC,0x52CD,
  0x52CD,0x52AC,0x52AC,0x52AC,0x4AAD,0x52CD,0x52CD,0x52AD,0x52CD,0x52AC,0x52CD,0x52CD,0x52AC,0x52AC,0x4A8C,0x4A8C,
  0x4AAC,0x52AD,0x52CD,0x52CD,0x52CD,0x52CD,0x52CD,0x5AEE,0x5AED,0x52ED,0x5AED,0x5AEE,0x5B0E,0x630E,0x5B0E,0x634F,
  0x5B0E,0x5B0E,0x5B0E,0x5B2E,0x5B2E,0x634F,0x634F,0x634F,0x636F,0x636F,0x634F,0x634F,0x634F,0x634F,0x634F,0x634F,
  0x632E,0x632E,0x630E,0x6B2E,0x632E,0x632E,0x6B2E,0x6B2E,0x6B2E,0x6B2F,0x6B4F,0x6B4F,0x6B70,0x6B70,0x6B6F,0x738F,
  0x7390,0x73B0,0x7BD0,0x7BB0,0x7BD0,0x7BD0,0x7BD0,0x7BF1,0x7BF1,0x8411,0x8411,0x8412,0x8411,0x7C11,0x8411,0x8431,
  0x8411,0x8432,0x8432,0x8C52,0x8C52,0x8C73,0x8C72,0x8C72,0x8C73,0x94B3,0x8C93,0x9493,0x8C93,0x8C93,0x94B4,0x94B4,
  0x8C93,0x8C93,0x8C94,0x9493,0x8C94,0x9494,0x94B4,0x8C94,0x94B4,0x94B4,0x94D3,0x9CF3,0x9D13,0xA513,0xA533,0xA533,
  0xA533,0xA534,0xA534,0xA554,0xAD76,0xA554,0xA554,0xA554,0xA554,0xA554,0xA554,0xAD54,0xAD74,0xA554,0xAD75,0xA554,
  0xA554,0xA555,0xA554,0xA575,0xA575,0xA575,0xA555,0xA575,0xA575,0xA575,0xAD96,0xA575,0xAD75,0xAD95,0xAD95,0xAD96,
  0xAD95,0xAD95,0xAD95,0xAD95,0xAD96,0xA555,0xAD95,0xAD76,0xAD96,0xAD95,0xAD96,0xAD96,0xADB6,0xA575,0xADB6,0xB5D8,
  0xAD96,0xA575,0xADB6,0xAD96,0xAD96,0xADB6,0xADB6,0xADB6,0xB596,0xB5B7,0xBDF8,0xB5B6,0xB596,0xB5D7,0xC639,0xAD96,
  0xB5B7,0xBDF8,0xB5B7,0xB5B7,0xB5B7,0xBDD8,0xB5B7,0xBDF8,0xB5D7,0xB5B7,0xBDD8,0xBDD8,0xBDF8,0xBDD8,0xBDD8,0xBDD7,
  0xBDD8,0xBDF8,0xBDD8,0xBDF8,0xC618,0xBDF8,0xBDF8,0xBDF8,0xBDF8,0xBDF8,0xC618,0xC638,0xC639,0xCE59,0xD6BA,0xC639,
  0xCE79,0xCE79,0xC679,0xCEBA,0xCE9A,0xCEBA,0xD6BA,0xD6DA,0xCEBA,0xCE9A,0xCEBA,0xCEBA,0xCEBA,0xCE9A,0xCE9A,0xCEBA,
  0xCEBA,0xCEBA,0xCE9A,0xCEBA,0xD6FB,0xD6FB,0xDEFB,0xDF3B,0xDF3B,0xDF3C,0xE75C,0xDF5C,0xE75C,0xE75C,0xDF3C,0xE75C,
  0xE75D,0xE77D,0xE77D,0xE75D,0xE77D,0xEF9D,0xEF9D,0xEFBE,0xEF9D,0xEF9E,0xEFBE,0xF7DE,0xEFBE,0xEFBE,0xF7DE,0xF7BF,
  0xF7DE,0xEFDF,0xF7DF,0xEFDF,0xF7BF,0xF7DF,0xEFDE,0xF7DF,0xEFBE,0xCE38,0x2967,0x3A2E,0x29EE,0x198C,0x29EE,0x6B92,
  0x7C55,0x42B0,0x2A0E,0x322E,0x4290,0x5312,0x42D1,0x42B0,0x3A70,0x4290,0x42B0,0x42B0,0x42B1,0x42B1,0x42B1,0x42B0,
  0x4290,0x4290,0x3A70,0x3A70,0x3A90,0x42B0,0x42B0,0x4290,0x3A90,0x3A70,0x3A70,0x4290,0x4290,0x4290,0x42B0,0x4290,
  0x3A90,0x42B0,0x42B0,0x4290,0x4290,0x4290,0x4290,0x42B0,0x42D1,0x4AF1,0x5332,0x5353,0x5332,0x4B12,0x5B73,0x5B53,
  0x5B53,0x4B12,0x42D1,0x5332,0x5312,0x4B12,0x5313,0x4AD2,0x5333,0x4B12,0x4B12,0x42D1,0x42B1,0x42D2,0x5312,0x4B12,
  0x4AF2,0x42D1,0x42B1,0x3A90,0x3A90,0x3A90,0x3A90,0x3A70,0x3A70,0x3A70,0x3A90,0x3A70,0x3A6F,0x3A6F,0x3A6F,0x324F,
  0x3A4F,0x3A70,0x324F,0x324F,0x324F,0x2A2F,0x2A2F,0x2A0F,0x322F,0x2A0F,0x2A0F,0x2A0F,0x29EF,0x29EF,0x29EF,0x21EF,
  0x21EE,0x21EE,0x21CE,0x21CE,0x29EE,0x21CE,0x21CE,0x21AE,0x21AE,0x21AD,0x21AD,0x21CD,0x21AE,0x21CE,0x21AD,0x21AD,
  0x21AD,0x21AD,0x21AD,0x21AD,0x21CD,0x21CD,0x21CD,0x29CD,0x29CD,0x21CD,0x21AD,0x21AD,0x21AD,0x21AD,0x21CD,0x21AC,
  0x21AD,0x21AD,0x21AC,0x21AC,0x21AC,0x218C,0x218C,0x218C,0x218C,0x218C,0x198C,0x198C,0x218C,0x218C,0x218D,0x218D,
  0x21AD,0x218D,0x218D,0x21AD,0x29AD,0x218D,0x218C,0x218C,0x218C,0x21AD,0x196C,0x196C,0x194C,0x114B,0x194C,0x114B,
  0x114B,0x114B,0x114B,0x112B,0x090B,0x112B,0x112B,0x112B,0x112B,0x112B,0x114B,0x114B,0x196B,0x114B,0x196C,0x196C,
  0x196C,0x198C,0x196C,0x196C,0x112B,0x112B,0x114B,0x114B,0x114B,0x112B,0x112B,0x114C,0x114C,0x196C,0x114B,0x112B,
  0x114B,0x114B,0x114C,0x114B,0x196C,0x196C,0x114B,0x114C,0x114C,0x114C,0x194C,0x114C,0x114C,0x114B,0x114C,0x112C,
  0x112B,0x114B,0x114C,0x114C,0x114B,0x114C,0x114B,0x112B,0x112B,0x110B,0x112C,0x112B,0x090B,0x090B,0x112B,0x090B,
  0x08EB,0x110B,0x110B,0x090B,0x090B,0x10EB,0x090B,0x114C,0x112B,0x110B,0x192B,0x190B,0x192B,0x192B,0x192B,0x192B,
  0x192B,0x192B,0x194B,0x194B,0x194B,0x214B,0x216B,0x216B,0x216B,0x216A,0x216A,0x216B,0x216B,0x218B,0x298C,0x29AC,
  0x29AB,0x218A,0x29CB,0x218B,0x29AB,0x31EB,0x31EC,0x3A0C,0x320C,0x3A2D,0x3A2D,0x31EB,0x3A2C,0x3A4D,0x3A0D,0x31CC,
  0x3A0C,0x3A0C,0x424C,0x426D,0x3A2C,0x3A2C,0x3A4D,0x31EC,0x31CB,0x31EB,0x31EC,0x3A2D,0x31ED,0x3A0D,0x320D,0x320D,
  0x31EC,0x31EC,0x31ED,0x31ED,0x31ED,0x3A0D,0x31ED,0x31ED,0x3A2E,0x3A0D,0x3A4E,0x4A8F,0x3A0D,0x3A0D,0x3A0D,0x3A2D,
  0x3A0D,0x3A2E,0x3A0D,0x3A0D,0x3A0D,0x3A0D,0x424E,0x3A0D,0x31CC,0x194A,0x21AC,0x29EE,0x218D,0x198C,0x29EE,0x5B52,
  0x7414,0x5312,0x4290,0x3A4F,0x3A4F,0x324E,0x322E,0x322E,0x322E,0x3A4E,0x322E,0x322E,0x322E,0x322E,0x322E,0x322E,
  0x322E,0x322E,0x320E,0x2A0E,0x2A0E,0x320E,0x320E,0x322E,0x322E,0x322E,0x3A2E,0x322E,0x322E,0x3A2E,0x322E,0x322E,
  0x322E,0x3A2E,0x322E,0x322E,0x322E,0x320E,0x320E,0x29ED,0x29ED,0x320E,0x29ED,0x29ED,0x29ED,0x29CD,0x21CD,0x21CD,
  0x29ED,0x29ED,0x29ED,0x29CD,0x29CD,0x29ED,0x29ED,0x29ED,0x29ED,0x29ED,0x29ED,0x29ED,0x29ED,0x29ED,0x29CD,0x21CD,
  0x29CD,0x21CD,0x320E,0x322E,0x29ED,0x29ED,0x29ED,0x29ED,0x29ED,0x29EE,0x2A0E,0x2A0E,0x2A0E,0x29EE,0x2A0E,0x2A0E,
  0x2A0E,0x29EE,0x29EE,0x2A0E,0x2A0E,0x2A0E,0x29EE,0x29EE,0x29EE,0x29EE,0x2A0E,0x2A0E,0x2A0E,0x2A0E,0x2A0E,0x2A0E,
  0x2A0E,0x2A0E,0x322E,0x320E,0x322E,0x322E,0x322E,0x2A0E,0x322E,0x322F,0x322E,0x322E,0x322E,0x322E,0x322E,0x322E,
  0x322F,0x322E,0x322E,0x322E,0x322E,0x322E,0x322E,0x2A0E,0x2A0E,0x320E,0x320E,0x2A0E,0x2A0E,0x320E,0x2A0E,0x320E,
  0x2A0E,0x2A0E,0x2A0E,0x2A0E,0x320E,0x322E,0x322F,0x2A0E,0x2A0E,0x2A0E,0x2A0E,0x322E,0x320E,0x320E,0x2A0E,0x322F,
  0x322E,0x322E,0x322F,0x324F,0x322E,0x322E,0x322E,0x322E,0x322F,0x322F,0x322F,0x322F,0x322F,0x322F,0x2A0E,0x2A0E,
  0x322F,0x322F,0x322F,0x324F,0x3A4F,0x3A70,0x322F,0x2A0E,0x322F,0x2A2F,0x2A2F,0x324F,0x324F,0x324F,0x322F,0x324F,
  0x3A90,0x324F,0x2A0F,0x2A0E,0x2A0E,0x2A0E,0x2A0F,0x2A0F,0x2A0E,0x2A0F,0x2A0E,0x2A0E,0x2A0F,0x2A0F,0x322F,0x322F,
  0x2A0F,0x2A0E,0x29EE,0x2A0E,0x322F,0x320F,0x2A0E,0x2A0E,0x2A0E,0x2A0E,0x2A0E,0x2A0E,0x2A0E,0x2A0E,0x29EE,0x29EE,
  0x29EE,0x29EE,0x2A0E,0x29EE,0x29EE,0x29EE,0x29EE,0x29EE,0x29EE,0x29EE,0x29CE,0x29EE,0x29EE,0x29EE,0x29EE,0x29EE,
  0x21EE,0x21CE,0x29EE,0x29EE,0x29EE,0x29EE,0x21CE,0x21EE,0x2A0E,0x21EE,0x21EE,0x21EE,0x21EE,0x21EE,0x21EE,0x21EE,
  0x21EE,0x29EE,0x29EE,0x29EE,0x29EE,0x29EE,0x21EE,0x21EE,0x21EE,0x29EE,0x21EE,0x21CE,0x21CE,0x21CE,0x21CE,0x29EE,
  0x29EE,0x21CE,0x29EE,0x21EE,0x21EE,0x21CE,0x21EE,0x29EE,0x2A0E,0x322F,0x322F,0x2A0E,0x2A2F,0x322F,0x324F,0x322F,
  0x3A70,0x322F,0x3A90,0x42B1,0x3A70,0x3A90,0x42B1,0x322F,0x29EE,0x322F,0x322F,0x3A6F,0x3A70,0x3A90,0x322F,0x322F,
  0x320F,0x320E,0x322F,0x320E,0x320E,0x320E,0x2A0E,0x29EE,0x29EE,0x2A0E,0x320E,0x322F,0x320E,0x21CD,0x21AD,0x21AD,
  0x21AD,0x19AD,0x21AD,0x198D,0x19AD,0x198D,0x198D,0x198D,0x198D,0x21CE,0x21CD,0x218C,0x21AD,0x19AD,0x322F,0x52F1,
  0x63B3,0x5332,0x4AF1,0x42B0,0x42B0,0x42B0,0x42B0,0x42B0,0x42B0,0x42B0,0x42B0,0x42B0,0x42B0,0x42B0,0x42B0,0x42B0,
  0x42B0,0x42B0,0x42B0,0x42B0,0x42B0,0x4290,0x42B0,0x42B0,0x4290,0x42B0,0x4290,0x4290,0x42B0,0x42B0,0x42B0,0x42B0,
  0x42B0,0x42B0,0x4AD1,0x4AD1,0x42B0,0x42B0,0x42B0,0x42B0,0x42B0,0x42B0,0x42B0,0x42B0,0x42B0,0x42B0,0x42B0,0x42B0,
  0x42B0,0x42D0,0x42B0,0x4AD1,0x42D0,0x42B0,0x42B0,0x42B0,0x42B0,0x42D1,0x42B0,0x42B0,0x42B0,0x42B0,0x42B0,0x42B0,
  0x42B0,0x42B0,0x42B0,0x4290,0x42B0,0x42B0,0x42B0,0x42B0,0x42B0,0x42B0,0x42B0,0x42D0,0x4AD1,0x42B0,0x42D0,0x42B0,
  0x42B0,0x42B0,0x42D0,0x42B0,0x42B0,0x42B0,0x42B0,0x42B0,0x42B0,0x42B0,0x42B0,0x42B0,0x42B0,0x42B0,0x42B0,0x42B0,
  0x42B0,0x42B0,0x42B0,0x42B0,0x42B0,0x42B0,0x42B0,0x42B0,0x42B0,0x42B0,0x42B0,0x4290,0x42B0,0x42B0,0x42B0,0x4290,
  0x42B0,0x42B0,0x42B0,0x42B0,0x4290,0x4290,0x4290,0x3A8F,0x4290,0x4290,0x4290,0x4290,0x4290,0x4290,0x4290,0x4290,
  0x4290,0x4290,0x4290,0x4290,0x4290,0x42B0,0x4290,0x4290,0x42B0,0x4290,0x4290,0x42B0,0x4290,0x42B0,0x3A90,0x4290,
  0x4290,0x4290,0x4290,0x4290,0x3A90,0x4290,0x4290,0x4290,0x4290,0x42B0,0x4290,0x4290,0x4290,0x4290,0x3A90,0x4290,
  0x4290,0x42B0,0x42B0,0x42B1,0x42B0,0x4AD1,0x5311,0x4AF1,0x4290,0x4290,0x42B0,0x4AD1,0x42D0,0x42B0,0x42B0,0x3A6F,
  0x3A70,0x4290,0x4290,0x4290,0x4290,0x3A90,0x3A90,0x4290,0x4290,0x3A90,0x3A6F,0x3A90,0x3A90,0x3A90,0x4290,0x42B0,
  0x3A90,0x3A90,0x3A6F,0x3A6F,0x3A70,0x3A90,0x3A70,0x3A6F,0x3A70,0x3A6F,0x3A70,0x3A6F,0x3A6F,0x3A6F,0x3A6F,0x3A4F,
  0x3A4F,0x3A6F,0x3A4F,0x3A4F,0x3A6F,0x3A6F,0x3A6F,0x3A4F,0x3A4F,0x3A4F,0x3A4F,0x3A4F,0x324F,0x3A4F,0x3A4F,0x324F,
  0x324F,0x324F,0x3A4F,0x324F,0x324F,0x3A4F,0x322F,0x322F,0x322F,0x322F,0x322F,0x322F,0x322E,0x322F,0x322F,0x322F,
  0x322F,0x322E,0x322F,0x322E,0x322E,0x322E,0x322E,0x322E,0x322E,0x322E,0x322E,0x320E,0x324F,0x3A4F,0x324F,0x322F,
  0x322F,0x322E,0x322E,0x322E,0x322E,0x2A0E,0x2A0E,0x320E,0x2A0E,0x2A0E,0x320E,0x320E,0x29EE,0x2A0E,0x2A0E,0x320E,
  0x29ED,0x29EE,0x29ED,0x21AD,0x29CD,0x29CD,0x29CD,0x320E,0x320E,0x320E,0x320E,0x29ED,0x29ED,0x29ED,0x29ED,0x320E,
  0x322E,0x320E,0x320E,0x320E,0x29ED,0x320E,0x320E,0x320E,0x2A0E,0x320E,0x320E,0x2A0E,0x31EE,0x2A0E,0x29ED,0x29EE,
  0x2A0E,0x2A0E,0x320E,0x2A0E,0x29EE,0x2A0E,0x2A0E,0x29EE,0x2A0E,0x29EE,0x29EE,0x2A0E,0x2A0E,0x320E,0x42B0,0x4AD0,
  0x7414,0x5332,0x5311,0x5311,0x5311,0x5312,0x5311,0x5331,0x5332,0x5312,0x5312,0x5311,0x5311,0x5312,0x5312,0x5312,
  0x5312,0x5311,0x5311,0x5311,0x5311,0x5311,0x5311,0x5311,0x5311,0x5311,0x5311,0x5311,0x5311,0x5311,0x5311,0x5311,
  0x5311,0x52F1,0x5312,0x5312,0x5311,0x5311,0x5311,0x5311,0x5311,0x5311,0x5311,0x5311,0x5311,0x5311,0x5311,0x5311,
  0x5312,0x5311,0x5311,0x5311,0x5311,0x5311,0x5311,0x5311,0x5311,0x5311,0x5311,0x5312,0x5312,0x5311,0x5311,0x5312,
  0x5312,0x5312,0x5312,0x5312,0x5311,0x5312,0x5312,0x5312,0x5312,0x5311,0x5311,0x5312,0x5311,0x5311,0x5311,0x5311,
  0x4AF1,0x5311,0x5311,0x5311,0x5311,0x5311,0x5311,0x5311,0x5311,0x5311,0x5311,0x5311,0x4AF1,0x5311,0x5311,0x52F1,
  0x4AF1,0x52F1,0x4AF1,0x4AF1,0x4AF1,0x5311,0x4AF1,0x4AF1,0x52F1,0x4AF1,0x4AF1,0x4AF1,0x4AF1,0x4AF1,0x4AF1,0x4AF1,
  0x4B11,0x4AF1,0x4AF1,0x4AF1,0x4AF1,0x4AF1,0x4AF1,0x52F1,0x4AF1,0x4AF1,0x4AF1,0x4AF1,0x4AF1,0x4AF1,0x52F1,0x4B11,
  0x4AF1,0x4AF1,0x5311,0x4AF1,0x4AF1,0x4AF1,0x4AF1,0x5311,0x5311,0x5311,0x4AF1,0x4AF1,0x4AF1,0x6394,0x5311,0x4AF1,
  0x4AF1,0x4AF1,0x4AF1,0x4AD1,0x4AD1,0x4AF1,0x4AF1,0x4AF1,0x4AF1,0x4AF1,0x4AF1,0x4AD1,0x4AF1,0x4AF1,0x4AF1,0x4AF1,
  0x4AF1,0x4AF1,0x4AF1,0x4AD1,0x4AD1,0x4AD1,0x4AD1,0x4AF1,0x4AF1,0x4AF1,0x4AF1,0x4AF1,0x4AF1,0x4AF1,0x4AF1,0x4AF1,
  0x4AF1,0x4AF1,0x4AF1,0x4AF1,0x4AF1,0x4AF1,0x4AF1,0x4AF1,0x4AF1,0x52F1,0x4AF1,0x4AF1,0x5311,0x5311,0x4AF1,0x4AF1,
  0x52F1,0x52F1,0x4AF1,0x4AF1,0x4AF1,0x4AF1,0x4AF1,0x4AF1,0x4AF1,0x4AF1,0x52F1,0x52F1,0x4AF1,0x4AF1,0x4AF1,0x4AF1,
  0x4AF1,0x4AF1,0x4AF1,0x4AF1,0x4AF1,0x4AF1,0x4AF1,0x4AF1,0x4AF1,0x4AF1,0x4AF1,0x4AF1,0x4AF1,0x4AF1,0x4AF1,0x4AF1,
  0x4AF1,0x4AF1,0x4AF1,0x4AF1,0x4AF1,0x4AD1,0x4AF1,0x4AD1,0x4AD1,0x4AD1,0x4AD1,0x4AF1,0x4AF1,0x4AF1,0x4AD1,0x4AD1,
  0x4AD1,0x4AD1,0x4AD1,0x4AD1,0x4AF1,0x4AD1,0x4AD1,0x4AF1,0x4AF1,0x4AF1,0x4AF1,0x4AF1,0x5311,0x5311,0x4AF1,0x4AF1,
  0x4AF1,0x4AF1,0x4AF1,0x4AF1,0x4AF1,0x4AF1,0x4AF1,0x4AF1,0x4AF1,0x4AF1,0x4AF1,0x4AF1,0x4AF1,0x4AD1,0x4AF1,0x5311,
  0x4AF1,0x4AF1,0x4AF1,0x4AF1,0x4AF1,0x4AF1,0x4AF1,0x4AD0,0x4AD1,0x4AD1,0x4AD1,0x4AD1,0x4AF1,0x4AD1,0x4AD0,0x4AF1,
  0x4AD0,0x42B0,0x4AD1,0x4AF1,0x4AD1,0x4AD1,0x4AD1,0x4AD1,0x4AD1,0x4AD1,0x4AD1,0x4AD1,0x4AD1,0x4AD0,0x4AD1,0x4AD1,
  0x4AD1,0x4AD0,0x4AD1,0x4AD1,0x4AD0,0x4AD1,0x4AD1,0x4AD1,0x4AD1,0x4AD1,0x4AD0,0x4AD0,0x42B0,0x42B0,0x4AD1,0x5B31,
  0x7C35,0x5332,0x5311,0x5311,0x5311,0x5312,0x5332,0x5332,0x5332,0x5332,0x5332,0x5331,0x5331,0x5311,0x5311,0x5311,
  0x5312,0x5332,0x5311,0x5311,0x5311,0x5311,0x5311,0x5311,0x5311,0x5312,0x5311,0x5311,0x5311,0x5311,0x5311,0x5311,
  0x5311,0x5311,0x5311,0x5311,0x5311,0x5311,0x5311,0x5311,0x5311,0x5311,0x5311,0x5311,0x5311,0x5311,0x5311,0x5311,
  0x5311,0x5311,0x5311,0x5311,0x5311,0x5311,0x5311,0x5311,0x5311,0x5311,0x5311,0x5311,0x5312,0x5312,0x5311,0x5311,
  0x5311,0x5311,0x5311,0x5311,0x4B11,0x5311,0x5311,0x5311,0x5311,0x5311,0x5311,0x5311,0x5311,0x5311,0x5311,0x5311,
  0x4AF1,0x52F1,0x5311,0x5311,0x52F1,0x52F1,0x4AF1,0x52F1,0x4AF1,0x52F1,0x52F1,0x5311,0x4AF1,0x4AF1,0x4AF1,0x4AF1,
  0x4AF1,0x4AF1,0x4AF1,0x4AF1,0x4AF1,0x4AF1,0x4AF1,0x4AF1,0x4AF1,0x4AF1,0x4AF1,0x4AF1,0x4AF1,0x4AF1,0x4AF1,0x4AF1,
  0x4AF1,0x4AF1,0x4AF1,0x4AF1,0x4AF1,0x4AF1,0x4AF1,0x4AF1,0x4AF1,0x4AF1,0x4AF1,0x4AF1,0x4AF1,0x4AF1,0x4AF1,0x4AF1,
  0x4AF1,0x4AF1,0x4AF1,0x4AF1,0x4AF1,0x4AF1,0x4AF1,0x4AF1,0x4AF1,0x4AF1,0x4AF1,0x4AF1,0x4AF1,0x4AF1,0x4AF1,0x4AF1,
  0x4AF1,0x4AF1,0x4AF1,0x4AD1,0x4AF1,0x4AF1,0x4AF1,0x4AF1,0x4AF1,0x4AF1,0x4AF1,0x4AF1,0x4AF1,0x4AF1,0x4AF1,0x4AF1,
  0x4AF1,0x4AF1,0x4AF1,0x4AF1,0x4AF1,0x4AF1,0x4AF1,0x4AF1,0x4AF1,0x4AF1,0x4AF1,0x4AF1,0x4AF1,0x4AF1,0x4AF1,0x4AF1,
  0x4AF1,0x4AF1,0x4AF1,0x4AF1,0x4AF1,0x4AF1,0x4AF1,0x4AF1,0x4AF1,0x4AF1,0x4AF1,0x4AF1,0x4AF1,0x4AF1,0x4AF1,0x4AF1,
  0x4AF1,0x4AF1,0x4AF1,0x4AF1,0x4AF1,0x4AF1,0x4AF1,0x4AF1,0x4AF1,0x4AF1,0x4AF1,0x4AF1,0x4AF1,0x5312,0x5311,0x4AF1,
  0x4AF1,0x4AF1,0x4AF1,0x4AF1,0x4AF1,0x4AF1,0x4AF1,0x4AF1,0x4AF1,0x4AD1,0x4AD1,0x4AD1,0x4AD1,0x4AD1,0x4AF1,0x4AD1,
  0x4AD1,0x4AD1,0x4AD1,0x4AD1,0x4AD1,0x4AD1,0x4AD1,0x4AD1,0x4AD1,0x4AD1,0x4AD1,0x4AD1,0x4AD1,0x4AD1,0x4AD1,0x4AD1,
  0x4AD1,0x4AD1,0x4AD1,0x4AD1,0x4AD1,0x4AD1,0x4AD0,0x4AD1,0x4AD1,0x4AD1,0x4AD1,0x4AD1,0x4AD1,0x4AD1,0x4AF1,0x4AF1,
  0x4AF1,0x4AD1,0x4AD1,0x4AD1,0x4AD1,0x4AD1,0x4AD1,0x4AD1,0x4AD1,0x4AD1,0x4AD1,0x4AD1,0x4AD1,0x4AD1,0x4AD1,0x4AD1,
  0x4AD1,0x4AD1,0x4AD1,0x4AD1,0x4AD1,0x4AD1,0x4AD1,0x4AD1,0x4AD1,0x4AD1,0x4AD1,0x4AD1,0x4AD1,0x4AD1,0x4AD1,0x4AD1,
  0x4AD0,0x42B0,0x4AD1,0x4AD1,0x4AD1,0x4AD1,0x4AD1,0x4AD1,0x4AD1,0x4AD1,0x4AD1,0x4AD1,0x4AD1,0x4AD1,0x4AD1,0x4AD1,
  0x4AD1,0x4AD1,0x4AF1,0x4AD1,0x4AD1,0x4AD1,0x4AD1,0x4AF1,0x4AD1,0x4AD1,0x4AD1,0x4AD1,0x4AD1,0x4AD1,0x4AF1,0x5B52,
  0x7414,0x5332,0x5311,0x5311,0x5311,0x5311,0x5311,0x5331,0x5331,0x5331,0x5332,0x5331,0x5311,0x5311,0x5311,0x5311,
  0x5332,0x5311,0x5311,0x5312,0x5312,0x5312,0x5311,0x5311,0x5332,0x5311,0x5311,0x5331,0x5311,0x5311,0x5311,0x5311,
  0x5311,0x5331,0x5311,0x5311,0x5311,0x5311,0x5311,0x5311,0x5311,0x5311,0x5311,0x5311,0x5311,0x5311,0x5311,0x5311,
  0x5311,0x5312,0x5312,0x5312,0x5312,0x5312,0x5312,0x5311,0x5312,0x5312,0x5311,0x5311,0x5311,0x5311,0x5311,0x5311,
  0x5312,0x5311,0x5311,0x5312,0x5311,0x5311,0x5311,0x5311,0x5311,0x5311,0x5311,0x5311,0x5311,0x5311,0x5311,0x5311,
  0x5311,0x5311,0x5311,0x5311,0x5311,0x5311,0x5311,0x5311,0x52F1,0x5311,0x5311,0x5311,0x5311,0x52F1,0x4AF1,0x4AF1,
  0x4AF1,0x4AF1,0x4AF1,0x52F1,0x52F1,0x4AF1,0x4AF1,0x52F1,0x52F1,0x4AF1,0x4AF1,0x4AF1,0x4AF1,0x4AF1,0x4AF1,0x4AF1,
  0x4AF1,0x4AF1,0x4AF1,0x4AF1,0x4AF1,0x4AF1,0x4AD1,0x4AD1,0x4AD1,0x4AD1,0x4AF1,0x4AF1,0x4AF1,0x4AD1,0x4AD1,0x4AD1,
  0x4AD1,0x4AF1,0x4AF1,0x4AF1,0x4AD1,0x4AD1,0x4AF1,0x4AF1,0x4AF1,0x4AD1,0x4AF1,0x4AF1,0x4AD1,0x4AF1,0x4AF1,0x4AD1,
  0x5B53,0x5B32,0x4AD1,0x4AD1,0x4AD1,0x4AF1,0x4AF1,0x4AF1,0x4AF1,0x4AF1,0x4AF1,0x4AF1,0x4AF1,0x4AF1,0x4AD1,0x4AD1,
  0x4AF1,0x4AF1,0x4AD1,0x4AD1,0x4AD1,0x4AD1,0x4AD1,0x4AD1,0x4AF1,0x4AD1,0x4AD1,0x4AD1,0x4AD1,0x4AD1,0x4AD1,0x4AD1,
  0x4AD1,0x4AD1,0x4AF1,0x4AD1,0x4AD1,0x4AD1,0x4AD1,0x4AD1,0x4AD1,0x4AD1,0x4AD1,0x4AD1,0x4AF1,0x4AF1,0x4AF1,0x4AF1,
  0x4AD1,0x4AD1,0x4AD1,0x4AF1,0x4AF1,0x4AF1,0x4AF1,0x4AF1,0x4AF1,0x4AF1,0x4AD1,0x4AF1,0x4AD1,0x5B73,0x5B52,0x4AD1,
  0x4AF1,0x4AD1,0x4AF1,0x4AF1,0x4AD1,0x4AD1,0x4AF1,0x4AD1,0x4AF1,0x4AF1,0x4AF1,0x4AF1,0x4AF1,0x4AD1,0x4AF1,0x4AF1,
  0x4AD1,0x4AF1,0x4AF1,0x4AD1,0x4AF1,0x4AF1,0x4AD1,0x4AD1,0x4AF1,0x4AF1,0x4AD1,0x4AD1,0x4AD1,0x4AD1,0x4AD1,0x4AD1,
  0x4AD1,0x4AD1,0x4AD1,0x4AD1,0x4AD1,0x4AD0,0x4AD1,0x4AD1,0x4AD1,0x4AD1,0x4AD1,0x4AD1,0x4AD1,0x4AD1,0x4AF1,0x4AF1,
  0x4AF1,0x4AF1,0x4AD1,0x4AD1,0x4AD1,0x4AF1,0x4AF1,0x4AF1,0x4AD1,0x4AD1,0x4AD1,0x4AF1,0x4AD1,0x4AD1,0x4AD1,0x4AD1,
  0x4AD1,0x4AD1,0x4AD1,0x4AD1,0x4AD1,0x4AD1,0x4AD1,0x4AD1,0x4AD1,0x4AD1,0x4AD1,0x4AD1,0x4AD1,0x4AD1,0x4AD1,0x4AD1,
  0x4AD1,0x4AD1,0x4AD1,0x4AD1,0x4AD1,0x4AF1,0x4AD1,0x4AD1,0x4AF1,0x4AF1,0x4AF1,0x4AF1,0x4AF1,0x4AF1,0x4AF1,0x4AF1,
  0x4AF1,0x4AF1,0x4AF1,0x4AD1,0x42B0,0x4AD1,0x4AF1,0x4AF1,0x4AF1,0x4AD1,0x4AF1,0x4AD1,0x4AD1,0x4AD1,0x4AF1,0x6373,
  0x7C55,0x5332,0x5332,0x5332,0x5311,0x5311,0x5311,0x5311,0x5311,0x5311,0x5311,0x5311,0x5311,0x5311,0x5311,0x5311,
  0x5311,0x5311,0x5311,0x5311,0x5311,0x5311,0x5311,0x5311,0x5311,0x5311,0x5311,0x5311,0x5311,0x5311,0x5311,0x5311,
  0x5311,0x5311,0x5311,0x5311,0x5311,0x5311,0x5311,0x5311,0x5311,0x5311,0x5311,0x5311,0x5311,0x5311,0x5311,0x5311,
  0x52F1,0x5311,0x5311,0x5312,0x5311,0x5311,0x5311,0x5311,0x5311,0x5311,0x5311,0x5311,0x5311,0x5311,0x5311,0x5311,
  0x5311,0x5311,0x5311,0x5311,0x5311,0x5311,0x5311,0x5311,0x5311,0x4B11,0x5311,0x5311,0x5311,0x5311,0x5311,0x5311,
  0x4B11,0x5311,0x4B11,0x52F1,0x4AF1,0x52F1,0x5311,0x4AF1,0x4AF1,0x4AF1,0x4AF1,0x4AF1,0x4AF1,0x4AF1,0x4AF1,0x4AF1,
  0x4AF1,0x4AF1,0x4AF1,0x4AF1,0x4AF1,0x4AF1,0x4AF1,0x4AF1,0x4AF1,0x4AF1,0x4AF1,0x4AF1,0x4AF1,0x4AF1,0x4AF1,0x4AF1,
  0x4AF1,0x4AF1,0x4AF1,0x4AF1,0x4AF1,0x4AF1,0x4AD1,0x4AD0,0x4AD1,0x4B11,0x4AD1,0x4AF1,0x4AF1,0x4AD1,0x4AD1,0x4AD1,
  0x4AD1,0x4AD0,0x4AD1,0x4AD1,0x4AD1,0x4AD1,0x4AD1,0x4AF1,0x4AF1,0x4AD1,0x4AD1,0x4AD1,0x4AD1,0x4AD1,0x4AF1,0x4AD1,
  0x4AF1,0x4AD1,0x4AD1,0x4AD1,0x4AD1,0x4AD1,0x4AD1,0x4AF1,0x4AF1,0x4AF1,0x4AD1,0x4AD1,0x4AF1,0x4AF1,0x4AD1,0x4AD1,
  0x4AD1,0x4AF1,0x4AD1,0x4AD1,0x4AD1,0x4AD1,0x4AD1,0x4AF1,0x4AD1,0x4AD1,0x4AD1,0x4AD1,0x4AD1,0x4AD1,0x4AD1,0x4AD1,
  0x4AD1,0x4AD1,0x4AD1,0x4AD1,0x4AD1,0x4AD1,0x4AD1,0x4AD1,0x4AD1,0x4AD1,0x4AD1,0x4AD1,0x4AD1,0x4AD1,0x4AD1,0x4AD1,
  0x4AD1,0x4AD1,0x4AD1,0x4AD1,0x4AD1,0x4AD1,0x4AD1,0x4AD1,0x4AD1,0x4AD1,0x4AF1,0x4AF1,0x4AF1,0x4AD0,0x4AD1,0x4AF1,
  0x4AD1,0x4AD1,0x4AD1,0x4AD1,0x4AD1,0x4AD0,0x4AD0,0x4AD1,0x4AD1,0x4AD1,0x4AD1,0x4AD1,0x4AD0,0x4AD1,0x4AD1,0x4AD0,
  0x4AD1,0x4AD1,0x4AD1,0x4AD1,0x4AD1,0x4AD1,0x4AD1,0x4AF1,0x4AD1,0x4AD1,0x4AD1,0x4AD0,0x4AD0,0x4AD0,0x4AD1,0x4AD1,
  0x4AD1,0x4AD0,0x4AD0,0x4AD0,0x4AD0,0x4AD0,0x4AD1,0x4AF1,0x4AD1,0x42B0,0x4AD0,0x4AD1,0x4AD1,0x4AD1,0x4AD1,0x4AD1,
  0x4AD1,0x4AD1,0x4AD1,0x4AF1,0x4AF1,0x4AD0,0x4AD1,0x4AD0,0x4AD1,0x4AD0,0x4AD0,0x4AD1,0x4AD0,0x4AD0,0x4AD0,0x4AD0,
  0x4AD1,0x4AD0,0x4AD0,0x4AD0,0x4AD1,0x4AD0,0x4AD0,0x4AD0,0x4AD1,0x4AD0,0x4AD0,0x4AD1,0x4AD1,0x4AD1,0x4AD0,0x4AD1,
  0x4AD1,0x4AD1,0x4AD1,0x4AD1,0x4AD1,0x4AD1,0x4AD1,0x4AD1,0x4AD1,0x4AD1,0x4AD1,0x4AD1,0x4AD1,0x4AD1,0x4AD1,0x4AD1,
  0x4AD1,0x4AF1,0x4AD1,0x42B0,0x4290,0x4AD0,0x4AD1,0x4AD1,0x4AD1,0x4AD1,0x4AD1,0x4AD1,0x4AD1,0x4AD1,0x52F1,0x6352,
  0x8CB6,0x5332,0x4AF1,0x4AF1,0x4AF1,0x4AF1,0x4AF1,0x4AF1,0x4AF1,0x4AF1,0x4AF1,0x5311,0x4AF1,0x4AF1,0x52F1,0x4AF1,
  0x52F1,0x5311,0x4AF1,0x52F1,0x5311,0x52F1,0x5311,0x52F1,0x4AF1,0x5311,0x5311,0x4AF1,0x4AF1,0x4AF1,0x4AF1,0x4AF1,
  0x4AF1,0x4AF1,0x4AF1,0x52F1,0x4AF1,0x4AF1,0x4AF1,0x4AF1,0x4AF1,0x52F1,0x5311,0x5312,0x4AF1,0x4AF1,0x4AF1,0x4AF1,
  0x5332,0x5311,0x52F1,0x4AF1,0x5311,0x4AF1,0x4AF1,0x4AF1,0x5B52,0x5B52,0x4AF1,0x5311,0x5311,0x5311,0x5311,0x4AF1,
  0x5311,0x5311,0x52F1,0x5311,0x52F1,0x5311,0x5311,0x5311,0x4AF1,0x4AF1,0x4AF1,0x4AF1,0x4AF1,0x4AF1,0x4AF1,0x4AF1,
  0x4AF1,0x4AF1,0x4AF1,0x4AF1,0x4AF1,0x4AF1,0x4AF1,0x4AF1,0x4AF1,0x4AF1,0x4AF1,0x4AF1,0x4AD1,0x4AD1,0x4AF1,0x4AD1,
  0x4AD1,0x4AF1,0x4AF1,0x4AD1,0x4AF1,0x4AD1,0x4AD1,0x4AD1,0x4AF1,0x4AD1,0x4AD1,0x4AD1,0x4AD1,0x4AD1,0x4AD1,0x4AD1,
  0x4AD1,0x4AD1,0x4AD1,0x4AD1,0x4AD0,0x4AD1,0x4AD1,0x4AD1,0x4AD1,0x4AF1,0x4AD1,0x4AD1,0x4AD1,0x4AD1,0x4AD1,0x42B1,
  0x42B1,0x4AD1,0x42B0,0x42B0,0x4AB1,0x4AD1,0x4AD1,0x4AD1,0x4AB1,0x4AD1,0x4AD1,0x4AD1,0x4AB0,0x4AD1,0x42B0,0x4AD0,
  0x4AD1,0x4AD1,0x4AD1,0x42B0,0x4AD0,0x4AD1,0x4AD1,0x4AD1,0x4AD1,0x4AD1,0x4AD1,0x4AD1,0x4AD1,0x4AD1,0x4AD1,0x4AD1,
  0x4AD1,0x4AD1,0x4AD1,0x4AD1,0x4AD1,0x4AD0,0x4AD1,0x4AF1,0x4AD1,0x4AD1,0x4AD1,0x4AD1,0x4AD1,0x4AD1,0x4AD1,0x4AD1,
  0x4AD1,0x4AD1,0x4AD1,0x4AD1,0x4AD1,0x4AD1,0x4AD1,0x4AD1,0x4AF1,0x4AF1,0x4AD1,0x4AD1,0x4AD1,0x4AF1,0x4AF1,0x4AD1,
  0x4AF1,0x4AF1,0x4AF1,0x4AF1,0x4AF1,0x4AF1,0x4AF1,0x4AF1,0x4AF1,0x4AF1,0x4AF1,0x4AF1,0x4AF1,0x4AF1,0x4AF1,0x4AF1,
  0x4AF1,0x4AF1,0x5311,0x4AF1,0x4AF1,0x4AF1,0x4AF1,0x4AF1,0x4AF1,0x4AF1,0x4AF1,0x4AF1,0x4AF1,0x4AF1,0x4AF1,0x4AF1,
  0x4AF1,0x4AD1,0x4AF1,0x4AF1,0x4AD1,0x4AD1,0x4AF1,0x5312,0x4AD1,0x4AD1,0x4AF1,0x4AD1,0x4AD1,0x4AD1,0x4AF1,0x4AD1,
  0x4AD1,0x4AD1,0x4AD1,0x4AD1,0x4AD0,0x4AD1,0x4AD1,0x5312,0x4AF1,0x42B0,0x4AD0,0x4AD0,0x42B0,0x4AD0,0x4AD1,0x4AD0,
  0x4AD0,0x5332,0x5332,0x5B52,0x5332,0x42B0,0x4AD0,0x42B0,0x42B0,0x42B0,0x4AD0,0x4AB0,0x42B0,0x4AD0,0x4AD0,0x4AD1,
  0x4AD0,0x4AD1,0x4AD1,0x4AD1,0x4AF1,0x4AB0,0x42B0,0x42B0,0x4AF1,0x5312,0x42B0,0x4AD0,0x4AD1,0x4AF1,0x4AD1,0x4AF1,
  0x5311,0x4AD0,0x4AD0,0x4AD1,0x4AD1,0x4AD0,0x4AD1,0x4AD0,0x4AD0,0x4AD0,0x4AD0,0x4AD0,0x4AD0,0x4AD0,0x4AD0,0x4AD0,
  0x4AD0,0x4AD1,0x42D0,0x42B0,0x428F,0x4AD0,0x4AD0,0x4AD0,0x4AD0,0x4AD0,0x4AD0,0x4AD1,0x4AF1,0x4AF1,0x5311,0x6393,
};
const HdImage img_parachute_background = { 0, 24, 320, 191, img_parachute_background_data };

const HdImage* const hd_paraA[7] = { &img_A_1, &img_A_2, &img_A_3, &img_A_4, &img_A_5, &img_A_6, &img_A_7 };
const HdImage* const hd_paraB[6] = { &img_B_1, &img_B_2, &img_B_3, &img_B_4, &img_B_5, &img_B_6 };
const HdImage* const hd_paraC[5] = { &img_C_1, &img_C_2, &img_C_3, &img_C_4, &img_C_5 };
const HdImage* const hd_water[3] = { &img_A_Water, &img_B_Water, &img_C_Water };
const HdImage* const hd_dead[3] = { &img_Dead_1, &img_Dead_2, &img_Dead_3 };
const HdImage* const hd_shark[5] = { &img_Shark_1, &img_Shark_2, &img_Shark_3, &img_Shark_4, &img_Shark_5 };
const HdImage* const hd_life[3] = { &img_Life_1, &img_Life_2, &img_Life_3 };
const HdImage* const hd_boat[3] = { &img_P_A, &img_P_B, &img_P_C };
