#include "icons.h"

const uint16_t PARACHUTE_ICON[9216] = {
  0x218B,0x218B,0x218B,0x218B,0x218B,0x218B,0x218B,0x218B,0x196B,0x196B,0x196B,0x196B,0x196B,0x196B,0x196A,0x196B,
  0x196A,0x196A,0x194A,0x196A,0x196A,0x196A,0x196B,0x198B,0x196B,0x218B,0x196B,0x196B,0x198B,0x198B,0x218B,0x198B,
  0x218B,0x218B,0x198B,0x218B,0x198B,0x218B,0x198B,0x198B,0x196B,0x196B,0x198B,0x198B,0x198B,0x196B,0x196B,0x196B,
  0x196B,0x196B,0x196B,0x196B,0x116B,0x196B,0x198B,0x198B,0x196B,0x196B,0x196B,0x196B,0x196B,0x196B,0x196B,0x196B,
  0x196B,0x196B,0x196B,0x196B,0x196B,0x196B,0x196B,0x196B,0x196B,0x196B,0x196B,0x196B,0x196B,0x196B,0x196A,0x196B,
  0x196B,0x196B,0x196A,0x196B,0x196A,0x196A,0x196A,0x196A,0x196A,0x196A,0x196A,0x196B,0x196A,0x196A,0x196A,0x196A,
  0x21AC,0x21AC,0x21AC,0x21AC,0x21AC,0x21AC,0x21AC,0x21AC,0x21AC,0x21AC,0x21AC,0x21AC,0x198C,0x198C,0x198C,0x198C,
  0x198C,0x198C,0x198C,0x198C,0x198C,0x218C,0x21AC,0x21AC,0x21AC,0x29ED,0x21AC,0x21AC,0x21AC,0x21AC,0x21CD,0x21CD,
  0x21CD,0x21CD,0x21CD,0x21CD,0x21CD,0x21CD,0x21CD,0x21CD,0x21CD,0x21CD,0x21CD,0x21CD,0x21CD,0x21CD,0x21CD,0x21CE,
  0x21EE,0x21CE,0x21EE,0x21EE,0x21CE,0x21EE,0x21EE,0x21EE,0x21EE,0x21EE,0x21EE,0x21EE,0x21EE,0x21EE,0x21EE,0x21EE,
  0x21EE,0x21EE,0x21EE,0x21CE,0x21CE,0x21CD,0x21ED,0x21CD,0x21ED,0x29EE,0x21CD,0x21CD,0x21CD,0x21CD,0x21CD,0x21CC,
  0x21CD,0x21CD,0x21CD,0x21AC,0x21CC,0x21CC,0x21CD,0x21CD,0x21CD,0x21CD,0x21CC,0x21AC,0x21CD,0x21AC,0x21AC,0x21CC,
  0x198C,0x198B,0x198C,0x218C,0x198C,0x198C,0x198C,0x198B,0x198B,0x198B,0x198B,0x196B,0x196B,0x196B,0x196B,0x196B,
  0x196B,0x196B,0x196B,0x196B,0x196B,0x196B,0x198C,0x198B,0x198B,0x198B,0x198C,0x198C,0x198C,0x198C,0x218C,0x21AC,
  0x21AC,0x21AC,0x21AC,0x21AC,0x21AC,0x21AC,0x19AC,0x21AC,0x21AD,0x21AD,0x19AD,0x21CD,0x21AD,0x19AD,0x19AD,0x19AD,
  0x19AD,0x21CD,0x21CD,0x21CD,0x21CD,0x21CD,0x21EE,0x21CD,0x21CD,0x21CD,0x21CD,0x21CD,0x21CD,0x19CD,0x21CD,0x21CD,
  0x19CD,0x19CD,0x19CD,0x19CD,0x19AD,0x19AD,0x21AD,0x21AD,0x21AD,0x21AC,0x19AC,0x19AC,0x19AC,0x198C,0x198C,0x198C,
  0x218C,0x198C,0x198C,0x198C,0x198C,0x198C,0x218C,0x218C,0x198C,0x198C,0x198C,0x198C,0x198C,0x198C,0x198C,0x198C,
  0x324F,0x324F,0x322F,0x322F,0x322F,0x324F,0x322E,0x320E,0x322E,0x2A0E,0x2A0E,0x2A0E,0x2A0E,0x2A0E,0x2A0E,0x2A0E,
  0x29EE,0x29EE,0x29EE,0x29EE,0x29EE,0x29EE,0x29EE,0x29EE,0x29EE,0x29EE,0x29EE,0x29EE,0x2A0E,0x2A0E,0x29ED,0x29ED,
  0x29EE,0x2A0E,0x29EE,0x29ED,0x29ED,0x29EE,0x29EE,0x29ED,0x21EE,0x2A0E,0x2A0E,0x2A0E,0x220E,0x220E,0x21EE,0x2A0E,
  0x2A0E,0x2A0E,0x2A0E,0x2A0E,0x2A0E,0x2A0E,0x2A0F,0x2A0E,0x2A0E,0x2A0E,0x2A0E,0x2A0E,0x2A0E,0x2A0E,0x2A0E,0x2A0F,
  0x2A0E,0x2A0F,0x2A0F,0x2A0F,0x2A0E,0x2A0E,0x2A0E,0x2A0E,0x29EE,0x29EE,0x29EE,0x2A0E,0x2A0E,0x2A0E,0x29EE,0x2A0E,
  0x2A0E,0x2A0E,0x29EE,0x29EE,0x29EE,0x29EE,0x29EE,0x2A0E,0x2A0E,0x2A0E,0x2A0E,0x2A0E,0x2A0E,0x2A0E,0x2A0E,0x2A0E,
  0x320E,0x320E,0x320E,0x320E,0x320E,0x322E,0x320E,0x29EE,0x29ED,0x29EE,0x29EE,0x29ED,0x29CD,0x29ED,0x29EE,0x29EE,
  0x29EE,0x29EE,0x29EE,0x29EE,0x29EE,0x29EE,0x29EE,0x29EE,0x29EE,0x29EE,0x29EE,0x29EE,0x29EE,0x29EE,0x29EE,0x29EE,
  0x29EE,0x2A0E,0x29EE,0x29EE,0x29EE,0x29EE,0x29EE,0x29EE,0x2A0E,0x29EE,0x29EE,0x29EE,0x21CD,0x21CD,0x21CD,0x21CD,
  0x21CD,0x21AD,0x21CD,0x21CD,0x21AD,0x21CD,0x21CD,0x21CD,0x21CD,0x21CD,0x21CD,0x21CD,0x21CD,0x21CD,0x21AD,0x21AD,
  0x21AD,0x21CD,0x21AD,0x21AD,0x21CD,0x21CD,0x21CD,0x21CD,0x21AD,0x21AD,0x21CD,0x21AD,0x21AD,0x21CD,0x21AD,0x21AD,
  0x21AD,0x21AD,0x21AD,0x21AD,0x21AD,0x21AD,0x21CD,0x21AD,0x21AD,0x21AD,0x21CD,0x21AD,0x21AD,0x21AD,0x21AD,0x21AD,
  0xB619,0xB619,0xB618,0xB618,0xB619,0xB619,0xB619,0xB619,0xB619,0xB619,0xB619,0xB639,0xB619,0xB619,0xB619,0xB619,
  0xBE39,0xBE39,0xB619,0xBE19,0xB619,0xB619,0xBE19,0xB619,0xB619,0xB619,0xB619,0xB619,0xBE19,0xBE19,0xBE19,0xBE19,
  0xBE19,0xBE19,0xBE39,0xB619,0xB639,0xB619,0xB619,0xB619,0xB619,0xB619,0xB619,0xB619,0xB5F8,0xB5F8,0xB5F8,0xADF8,
  0xADD8,0xADD8,0xADB8,0xADB8,0xADB7,0xADD8,0xADB8,0xA5B7,0xA5B7,0xA5B7,0xA597,0x9D97,0xA577,0x9D77,0x9D76,0x9D76,
  0x9D56,0xA576,0x9D56,0x9D56,0x9D56,0x9D36,0x9535,0x9515,0x9515,0x9D15,0x9515,0x9515,0x9514,0x9515,0x94F4,0x94F4,
  0x94F4,0x94F4,0x94F4,0x94F4,0x94F4,0x94D4,0x94F5,0x94F5,0x94D4,0x8CD4,0x94F5,0x8CB4,0x84B3,0x84B4,0x8493,0x8493,
  0xF7FF,0xF7FF,0xEFFF,0xF7FF,0xF7FF,0xF7FF,0xF7FF,0xF7FF,0xF7FF,0xF7FF,0xF7FF,0xF7FF,0xF7FF,0xF7FF,0xF7FF,0xF7FF,
  0xF7FF,0xF7FF,0xF7FF,0xF7FF,0xF7FF,0xF7FF,0xF7FF,0xF7FF,0xEFFF,0xEFFF,0xEFFF,0xF7FF,0xEFFF,0xEFFF,0xEFFF,0xEFFF,
  0xEFFF,0xEFFF,0xEFFF,0xF7FF,0xEFFF,0xF7FF,0xF7FF,0xF7FF,0xEFFF,0xEFFF,0xEFFF,0xEFFF,0xEFFF,0xEFFF,0xF7FF,0xF7FF,
  0xF7FF,0xF7FF,0xF7FF,0xF7FF,0xF7FF,0xF7FF,0xF7FF,0xF7FF,0xF7FF,0xF7FF,0xF7FF,0xF7FF,0xF7FF,0xF7FF,0xF7FF,0xF7FF,
  0xF7FF,0xF7FF,0xF7FF,0xF7FF,0xF7FF,0xF7FF,0xF7FF,0xF7FF,0xF7FF,0xF7FF,0xF7FF,0xF7FF,0xF7FF,0xF7FF,0xF7FF,0xF7FF,
  0xF7FF,0xF7FF,0xF7FF,0xF7FF,0xF7FF,0xE7DF,0xE7FF,0xF7FF,0xF7FF,0xF7FF,0xF7FF,0xF7FF,0xF7FF,0xF7FF,0xF7FF,0xF7FF,
  0xE7DF,0xE7DF,0xE7DF,0xE7DF,0xE7DF,0xE7DF,0xE7DF,0xE7DF,0xE7DF,0xE7DF,0xE7DF,0xE7BF,0xE7DF,0xE7DF,0xE7DF,0xE7DF,
  0xE7DF,0xE7DF,0xE7DF,0xE7DF,0xE7DF,0xE7DF,0xE7DF,0xE7DF,0xE7DF,0xE7BF,0xE7DF,0xE7DF,0xE7DF,0xE7DF,0xE7DF,0xE7DF,
  0xE7DF,0xE7DF,0xE7BF,0xE7DF,0xE7DF,0xE7DF,0xE7DF,0xDFBF,0xE7BF,0xE7DF,0xE7DF,0xE7BF,0xE7DF,0xE7DF,0xE7BF,0xE7DF,
  0xE7DF,0xE7DF,0xE7DF,0xE7DF,0xE7DF,0xE7BF,0xE7DF,0xE7DF,0xE7BF,0xE7BF,0xE7BF,0xE7BF,0xE7BF,0xE7DF,0xE7DF,0xE7DF,
  0xE7DF,0xE7DF,0xE7DF,0xE7DF,0xE7BF,0xE7DF,0xE7DF,0xE7DF,0xE7BF,0xE7DF,0xE7DF,0xE7DF,0xE7DF,0xE7DF,0xE7DF,0xE7DF,
  0xE7BF,0xE7DF,0xE7DF,0xE7DF,0xE7DF,0xDF9E,0xDF9E,0xE7DF,0xE7BF,0xE7BF,0xE7DF,0xE7DF,0xE7DF,0xE7BF,0xE7DF,0xE7DF,
  0xE7DF,0xE7DF,0xE7DF,0xE7DF,0xE7DF,0xE7DF,0xE7DF,0xE7DF,0xE7DF,0xE7DF,0xE7DF,0xE7DF,0xE7DF,0xE7DF,0xE7DF,0xE7DF,
  0xE7DF,0xE7DF,0xE7DF,0xE7DF,0xE7DF,0xE7DF,0xE7DF,0xE7DF,0xE7DF,0xE7DF,0xE7DF,0xE7DF,0xE7DF,0xE7DF,0xE7DF,0xE7DF,
  0xE7DF,0xE7DF,0xE7DF,0xE7DF,0xE7DF,0xE7DF,0xDFDF,0xDFBF,0xE7BF,0xE7DF,0xE7DF,0xE7DF,0xE7DF,0xE7DF,0xE7DF,0xE7DF,
  0xE7DF,0xE7DF,0xE7DF,0xE7DF,0xE7DF,0xE7DF,0xE7DF,0xE7DF,0xE7DF,0xE7DF,0xE7DF,0xE7DF,0xE7DF,0xE7DF,0xE7DF,0xE7DF,
  0xE7DF,0xE7DF,0xE7DF,0xE7DF,0xE7DF,0xE7DF,0xE7DF,0xE7DF,0xE7DF,0xEFDF,0xE7DF,0xE7DF,0xEFDF,0xE7DF,0xE7DF,0xEFDF,
  0xEFDF,0xE7DF,0xEFDF,0xEFDF,0xE7FF,0xEFDF,0xEFFF,0xE7DF,0xE7DF,0xE7DF,0xE7DF,0xE7DF,0xE7DF,0xE7DF,0xE7DF,0xE7DF,
  0xE7FF,0xEFFF,0xEFFF,0xEFFF,0xEFFF,0xEFFF,0xEFFF,0xEFFF,0xEFFF,0xEFFF,0xEFFF,0xEFDF,0xEFFF,0xEFFF,0xEFFF,0xEFFF,
  0xEFFF,0xEFFF,0xEFFF,0xEFFF,0xEFFF,0xEFFF,0xEFFF,0xEFFF,0xEFFF,0xEFFF,0xEFFF,0xEFFF,0xE7DF,0xEFFF,0xEFFF,0xE7DF,
  0xEFFF,0xE7DF,0xEFDF,0xE7FF,0xEFFF,0xE7DF,0xD79E,0xE7DF,0xE7DF,0xE7FF,0xE7FF,0xE7FF,0xE7FF,0xEFFF,0xE7FF,0xEFFF,
  0xEFFF,0xE7FF,0xEFFF,0xEFFF,0xE7DF,0xEFFF,0xEFFF,0xEFFF,0xE7FF,0xEFFF,0xEFFF,0xEFDF,0xEFDF,0xEFFF,0xEFFF,0xE7DF,
  0xEFFF,0xEFFF,0xEFFF,0xEFFF,0xEFDF,0xEFFF,0xEFFF,0xEFDF,0xEFDF,0xEFFF,0xEFDF,0xEFFF,0xEFFF,0xEFFF,0xEFFF,0xEFFF,
  0xEFDF,0xEFFF,0xEFDF,0xEFFF,0xEFFF,0xEFDF,0xEFDF,0xEFDF,0xEFFF,0xEFFF,0xEFFF,0xEFFF,0xEFFF,0xEFFF,0xEFFF,0xEFFF,
  0xBEBB,0xAE7A,0xB69B,0xBEDC,0xC6FC,0xCF3D,0xCF3D,0xD75D,0xD75E,0xD75E,0xD77E,0xD77E,0xD77E,0xD77E,0xD77E,0xD77E,
  0xD77E,0xD77E,0xD77E,0xDF7E,0xD77E,0xD77E,0xDF7E,0xDF7E,0xD77E,0xD77E,0xDF7E,0xDF7E,0xD77E,0xD77E,0xDF7E,0xD77E,
  0xDF9E,0xD77E,0xD77E,0xD77E,0xD77E,0xCF5E,0xC75E,0xCF7E,0xDF9E,0xD79E,0xDF9E,0xD79E,0xDF9E,0xDF9E,0xDF9E,0xDF9E,
  0xDF9E,0xDF9E,0xDF9E,0xDF9E,0xDF9E,0xDF9E,0xDF9E,0xDF9E,0xDF9E,0xDF9E,0xDF9E,0xDF9E,0xDF9E,0xDF9E,0xDF9E,0xDF9E,
  0xDF9E,0xDF9E,0xDF9E,0xDF9E,0xDFBE,0xDFBF,0xDFBF,0xDF9E,0xDFBF,0xDFBF,0xDFBF,0xE7BF,0xE7BF,0xE7BF,0xE7BF,0xE7BF,
  0xDFBF,0xDFBF,0xDFBF,0xDFBF,0xDFBF,0xE7BF,0xDFBF,0xDFBF,0xDFBF,0xDF9E,0xDF7E,0xD77E,0xCF3D,0xC71C,0xBEBB,0xBEBB,
  0xAE7A,0x8D77,0x7D36,0x8577,0x8D77,0x8D77,0x8D77,0x8D77,0x8D77,0x8D97,0x8D97,0x8D97,0x8D97,0x8577,0x8D97,0x8577,
  0x8577,0x8D97,0x8D77,0x8D77,0x8D97,0x8D97,0x8D97,0x8D97,0x8D97,0x8D97,0x8D97,0x8D97,0x8DB8,0x8D98,0x8D97,0x8DB8,
  0x8DB8,0x8D98,0x8DB8,0x8DB8,0x8DB8,0x8DD9,0x8DF9,0x8DB9,0x8DB8,0x8DB8,0x8DB8,0x8DB8,0x8DB8,0x8DB8,0x8DB8,0x8DB8,
  0x8DB8,0x8D98,0x8DB8,0x8DB8,0x8DB8,0x8DB8,0x8DB8,0x8DB8,0x8DB8,0x95D9,0x8DB8,0x8DB8,0x8DB8,0x8DB8,0x8DB8,0x8DB8,
  0x8DB8,0x8DB8,0x8DB8,0x8D98,0x8DB8,0x95B8,0x95B8,0x8DB8,0x8DB8,0x95B8,0x8DB8,0x8DB8,0x95B8,0x8DB8,0x95B8,0x95B8,
  0x8DB8,0x8DB8,0x8DB8,0x8DB8,0x95B8,0x95B8,0x8DB8,0x8D97,0x8D97,0x8D97,0x8D97,0x8577,0x7D36,0x7516,0x7D16,0x95D8,
  0xBEDC,0xB69B,0x9DF9,0x8D98,0x8577,0x8557,0x8557,0x8556,0x8556,0x8556,0x8557,0x8556,0x8557,0x7D36,0x7D36,0x7D36,
  0x7D36,0x7D36,0x7D36,0x7D36,0x7D56,0x7D36,0x7D36,0x7D56,0x8557,0x7D36,0x7D36,0x7D36,0x7D36,0x7D36,0x7D36,0x7D36,
  0x7D36,0x7D56,0x7D56,0x7D57,0x7D57,0x7D57,0x7D57,0x7D57,0x7D57,0x7D57,0x7D37,0x7D57,0x7D37,0x7D37,0x7D57,0x7D37,
  0x7D57,0x7D57,0x7D57,0x7D57,0x7D57,0x7D57,0x7D57,0x7D57,0x7D57,0x7D77,0x7D57,0x7D57,0x7D57,0x7D57,0x7D57,0x7D57,
  0x7D57,0x7D57,0x7D37,0x7D37,0x7D36,0x7D36,0x7D36,0x7D36,0x7D36,0x7D36,0x7D16,0x7D16,0x7D16,0x7D16,0x7D16,0x7D16,
  0x7D16,0x7D16,0x7D16,0x7D16,0x7D36,0x7D16,0x7D16,0x7D36,0x7D16,0x7D36,0x8536,0x8557,0x8577,0x95B8,0xAE5A,0xB69A,
  0xC73E,0xBEFC,0xBEBB,0xB69B,0xB67A,0xB67A,0xAE7A,0xAE5A,0xAE5A,0xAE5A,0xAE7A,0xAE7A,0xB67A,0xAE7A,0xB67A,0xB67A,
  0xB67A,0xB67A,0xB67A,0xB67A,0xB67A,0xB67A,0xB67A,0xB69B,0xB69B,0xB69A,0xB69B,0xB67A,0xB67A,0xB67A,0xB67A,0xB67B,
  0xB67B,0xB67A,0xB67A,0xB67A,0xAE7A,0xB67A,0xAE7A,0xAE7A,0xB67B,0xB67A,0xAE7A,0xAE7A,0xAE7A,0xAE5A,0xAE5A,0xAE5A,
  0xAE5A,0xAE5A,0xAE5A,0xAE5A,0xAE5A,0xA63A,0xA65A,0xA63A,0xA63A,0xA63A,0xA63A,0xA63A,0xA63A,0xA63A,0xA63A,0xA63A,
  0xA63A,0xA63A,0xA63A,0xA63A,0xA63A,0xA639,0xA639,0xA639,0xA639,0xA619,0xA619,0xA619,0xA619,0xA619,0xA619,0xA619,
  0xA619,0x9DF9,0xA619,0x9E19,0x9DF9,0xA5F9,0xA619,0xA619,0x9DF9,0xA619,0xA639,0xA63A,0xAE5A,0xB69B,0xBEBB,0xBEDC,
  0xC75E,0xDF9E,0xEFBF,0xEFDF,0xEFFF,0xEFFF,0xEFFF,0xEFFF,0xF7FF,0xEFFF,0xF7FF,0xEFFF,0xF7FF,0xF7FF,0xF7FF,0xEFFF,
  0xEFFF,0xEFFF,0xEFFF,0xEFFF,0xEFFF,0xEFFF,0xEFFF,0xEFFF,0xEFFF,0xEFFF,0xEFFF,0xEFFF,0xEFFF,0xEFFF,0xEFFF,0xEFFF,
  0xEFFF,0xEFFF,0xEFFF,0xEFFF,0xEFFF,0xEFFF,0xEFFF,0xEFFF,0xEFFF,0xEFFF,0xEFFF,0xEFFF,0xEFFF,0xEFDF,0xEFFF,0xEFFF,
  0xEFFF,0xEFFF,0xEFFF,0xEFFF,0xEFFF,0xEFFF,0xEFFF,0xEFFF,0xEFFF,0xEFFF,0xEFFF,0xEFFF,0xF7FF,0xEFFF,0xEFFF,0xEFFF,
  0xEFFF,0xEFFF,0xF7FF,0xF7FF,0xEFFF,0xEFFF,0xEFFF,0xEFFF,0xEFFF,0xEFFF,0xEFFF,0xEFFF,0xEFFF,0xEFFF,0xEFFF,0xEFFF,
  0xEFFF,0xEFDF,0xEFFF,0xEFDF,0xEFFF,0xEFFF,0xEFFF,0xEFDF,0xEFFF,0xEFDF,0xEFDF,0xEFDF,0xEFDF,0xEFDF,0xE77E,0xC6FC,
  0xC77F,0xE7DF,0xEFDF,0xE7DF,0xEFDF,0xE7DF,0xE7BF,0xE7BF,0xE7BF,0xE7BF,0xE7BF,0xE7BF,0xE7BF,0xE7DF,0xE7BF,0xE7BF,
  0xE7BF,0xE7DF,0xE7BF,0xE7BF,0xE7BF,0xE7DF,0xE7DF,0xE7BF,0xE7BF,0xE7BF,0xE7BF,0xE7BF,0xE7DF,0xE7DF,0xE7BF,0xE7BF,
  0xE7BE,0xE7BF,0xE7DF,0xE7DF,0xEFFF,0xEFFF,0xE7DF,0xEFFF,0xE7DF,0xEFFF,0xEFFF,0xE7DF,0xEFFF,0xE7FF,0xE7DF,0xEFFF,
  0xEFFF,0xE7DF,0xE7DF,0xE7DF,0xE7FF,0xE7DF,0xE7DF,0xE7FF,0xEFFF,0xEFFF,0xE7FF,0xEFFF,0xEFFF,0xE7DF,0xE7DF,0xE7DF,
  0xE7DF,0xE7DF,0xE7DF,0xE7DF,0xE7DF,0xE7DF,0xE7DF,0xE7DF,0xE7DF,0xEFDF,0xE7DF,0xE7DF,0xE7DF,0xE7DF,0xEFDF,0xEFDF,
  0xE7DF,0xE7DF,0xEFDF,0xEFDF,0xEFDF,0xEFDF,0xEFDF,0xEFDF,0xEFDF,0xEFDF,0xEFDF,0xEFDF,0xEFDF,0xEFDF,0xF7DF,0xC6FC,
  0xC77F,0xE7DF,0xEFDF,0xEFDF,0xE7DF,0xF7FF,0xFFFF,0xFFFF,0xF7FF,0xF7FF,0xF7FF,0xF7FF,0xF7FF,0xF7FF,0xF7FF,0xF7FF,
  0xF7FF,0xF7FF,0xF7FF,0xF7FF,0xF7FF,0xF7FF,0xF7FF,0xF7FF,0xF7FF,0xF7FF,0xF7FF,0xF7FF,0xF7FF,0xF7FF,0xF7FF,0xF7FF,
  0xF7FF,0xF7FF,0xF7FF,0xE7DF,0xC69A,0xD71C,0xEFDF,0xDF3C,0xEFFF,0xD71C,0xCEDB,0xEFFF,0xE7BE,0xDF5D,0xEFFF,0xDF5D,
  0xC6BA,0xE7BF,0xEFDF,0xEFFF,0xE7BE,0xE7DF,0xEFDF,0xE77E,0xD71C,0xDF3D,0xE7BE,0xD71C,0xE7BE,0xEFFF,0xEFFF,0xF7FF,
  0xF7FF,0xF7FF,0xF7FF,0xEFFF,0xEFFF,0xEFFF,0xEFFF,0xEFFF,0xEFFF,0xEFFF,0xEFFF,0xEFFF,0xEFFF,0xEFFF,0xEFFF,0xEFFF,
  0xEFFF,0xEFFF,0xEFFF,0xEFFF,0xEFFF,0xEFFF,0xEFFF,0xEFFF,0xEFFF,0xEFFF,0xEFDF,0xEFDF,0xEFDF,0xEFDF,0xEFBE,0xC6DC,
  0xC77F,0xE7DF,0xEFBF,0xEFDF,0xEFFF,0xADB7,0x94F3,0x94F3,0x9514,0x9D34,0xA555,0xA575,0xA575,0xA575,0xA575,0xA575,
  0xA575,0xA575,0xA575,0xA575,0xA575,0xA575,0xA575,0xA575,0xA575,0xA575,0xA576,0xA576,0xA596,0xA576,0xAD96,0xADB6,
  0xADB6,0xAD96,0xBE59,0xCEBB,0x7BEF,0x8C71,0xBE18,0x73AE,0xEF9E,0x8451,0x7BEF,0xC69A,0xBE18,0x7C10,0xE77D,0x94B3,
  0xAD76,0xB5F7,0xADB6,0xB5F7,0x9D34,0xCEBA,0xBE38,0xC659,0x7BEF,0xB5D7,0x9D14,0x9492,0xE77D,0xD6FB,0xC69A,0xC69A,
  0xC6BA,0xCEBA,0xC6BA,0xCEDB,0xCEDB,0xCEDB,0xCEFB,0xCEFB,0xCEFB,0xCEFB,0xCEFB,0xCEFB,0xD71C,0xD71C,0xD71C,0xD71C,
  0xD71C,0xD71C,0xD73C,0xDF3C,0xDF3D,0xDF3D,0xDF5D,0xDF3C,0xD71C,0xDF3D,0xF7FF,0xF7FF,0xE7DF,0xEFFF,0xEFBE,0xC6DC,
  0xC77F,0xE7DF,0xEFDF,0xEFDF,0x73CF,0x6B8E,0x94D3,0x94D3,0x8CB3,0x8CB3,0x8CB3,0x8CB3,0x8CB3,0x8CB2,0x8CB2,0x8CB2,
  0x8CB2,0x8CB2,0x8CB2,0x8C92,0x8C92,0x8471,0x8C92,0x8471,0x8471,0x8451,0x8451,0x7C31,0x7C10,0x7C31,0x8431,0x8431,
  0x7C30,0x7BF0,0x9D14,0xC67A,0x73CF,0xC659,0x8430,0x632D,0xA576,0x8472,0x73AF,0xBE59,0x7C10,0x6B6D,0xA555,0xA555,
  0xFFFF,0xB618,0x7BCF,0x8430,0x94D3,0xBE39,0x9D55,0xD71C,0xA555,0xDF7D,0x8471,0x9D14,0xEFDF,0x8C92,0x6B8E,0x6B6E,
  0x6B6D,0x6B4D,0x6B4D,0x6B6D,0x6B8E,0x6B8E,0x6B8E,0x6B8E,0x6B8E,0x6B8E,0x6B8E,0x6B8E,0x738E,0x738E,0x738E,0x738E,
  0x73AE,0x73AE,0x73AE,0x73CF,0x73CF,0x73AE,0x73AE,0x73AE,0x73CE,0x6B6D,0x5B0C,0xCE9A,0xF7FF,0xEFDF,0xEFBE,0xBEDC,
  0xC77F,0xE7BF,0xFFFF,0xAD96,0x7C10,0xFFFF,0xF7FF,0xFFFF,0xFFFF,0xFFFF,0xFFFF,0xFFFF,0xFFFF,0xFFFF,0xFFFF,0xFFFF,
  0xFFFF,0xFFFF,0xFFFF,0xFFFF,0xFFFF,0xFFFF,0xFFFF,0xFFFF,0xFFFF,0xFFFF,0xFFFF,0xFFFF,0xFFFF,0xFFFF,0xFFFF,0xFFFF,
  0xFFFF,0xFFFF,0xFFFF,0xDF5D,0xD73C,0xFFFF,0xBE59,0xDF7D,0xBE18,0xD71C,0xE7DF,0xB5F8,0xC6BA,0xCEFB,0xCEBA,0xB5F7,
  0x9D14,0xC679,0xDF3C,0xD73D,0xCEFB,0xA555,0x9D14,0xF7FF,0xBE18,0xE7DF,0xADD7,0xA514,0xE79E,0xFFFF,0xFFFF,0xFFFF,
  0xFFFF,0xFFFF,0xFFFF,0xFFFF,0xFFFF,0xFFFF,0xFFFF,0xFFFF,0xFFFF,0xFFFF,0xFFFF,0xFFFF,0xFFFF,0xFFFF,0xFFFF,0xFFFF,
  0xFFFF,0xFFFF,0xFFFF,0xF7FF,0xFFFF,0xFFFF,0xF7FF,0xF7FF,0xEFFF,0xEFFF,0xCEBA,0x5B0C,0xE77D,0xEFFF,0xEFBE,0xBEDB,
  0xC77F,0xE7BF,0xFFFF,0x8C92,0xA596,0xF7FF,0xEFDF,0xE79D,0xB5F8,0xAD96,0xAD96,0xADB7,0xAD96,0xAD96,0xAD96,0xAD96,
  0xAD96,0xAD96,0xAD96,0xAD96,0xADB7,0xADB7,0xADD7,0xADD7,0xB5D7,0xB5D7,0xB5D7,0xB5D7,0xB5F7,0xB5D7,0xB5F8,0xB5F8,
  0xB5F8,0xB618,0xB618,0xBE59,0xBE59,0xB618,0xC67A,0xBE7A,0xC67A,0xBE5A,0xBE59,0xC69A,0xC69B,0xC6BB,0xCEBB,0xCEBB,
  0xCE9A,0xCEBB,0xC69A,0xC69A,0xCEBB,0xCEBB,0xCEBB,0xCEBB,0xCEBB,0xCEBB,0xCEBB,0xC67A,0xC69A,0xC67A,0xC67A,0xC67A,
  0xC67A,0xC67A,0xC67A,0xC67A,0xC67A,0xC67A,0xC67A,0xC67A,0xC67A,0xC67A,0xC67A,0xC679,0xC67A,0xC67A,0xC67A,0xC67A,
  0xC69A,0xC69A,0xCE9A,0xCE9A,0xCE9A,0xCE9A,0xCEBA,0xDF5D,0xF7FF,0xE7BF,0xFFFF,0x7C10,0xB5F7,0xFFFF,0xEF9E,0xBEDB,
  0xC77F,0xE7BF,0xFFFF,0x94D3,0xA596,0xFFFF,0xD6FB,0x52CD,0x3A4E,0x3A4F,0x322E,0x3A4E,0x3A2E,0x3A2E,0x320E,0x322E,
  0x320E,0x322E,0x320D,0x320E,0x320E,0x320D,0x320E,0x320D,0x320E,0x320E,0x322E,0x320E,0x322E,0x322E,0x3A4E,0x3A4E,
  0x322E,0x3A2E,0x3A4F,0x3A4E,0x3A2E,0x3A6F,0x3A2E,0x3A2E,0x3A4E,0x322E,0x3A2E,0x3A2E,0x428F,0x428F,0x426F,0x3A4E,
  0x3A2E,0x3A2E,0x3A2E,0x3A2E,0x3A2E,0x3A4F,0x3A4E,0x3A2E,0x3A2F,0x3A4F,0x322E,0x322E,0x322E,0x320E,0x320E,0x322E,
  0x322E,0x320E,0x320E,0x320E,0x320D,0x320D,0x320D,0x320E,0x3A2E,0x320D,0x320D,0x320D,0x31ED,0x320D,0x31ED,0x31ED,
  0x31ED,0x320D,0x320D,0x320D,0x3A0D,0x3A2D,0x3A4E,0x428E,0x94D4,0xEFBE,0xF7FF,0x8472,0xB5D7,0xFFFF,0xE79E,0xBEBB,
  0xC77F,0xE7BF,0xFFFF,0x94D3,0xA575,0xFFFF,0x73D1,0x4290,0x42AF,0x3A0C,0x320C,0x320C,0x320C,0x320C,0x31EC,0x31EC,
  0x31EC,0x31EC,0x31EC,0x31EC,0x31EC,0x31EC,0x29EC,0x31EC,0x29EC,0x29EC,0x320C,0x31EC,0x31EC,0x31EC,0x320C,0x320C,
  0x31EC,0x320C,0x31EC,0x31EC,0x320C,0x320C,0x320C,0x320C,0x320C,0x31EC,0x320C,0x320C,0x320C,0x31EC,0x320C,0x320C,
  0x31EC,0x31EC,0x31EC,0x31EC,0x31EC,0x31EC,0x31EC,0x31EC,0x320C,0x320C,0x320C,0x31EC,0x31EC,0x29EC,0x31EC,0x31EC,
  0x29EC,0x320C,0x320C,0x320C,0x320C,0x320C,0x29EC,0x29EC,0x320D,0x320D,0x320C,0x320C,0x320C,0x29EC,0x31ED,0x320D,
  0x29ED,0x320D,0x29ED,0x29ED,0x320D,0x320D,0x322D,0x42B0,0x29ED,0xA576,0xFFFF,0x8451,0xB5D7,0xFFFF,0xE79E,0xBEBB,
  0xC77F,0xE7BF,0xFFFF,0x94B3,0xA596,0xF7FF,0x6350,0x4AD0,0x3A0B,0x3A0A,0x422A,0x4A6B,0x424A,0x422A,0x424A,0x424A,
  0x424A,0x424B,0x424A,0x424A,0x424A,0x424B,0x4A6B,0x4A8B,0x422A,0x4A6B,0x424B,0x422A,0x3A0A,0x422A,0x422A,0x422A,
  0x426B,0x3A0A,0x422A,0x3A2A,0x422A,0x424A,0x424A,0x424A,0x422A,0x424B,0x424B,0x422A,0x424B,0x3A0A,0x3A0A,0x3A2A,
  0x3A0A,0x3A0A,0x3A2A,0x3A2A,0x39E9,0x31C9,0x422A,0x39E9,0x31C9,0x3A0A,0x31E9,0x3A0A,0x3A2A,0x3A2A,0x39E9,0x3A09,
  0x422A,0x3A0A,0x3A0A,0x3A0A,0x422A,0x3A0A,0x3A0A,0x3A2A,0x3A2A,0x422A,0x3A2A,0x422A,0x424B,0x424B,0x424B,0x422B,
  0x4A8B,0x424B,0x52CC,0x426C,0x424B,0x422B,0x3A2B,0x5331,0x4290,0x7C13,0xFFFF,0x8472,0xB5F7,0xFFFF,0xEF9E,0xBEDB,
  0xC77F,0xE7BF,0xFFFF,0x94D3,0xADB6,0xF7FF,0x6371,0x42B0,0x3A0A,0x422A,0x8451,0xA534,0xA534,0x9D14,0x9D34,0x9D13,
  0x9D14,0xA554,0xA534,0xA534,0x9D13,0x9D14,0x9D13,0x9D14,0x9D13,0x9CF3,0x9D14,0x9CF3,0x9D13,0x9D14,0x9D13,0x9D14,
  0x9D13,0x9D13,0x9D14,0x9D13,0x94F3,0x9D14,0xA534,0x9D34,0x9D13,0xA534,0xA534,0x9D13,0x9D13,0x9D13,0x9CF3,0x9CF3,
  0x9D14,0x9D34,0x9D34,0x9D14,0x9CF3,0x9D13,0x9D34,0x9CF3,0x9D14,0x9D13,0x9D14,0x9D13,0x9D14,0x9D14,0x9D13,0x9D14,
  0x9D14,0x9D14,0x9D14,0x9D13,0x9D14,0x9D14,0xA534,0x9D34,0x9D34,0xA554,0xA534,0xA534,0xA534,0xA534,0xA534,0x9D13,
  0xA534,0x9D13,0xA554,0xA534,0xA534,0x9CF3,0x52CC,0x4AAF,0x4AD0,0x7C33,0xFFFF,0x8472,0xB5F7,0xFFFF,0xEF9E,0xBEBB,
  0xC77F,0xE7BF,0xFFFF,0x94D3,0xADB7,0xF7FF,0x5B51,0x428F,0x3A0B,0x3A09,0x94D3,0xC658,0xBE17,0xBE17,0xBE17,0xBE17,
  0xBE17,0xBE17,0xBE17,0xBE17,0xBE17,0xBE17,0xBE17,0xBE17,0xBE17,0xBE17,0xBE17,0xBE17,0xBE17,0xBE17,0xBE17,0xBE17,
  0xBE17,0xBE17,0xBE17,0xBE17,0xBE37,0xBE17,0xBE17,0xBE17,0xBE17,0xBE17,0xBE17,0xBE17,0xBE17,0xBE17,0xBE17,0xBE17,
  0xBE17,0xBE17,0xBE17,0xBE17,0xBE17,0xBE17,0xBE17,0xBE37,0xBE17,0xBE17,0xBE17,0xBE17,0xBE17,0xBE17,0xBE17,0xBE17,
  0xBE17,0xBE17,0xBE17,0xBE17,0xB5D6,0xB5D6,0xB5D6,0xB5D6,0xAD95,0x9CF3,0xB5F6,0xB5B6,0xB5D6,0xB5B6,0xB5D6,0xBE17,
  0xBE17,0xBE17,0xBE17,0xBE17,0xBE17,0xBE17,0x5B0D,0x4ACF,0x42B0,0x73F2,0xFFFF,0x8472,0xB5F8,0xFFFF,0xE79E,0xBEDB,
  0xBF7F,0xDFBF,0xFFFF,0x94D3,0xADD7,0xF7FF,0x5B30,0x428F,0x3A2B,0x39E9,0x94B2,0xBE17,0xB5D6,0xB5F6,0xB5F6,0xB5F6,
  0xB5F6,0xB5F6,0xB5F6,0xB5F6,0xB5F6,0xB5F6,0xB5F6,0xB5F6,0xB5F6,0xB5F6,0xB5F6,0xB5F6,0xB5F6,0xB5F6,0xB5F6,0xB5F6,
  0xB5F6,0xB5F6,0xB5F6,0xB5F6,0xB5D6,0xB5F6,0xB5F6,0xB5F6,0xB5F6,0xB5F6,0xB5F6,0xB5F6,0xB5F6,0xB5F6,0xB5F6,0xB5F6,
  0xB5F6,0xB5F6,0xB5F6,0xB5F6,0xB5F6,0xB5F6,0xB5F6,0xB5F6,0xB5F6,0xB5F6,0xB5F6,0xB5F6,0xB5F6,0xB5F6,0xB5F6,0xB5F6,
  0xB5F6,0xB5D6,0xB5F7,0xB5B6,0xA534,0xA534,0x9D34,0xAD75,0xA554,0x73AE,0xBDF7,0x9D13,0xA554,0xA534,0xAD95,0xB5F7,
  0xBDF7,0xB5D6,0xBDF7,0xBDF7,0xBE17,0xB5D6,0x52CC,0x4ACF,0x428F,0x73F2,0xFFFF,0x8472,0xB618,0xFFFF,0xE79E,0xBEBB,
  0xBF7F,0xE7BF,0xFFFF,0x94D3,0xB5D7,0xF7FF,0x5B30,0x42B0,0x3A0B,0x39C8,0x94B2,0xBE37,0xB5D6,0xB5F7,0xB5F7,0xB5F7,
  0xB5F7,0xB5F7,0xB5F7,0xB5F7,0xB5F7,0xB5F7,0xB5F7,0xB5F7,0xB5F7,0xB5F7,0xB5F7,0xB5F7,0xB5F7,0xB5F7,0xB5F7,0xB5F7,
  0xB5F7,0xB5F7,0xB5F7,0xB5F7,0xB5F7,0xB5F7,0xB5F7,0xB5F7,0xB5F7,0xB5F7,0xB5F7,0xB5F7,0xB5F7,0xB5F7,0xB5F7,0xB5F7,
  0xB5F7,0xB5F7,0xB5F7,0xB5F7,0xB5F7,0xB5F7,0xB5F7,0xB5F7,0xB5F7,0xB5F7,0xB5F7,0xB5F7,0xB5F7,0xB5F7,0xB5F7,0xB5F7,
  0xB5F7,0xB5F7,0xB5F7,0xBDF7,0xBE17,0xBE17,0xBE37,0xAD75,0x52AA,0x31C6,0x7C0F,0xB5D6,0x9D33,0xA554,0xA554,0xADB6,
  0x94D2,0xBDF7,0x9D13,0x9D34,0x9D34,0xA554,0x4A8B,0x4AEF,0x428F,0x73F2,0xFFFF,0x8472,0xB618,0xF7FF,0xE79E,0xBEBB,
  0xC77F,0xE7BF,0xFFFF,0x94D3,0xB5D7,0xF7FF,0x6371,0x426F,0x3A0B,0x39C9,0x94B2,0xBE37,0xB5D6,0xB5F7,0xB5F7,0xB5F7,
  0xB5F7,0xB5F7,0xB5F7,0xB5F7,0xB5F7,0xB5F7,0xB5F7,0xB5F7,0xB5F7,0xB5F7,0xB5F7,0xB5F7,0xB5F7,0xB5F7,0xB5F7,0xB5F7,
  0xB5F7,0xB5F7,0xB5F7,0xB5F7,0xB5F7,0xB5F7,0xB5F7,0xB5F7,0xB5F7,0xB5F7,0xB5F7,0xB5F7,0xB5F7,0xB5F7,0xB5F7,0xB5F7,
  0xB5F7,0xB5F7,0xB5F7,0xB5F7,0xB5F7,0xB5F7,0xB5F7,0xB5F7,0xB5F7,0xB5F7,0xB5F6,0xB5F6,0xB5F7,0xB5F7,0xB5F7,0xB5F7,
  0xB5F7,0xB5F7,0xB5F7,0xB5F7,0xB5F6,0xB5D6,0xC658,0x73AE,0x0841,0x18C3,0x10C2,0x9D13,0xC638,0xB5D6,0xB5D6,0x73CE,
  0x4A69,0x8C71,0xB5F7,0xB5D6,0xB5D6,0xB5D6,0x5B2D,0x4ACF,0x4290,0x73D2,0xFFFF,0x8471,0xBE39,0xF7FF,0xE79E,0xBEDB,
  0xC77F,0xDFBF,0xFFFF,0x94D3,0xB5D7,0xF7FF,0x5B50,0x428F,0x3A0A,0x39E9,0x94D3,0xBE37,0xB5D6,0xB5F7,0xB5F7,0xB5F7,
  0xB5F7,0xB5F7,0xB5F7,0xB5F7,0xB5F7,0xB5F7,0xB5F7,0xB5F7,0xB5F7,0xB5F7,0xB5F7,0xB5F7,0xB5F7,0xB5F7,0xB5F7,0xB5F7,
  0xB5F7,0xB5F7,0xB5F7,0xB5F7,0xB5F7,0xB5F7,0xB5F7,0xB5F7,0xB5F7,0xB5F7,0xB5F7,0xB5F7,0xB5F7,0xB5F7,0xB5F7,0xB5F7,
  0xB5F7,0xB5F7,0xB5F7,0xB5F7,0xB5F7,0xB5F7,0xB5F7,0xB5F7,0xB5F7,0xB5D6,0xBE17,0xBE17,0xB5F6,0xB5F7,0xB5F7,0xB5F7,
  0xB5F7,0xB5F7,0xB5F7,0xB5F7,0xB5F7,0xB5F7,0xBE17,0x4228,0x10A2,0x10C2,0x0861,0x31A6,0x9D13,0xBDF7,0x6B6D,0x0881,
  0x1903,0x10A2,0x7C2F,0xC638,0xB5F6,0xB5D6,0x5B0D,0x52F0,0x42B0,0x73F2,0xFFFF,0x7C31,0xB638,0xF7FF,0xE79E,0xB6BB,
  0xBF7F,0xDFBF,0xFFFF,0x94D3,0xB5F7,0xF7FF,0x5B30,0x4290,0x3A0A,0x31A8,0x94D3,0xBE37,0xB5D6,0xB5F7,0xB5F7,0xB5F7,
  0xB5F7,0xB5F7,0xB5F7,0xB5F7,0xB5F7,0xB5F7,0xB5F7,0xB5F7,0xB5F7,0xB5F7,0xB5F7,0xB5F7,0xB5F7,0xB5F7,0xB5F7,0xB5F7,
  0xB5F7,0xB5F7,0xB5F7,0xB5F7,0xB5F7,0xB5F7,0xB5F7,0xB5F7,0xB5F7,0xB5F7,0xB5F7,0xB5F7,0xB5F7,0xB5F7,0xB5F7,0xB5F7,
  0xB5F7,0xB5F7,0xB5F7,0xB5F7,0xB5F7,0xB5F7,0xB5F7,0xB5F7,0xB5D6,0xC638,0x9D13,0xAD75,0xBE17,0xB5F7,0xB5F7,0xB5F7,
  0xB5F7,0xB5F7,0xB5F7,0xB5F7,0xB5F6,0xBE17,0x9D13,0x10C3,0x2124,0x6B6D,0x6B6D,0x632C,0x6B8D,0x73EE,0x52AA,0x4248,
  0xBE17,0xADB6,0x7C30,0xB5B6,0xC638,0xAD95,0x4A6B,0x5310,0x428F,0x73F2,0xFFFF,0x7C51,0xBE39,0xF7FF,0xE79E,0xB6BB,
  0xBF7F,0xDFBF,0xFFFF,0x94B3,0xB5F7,0xF7FF,0x5B50,0x428F,0x3A0A,0x31A8,0x94B2,0xBE37,0xB5D6,0xB5F6,0xB5F6,0xB5F7,
  0xB5F6,0xB5F6,0xB5F6,0xB5F7,0xB5F7,0xB5F6,0xB5F6,0xB5F6,0xB5F6,0xB5F6,0xB5F7,0xB5F7,0xB5F7,0xB5F7,0xB5F7,0xB5F7,
  0xB5F7,0xB5F7,0xB5F7,0xB5F7,0xB5F7,0xB5F7,0xB5F7,0xB5F7,0xB5F7,0xB5F7,0xB5F7,0xB5F7,0xB5F7,0xB5F7,0xB5F7,0xB5F7,
  0xB5F7,0xB5F7,0xB5F7,0xB5F7,0xB5F7,0xB5F7,0xB5F7,0xB5D6,0xC658,0x7C0F,0x2985,0x7C0F,0xC638,0xB5D6,0xB5F7,0xB5F7,
  0xB5F7,0xB5F7,0xB5F7,0xB5F7,0xB5F6,0xBE17,0xAD95,0x2144,0x2144,0xC638,0xBDF7,0xBE17,0xB5F6,0xA534,0x8C91,0x31A6,
  0x94D2,0x9CF3,0x632C,0x31C6,0xA575,0xB5B6,0x426A,0x52F0,0x4290,0x73F2,0xFFFF,0x7C10,0xBE39,0xF7FF,0xE79E,0xBEBB,
  0xBF7F,0xDFBF,0xFFFF,0x94B3,0xB5F7,0xF7FF,0x6350,0x42B0,0x3A0A,0x39E8,0x94D3,0xBE37,0xB5F7,0xBE18,0xBE18,0xB5F7,
  0xBE17,0xBE17,0xBDF7,0xB5F7,0xBDF7,0xBE18,0xBE17,0xBDF7,0xBE18,0xBE17,0xB5F6,0xB5F6,0xB5F6,0xB5F6,0xB5F7,0xB5F7,
  0xB5F7,0xB5F7,0xB5F7,0xB5F7,0xB5F7,0xB5F7,0xB5F7,0xB5F7,0xB5F7,0xB5F7,0xB5F7,0xB5F7,0xB5F7,0xB5F7,0xB5F7,0xB5F7,
  0xB5F7,0xB5F7,0xB5F7,0xB5F7,0xB5F7,0xB5F7,0xB5D6,0xC658,0x73CE,0x4228,0x8430,0xAD75,0xBE17,0xB5F6,0xB5F7,0xB5F7,
  0xB5F7,0xB5F7,0xB5F7,0xB5F7,0xB5F7,0xB5D6,0xC658,0x8471,0x10C2,0x52AA,0x52CA,0x52CA,0x52AA,0x4A69,0x4228,0x0881,
  0x10A2,0x0881,0x10A2,0x0000,0x632C,0xB5F7,0x4A6A,0x52F0,0x42B0,0x7C53,0xFFFF,0x7C30,0xBE39,0xF7FF,0xE79E,0xB6BB,
  0xBF7F,0xE7BF,0xFFFF,0x8CB3,0xB5F7,0xF7FF,0x5B50,0x4290,0x424B,0x39C8,0x94B2,0xBE17,0x7C6D,0x746A,0x9531,0xB5F7,
  0x9D52,0xA573,0xB5D6,0xBDF7,0xB5D6,0x9D52,0x9D52,0xADB5,0x9510,0xA553,0xBDF8,0xBDF7,0xBE18,0xBE18,0xBDF7,0xB5F7,
  0xB5F7,0xB5F7,0xB5F7,0xB5F7,0xB5F7,0xB5F7,0xB5F7,0xB5F7,0xB5F7,0xB5F7,0xB5F7,0xB5F7,0xB5F7,0xB5F7,0xB5F7,0xB5F7,
  0xB5F7,0xB5F7,0xB5F7,0xB5F7,0xB5F7,0xB5F6,0xBE37,0x8C71,0x18E3,0x94D2,0x94F2,0xBE17,0xB5F6,0xB5F7,0xB5F7,0xB5F7,
  0xB5F7,0xB5F7,0xB5F7,0xB5F7,0xB5F6,0xBDF7,0xBDF7,0xBE37,0x73AE,0x2965,0x10A2,0x18E3,0x2985,0x2965,0x2985,0x31A6,
  0x18C3,0x31C6,0x31A6,0x5AEB,0xB5B6,0xB5B6,0x4249,0x5310,0x42B0,0x7C33,0xFFFF,0x7C10,0xBE59,0xF7FF,0xE79E,0xB6BB,
  0xBF7F,0xDFBF,0xFFFF,0x94D3,0xB5F8,0xF7FF,0x6370,0x4AD0,0x3A0A,0x31A7,0x94B2,0xBE38,0x7C6C,0x7C8B,0x7C8C,0xADB5,
  0x84AC,0x5BE5,0x7469,0x84AD,0x6C46,0x6445,0x6425,0x6425,0x5C03,0x5C03,0x7468,0x6C47,0x84AC,0x9530,0xB5B5,0xBDF7,
  0xB5F7,0xB5F7,0xB5F7,0xB5F7,0xB5F7,0xB5F7,0xB5F7,0xB5F7,0xB5F7,0xB5F7,0xB5F7,0xB5F7,0xB5F7,0xB5F7,0xB5F7,0xB5F7,
  0xB5F7,0xB5F7,0xB5F7,0xB5F7,0xB5F7,0xB5F7,0xBDF7,0x9CF3,0x94B2,0x5B0B,0xAD95,0xBE17,0xB5F6,0xB5F7,0xB5F7,0xB5F7,
  0xB5F7,0xB5F7,0xB5F6,0xB5F6,0xBDF7,0xB5D6,0x52AA,0xAD75,0xC638,0xC638,0x6B8D,0x8430,0xC658,0xB5F7,0xBE17,0xAD75,
  0x5AEB,0xA554,0xBE17,0xBE37,0xBE17,0xAD95,0x4A6A,0x5B30,0x42B0,0x7C33,0xFFFF,0x7C10,0xBE59,0xF7FF,0xE79E,0xBEBB,
  0xBF7F,0xDF9F,0xF7FF,0x8CB2,0xB5F7,0xF7FF,0x6371,0x4AB0,0x39E9,0x31C8,0x94B2,0xBE17,0xA553,0xAD95,0x848E,0x6407,
  0x84CD,0x84AD,0x6C68,0x6C65,0x6445,0x6424,0x6444,0x5C03,0x6444,0x5C02,0x5C22,0x6423,0x53E0,0x6407,0x94F0,0xBDF7,
  0xB5F6,0xB5F7,0xB5F7,0xB5F6,0xB5F7,0xBDF7,0xBDF7,0xB5D6,0xB5F7,0xB5F7,0xB5F7,0xB5F7,0xB5F7,0xB5F7,0xB5F7,0xB5F7,
  0xB5F7,0xB5F7,0xB5F7,0xB5F7,0xB5F7,0xBDF7,0xADB6,0x8C91,0xB5B6,0xAD95,0xB5F6,0xB5F7,0xB5F7,0xB5F7,0xB5F7,0xB5F7,
  0xB5F7,0xBDF7,0xBE37,0xBDF7,0xC658,0x634C,0x632C,0xC638,0xB5D6,0xBDF7,0x94D2,0x9D13,0xBE17,0xB5F6,0xBDF7,0xB5B6,
  0x8C91,0xADB6,0xBDF7,0xB5D6,0xBDF7,0xADB5,0x3A08,0x5B30,0x4AD1,0x7C33,0xFFFF,0x7C10,0xBE59,0xF7FF,0xE79E,0xBEBB,
  0xBF7F,0xDFBF,0xF7FF,0x94B3,0xB5F8,0xEFFF,0x6371,0x4AB0,0x3A2A,0x39C8,0x8C92,0xC658,0x848D,0x5BC4,0x6C47,0x6425,
  0x6424,0x6405,0x84AC,0x6425,0x9D32,0x9510,0x6406,0x8CEF,0x6426,0x7C6A,0x6425,0x6425,0x84CD,0x7449,0xB5D6,0xBDF7,
  0xB5F7,0xB5F6,0xBDF7,0xBE17,0xBDF7,0xB5D6,0xB5D6,0xBE38,0xB5F6,0xB5F7,0xB5F7,0xB5F7,0xB5F7,0xB5F7,0xB5F7,0xB5F7,
  0xB5F7,0xB5F7,0xB5F7,0xB5F7,0xB5D6,0xC658,0x7BEF,0x2945,0x6B6D,0xADB5,0xBDF7,0xB5F6,0xB5F7,0xB5F7,0xB5F7,0xB5F7,
  0xBDF7,0xADB5,0x94B2,0xB5B6,0xAD95,0x52CA,0xBE17,0xBDF7,0xB5F6,0xB5F7,0xB5F7,0xBDF7,0xB5F7,0xB5F7,0xB5F7,0xB5F6,
  0xBDF7,0xBDF7,0xB5F6,0xB5F6,0xBDF7,0xB5B6,0x4A6A,0x5310,0x4AD1,0x7C33,0xFFFF,0x7C10,0xBE59,0xF7FF,0xE79E,0xBEBB,
  0xBF7F,0xDFBF,0xF7FF,0x94D3,0xA5D7,0xEFFF,0x6371,0x4AD0,0x424A,0x31A7,0x94B2,0xB5F6,0x6C09,0x6427,0x5C04,0x5C04,
  0x5C04,0x7469,0x8CEF,0x9D31,0xBE17,0xBE18,0xAD94,0xBDF7,0x9D52,0xADB5,0xADB5,0x6407,0xB5D7,0x9511,0x9D52,0xBE18,
  0xB5F6,0xBDF7,0xB5F6,0x8450,0x39E7,0x5B0B,0x8450,0x8C71,0xC638,0xB5F6,0xB5F7,0xB5F7,0xB5F7,0xB5F7,0xB5F7,0xB5F7,
  0xB5F7,0xB5F7,0xB5F7,0xB5F6,0xBE17,0x9CF3,0x7C0F,0x94D2,0x94B2,0x8C91,0xBE37,0xB5F6,0xB5F7,0xB5F7,0xB5F7,0xB5F7,
  0xB5F7,0xBDF7,0x6B8D,0x4228,0x73EF,0xA554,0xBE37,0xB5D6,0xB5F7,0xB5F7,0xB5F7,0xB5F6,0xB5F6,0xB5F7,0xB5F6,0xBDF7,
  0xB5F7,0xB5F7,0xBE17,0xB5D6,0xB5F6,0xB5B6,0x52AB,0x4AF0,0x4290,0x7C33,0xFFFF,0x7C10,0xBE79,0xF7FF,0xE79E,0xB69B,
  0xBF7F,0xDFBF,0xEFFF,0x8CB3,0xADF7,0xE7DF,0x6371,0x4AF1,0x39E9,0x31C8,0x94D3,0x9511,0x7C6D,0x63E6,0x7CAB,0x9D53,
  0x8CEF,0xAD94,0xBE17,0xBDF7,0xB5F7,0xB5F6,0xBDF7,0xB5F7,0xBE17,0xB5F7,0xBE18,0xAD94,0xA594,0xBE18,0xBDF7,0xB5F6,
  0xB5F7,0xBDF7,0x73CE,0x7BEF,0x1082,0x10C3,0x9D13,0x31A6,0x8430,0xC638,0xB5D6,0xB5F7,0xB5F7,0xB5F7,0xB5F7,0xB5F7,
  0xB5F7,0xB5F7,0xB5F7,0xB5F7,0xBE17,0xAD75,0x8450,0x52AA,0x94D2,0xBE17,0xB5F7,0xB5F7,0xB5F7,0xB5F7,0xB5F7,0xB5F7,
  0xB5F6,0xBE17,0x9CF3,0x5AEB,0x4A69,0xA554,0xB5F7,0xB5F6,0xB5F6,0xB5F6,0xB5D6,0xBDF7,0xBE17,0xB5F6,0xBE17,0xB5D6,
  0xB5D6,0xB5D6,0xA553,0xBE18,0xC638,0xB5B6,0x4228,0x4AF0,0x42B0,0x7C33,0xFFFF,0x7C10,0xBE7A,0xF7FF,0xE77E,0xB6BB,
  0xBF7F,0xD79F,0xEFFF,0x8CB3,0xB5F8,0xEFFF,0x6370,0x4AD1,0x39EA,0x3187,0x8C92,0xC659,0x9D32,0x950F,0xA537,0x6393,
  0xBE17,0xB5F7,0xB5F6,0xB5F6,0xB5F7,0xB5F7,0xB5F6,0xB5F7,0xB5F6,0xB5F7,0xB5F6,0xBDF7,0xBDF7,0xB5F6,0xB5F6,0xB5F6,
  0xBE37,0x9CF3,0x4228,0x6B8D,0x6B8D,0x7C0F,0x73CE,0x8C91,0x6B6D,0xC638,0xB5D6,0xB5F7,0xB5F7,0xB5F7,0xB5F7,0xB5F7,
  0xB5F7,0xB5F7,0xB5F7,0xB5F6,0xBE17,0xAD95,0x6B8D,0x632C,0xA575,0xBE17,0xB5F6,0xB5F7,0xB5F7,0xB5F7,0xB5F7,0xB5F7,
  0xB5F7,0xBDF7,0x8C71,0x73CE,0x4228,0x73AD,0x94B2,0xC638,0xBDF7,0xBDF7,0xC639,0xAD94,0xA573,0xB5D7,0x84AD,0x6C27,
  0x8CCE,0x7469,0x84AD,0x9510,0x744A,0x9D12,0x4229,0x4AEF,0x42B0,0x7C13,0xFFFF,0x7C10,0xC69A,0xF7FF,0xE77E,0xB6BB,
  0x9EFE,0xCF7E,0xEFFF,0x84B3,0xB618,0xEFFF,0x6371,0x4AF1,0x39EA,0x2967,0x8C92,0xBE37,0xB5D5,0xAD96,0x4291,0x9D15,
  0xBE17,0xB5F6,0xB5F7,0xB5F7,0xB5F7,0xB5F7,0xB5F7,0xB5F7,0xB5F7,0xB5F7,0xB5F7,0xB5F6,0xB5F6,0xB5F7,0xB5F7,0xB5F6,
  0xBE17,0xA534,0x8C71,0xB5B6,0xB5D6,0x94B2,0xAD95,0xA554,0xB5B6,0xBDF7,0xB5F7,0xB5F7,0xB5F7,0xB5F7,0xB5F7,0xB5F7,
  0xB5F7,0xB5F7,0xB5F7,0xB5F7,0xB5F7,0xB5F6,0xBE37,0x94D2,0x9D13,0xBE17,0xB5F6,0xB5F7,0xB5F7,0xB5F7,0xB5F7,0xB5F7,
  0xB5F6,0xBE17,0x8471,0x8C71,0x7BF0,0xBDD7,0xBDF7,0x9D32,0x6427,0x6C48,0x84CD,0x8CCE,0x53C2,0x7C8A,0x8CCE,0x53E1,
  0x53C0,0x5BE1,0x6405,0x63C5,0x5BA5,0x9D33,0x4229,0x42AF,0x4290,0x7C33,0xFFFF,0x7C10,0xC69A,0xF7FF,0xE77E,0xB6BB,
  0x96FE,0xCF9F,0xE7FF,0x7472,0xA5F8,0xDFDF,0x6370,0x4AB0,0x39EA,0x3187,0x94B2,0xBE37,0xBE17,0x5312,0x73F3,0xC657,
  0xB5D6,0xB5F7,0xB5F7,0xB5F7,0xB5F7,0xB5F7,0xB5F7,0xB5F7,0xB5F7,0xB5F7,0xB5F7,0xB5F7,0xB5F7,0xB5F7,0xB5F7,0xB5F7,
  0xB5F7,0xBDF7,0xA554,0xA574,0x73CE,0x31C6,0x73CF,0xBDF7,0xB5F6,0xB5F7,0xB5F7,0xB5F7,0xB5F7,0xB5F7,0xB5F7,0xB5F7,
  0xB5F7,0xB5F7,0xB5F7,0xB5F7,0xB5F7,0xB5F7,0xB5F7,0xB5F7,0xB5D6,0xB5F7,0xB5F7,0xB5F7,0xB5F7,0xB5F7,0xB5F7,0xB5F7,
  0xB5F6,0xBE17,0x94D2,0xAD95,0x742C,0x7449,0x6C27,0x5C04,0x53E1,0x5BE2,0x5401,0x53C1,0x5BE1,0x5BE1,0x5BE2,0x6405,
  0x7448,0x5BC2,0x63E6,0x848D,0xADB5,0xADB5,0x3A08,0x42AF,0x4290,0x7C33,0xFFFF,0x7C10,0xC69A,0xF7FF,0xE79E,0xB6BB,
  0xAF5F,0xC77E,0xE7FF,0x8CB3,0xA5D8,0xDFDF,0x6371,0x4AB0,0x39EA,0x31A8,0x8C92,0xC678,0x8474,0x4292,0xB5D6,0xBDF7,
  0xB5F7,0xB5F7,0xB5F7,0xB5F7,0xB5F7,0xB5F7,0xB5F7,0xB5F7,0xB5F7,0xB5F7,0xB5F7,0xB5F7,0xB5F7,0xB5F7,0xB5F7,0xB5F7,
  0xB5F7,0xB5F6,0xBE38,0x9CF3,0x9CF3,0x73AE,0x8C71,0xC658,0xB5F6,0xB5F7,0xB5F7,0xB5F7,0xB5F7,0xB5F7,0xB5F7,0xB5F7,
  0xB5F7,0xB5F7,0xB5F7,0xB5F7,0xB5F7,0xB5F7,0xB5F7,0xB5F7,0xBDF7,0xB5F7,0xB5F7,0xB5F7,0xB5F7,0xB5F7,0xB5F7,0xB5F7,
  0xB5F7,0xB5F6,0xC638,0x84AE,0x7469,0x7CAB,0x7488,0x5C02,0x84ED,0x9D52,0x5C04,0x8D0E,0xADB6,0x7489,0x6444,0xAD76,
  0x73D3,0x9D33,0x84AC,0x8CCE,0x7C6B,0xAD95,0x3A08,0x4AAF,0x4290,0x7C33,0xFFFF,0x7C10,0xC69A,0xF7FF,0xE79E,0xB6BB,
  0xB75F,0xCF7E,0xE7FF,0x8492,0xA5D8,0xD7BF,0x6371,0x4AD0,0x3A2A,0x3187,0x8CB2,0xBE37,0x42D1,0x7C34,0xC637,0xB5D6,
  0xB5F7,0xB5F7,0xB5F7,0xB5F7,0xB5F7,0xB5F7,0xB5F7,0xB5F7,0xB5F7,0xB5F7,0xB5F7,0xB5F7,0xB5F7,0xB5F7,0xB5F7,0xB5F7,
  0xB5F7,0xBDF7,0xB5B6,0x73CE,0x8470,0x632C,0x9D13,0x8C71,0xBE17,0xB5F6,0xB5F7,0xB5F7,0xB5F7,0xB5F7,0xB5F7,0xB5F7,
  0xB5F7,0xB5F7,0xB5F7,0xB5F7,0xB5F7,0xB5F7,0xB5F7,0xB5F7,0xB5F7,0xB5F7,0xB5F7,0xB5F7,0xB5F7,0xB5F7,0xB5F7,0xB5F7,
  0xB5F7,0xB5F7,0xB5D6,0xB5F6,0xBE18,0xC63A,0x8CEE,0x84AC,0xC639,0xB5D6,0xAD94,0xBE18,0x7CAA,0x6463,0x5C23,0xA592,
  0x8CB5,0x4AD1,0xBDF7,0xC638,0xA594,0xAD95,0x3A08,0x4ACF,0x42B0,0x7C33,0xFFFF,0x7C10,0xC69A,0xF7FF,0xE77E,0xB6BB,
  0xBF7F,0xD7BF,0xEFFF,0x8492,0xADF8,0xE7FF,0x6350,0x4AD1,0x3A0A,0x3187,0x9CF3,0x8CB5,0x3A50,0xAD96,0xBE17,0xB5F7,
  0xB5F7,0xB5F7,0xB5F7,0xB5F7,0xB5F7,0xB5F7,0xB5F7,0xB5F7,0xB5F7,0xB5F7,0xB5F7,0xB5F7,0xB5F7,0xB5F7,0xB5F7,0xB5F7,
  0xB5F7,0xB5F7,0xBDF7,0x8C71,0xA534,0x73AE,0x6B8D,0xAD95,0xB5F7,0xB5F7,0xB5F7,0xB5F7,0xB5F7,0xB5F7,0xB5F7,0xB5F7,
  0xB5F7,0xB5F7,0xB5F7,0xB5F7,0xB5F7,0xB5F7,0xB5F7,0xB5F7,0xB5F7,0xB5F7,0xB5F7,0xB5F7,0xB5F7,0xB5F7,0xB5F7,0xB5F7,
  0xB5F7,0xB5F7,0xB5F7,0xB5F7,0xB5F6,0xB5F6,0xA573,0xBE17,0xB5F6,0xB5F7,0xBE18,0xA573,0x6C47,0x6C84,0x6C46,0xA594,
  0xCE78,0x73F2,0x42D1,0xBDF6,0xBE18,0xADB6,0x4228,0x4ACF,0x4290,0x7C13,0xFFFF,0x7C10,0xC69A,0xF7FF,0xE77E,0xB6BB,
  0xBF7F,0xDFBF,0xF7FF,0x8492,0xB5F8,0xEFFF,0x6371,0x4AB0,0x31C9,0x31A8,0x94B2,0x5312,0x5B52,0xBE17,0xB5F7,0xB5F7,
  0xB5F7,0xB5F7,0xB5F7,0xB5F7,0xB5F7,0xB5F7,0xB5F7,0xB5F7,0xB5F7,0xB5F7,0xB5F7,0xB5F7,0xB5F7,0xB5F7,0xB5F7,0xB5F7,
  0xB5F7,0xB5F7,0xB5F7,0xBE38,0xC638,0xAD95,0xA554,0xBE37,0xB5F6,0xB5F7,0xB5F7,0xB5F7,0xB5F7,0xB5F7,0xB5F7,0xB5F7,
  0xB5F7,0xB5F7,0xB5F7,0xB5F7,0xB5F7,0xB5F7,0xB5F7,0xB5F7,0xB5F7,0xB5F7,0xB5F7,0xB5F7,0xB5F7,0xB5F7,0xB5F7,0xB5F7,
  0xB5F7,0xB5F7,0xB5F7,0xB5F7,0xB5F7,0xB5F7,0xBDF7,0xB5F6,0xB5F7,0xB5F7,0xB5D6,0xBE18,0x84CE,0x6423,0x6444,0x9511,
  0xBDF7,0xBE37,0x4AF1,0x6BB3,0xC637,0xAD95,0x3A08,0x4AD0,0x3A6F,0x7C33,0xFFFF,0x7C10,0xC6BA,0xF7FF,0xE79E,0xB6BB,
  0xBF7F,0xDFBF,0xF7FF,0x8472,0xB5F8,0xEFFF,0x6391,0x42B0,0x31A9,0x39C8,0x5B0F,0x3A71,0x8494,0xBE37,0xB5D6,0xB5F7,
  0xB5F7,0xB5F7,0xB5F7,0xB5F7,0xB5F7,0xB5F7,0xB5F7,0xB5F7,0xB5F7,0xB5F7,0xB5F7,0xB5F7,0xB5F7,0xB5F7,0xB5F7,0xB5F7,
  0xB5F7,0xB5F7,0xB5F7,0xB5F6,0xB5D6,0xBE17,0xBE17,0xB5F6,0xB5F7,0xB5F7,0xB5F7,0xB5F7,0xB5F7,0xB5F7,0xB5F7,0xB5F7,
  0xB5F7,0xB5F7,0xB5F7,0xB5F7,0xB5F7,0xB5F7,0xB5F7,0xB5F7,0xB5F7,0xB5F7,0xB5F7,0xB5F7,0xB5F7,0xB5F7,0xB5F7,0xB5F7,
  0xB5F7,0xB5F7,0xB5F7,0xB5F7,0xB5F7,0xB5F7,0xB5F6,0xB5F7,0xB5F7,0xB5F7,0xB5F6,0xBDF7,0x9D52,0x9D52,0x6C48,0xAD95,
  0xB5F7,0xBE37,0x94F5,0x3251,0xA576,0xB5D6,0x39E8,0x4ACF,0x4290,0x7C12,0xFFFF,0x7C10,0xC69A,0xF7FF,0xE77E,0xB6BB,
  0xBF7F,0xDFBF,0xF7FF,0x8472,0xB5F8,0xF7FF,0x5B30,0x4AB0,0x31C9,0x39C8,0x426F,0x4AD1,0xAD75,0xBE17,0xB5F6,0xB5F7,
  0xB5F7,0xB5F7,0xB5F7,0xB5F7,0xB5F7,0xB5F7,0xB5F7,0xB5F7,0xB5F7,0xB5F7,0xB5F7,0xB5F7,0xB5F7,0xB5F7,0xB5F7,0xB5F7,
  0xB5F7,0xB5F7,0xB5F7,0xB5F7,0xB5F7,0xB5F6,0xB5F6,0xB5F7,0xB5F7,0xB5F7,0xB5F7,0xB5F7,0xB5F7,0xB5F7,0xB5F7,0xB5F7,
  0xB5F7,0xB5F7,0xB5F7,0xB5F7,0xB5F7,0xB5F7,0xB5F7,0xB5F7,0xB5F7,0xB5F7,0xB5F7,0xB5F7,0xB5F7,0xB5F7,0xB5F7,0xB5F7,
  0xB5F7,0xB5F7,0xB5F7,0xB5F7,0xB5F7,0xB5F7,0xB5F7,0xB5F7,0xB5F7,0xB5F7,0xB5F7,0xB5F6,0xBE17,0xBE17,0xA594,0xBDF7,
  0xB5F7,0xB5F7,0xB5F6,0x4AD1,0x6393,0xB5D5,0x39C7,0x4AAF,0x4290,0x7C13,0xFFFF,0x7C10,0xC69A,0xF7FF,0xE79E,0xB6BB,
  0xBF7F,0xDFBF,0xFFFF,0x8492,0xB5F8,0xEFFF,0x5B0F,0x4AB0,0x31C9,0x39C8,0x424E,0x6372,0xC637,0xBDF7,0xBE17,0xB5F6,
  0xB5F7,0xB5F7,0xB5F7,0xB5F7,0xB5F7,0xB5F7,0xB5F7,0xB5F7,0xB5F7,0xB5F7,0xB5F7,0xB5F7,0xB5F7,0xB5F7,0xB5F7,0xB5F7,
  0xB5F7,0xB5F7,0xB5F7,0xB5F7,0xB5F7,0xB5F7,0xB5F7,0xB5F7,0xB5F7,0xB5F7,0xB5F7,0xB5F7,0xB5F7,0xB5F7,0xB5F7,0xB5F7,
  0xB5F7,0xB5F7,0xB5F7,0xB5F7,0xB5F7,0xB5F7,0xB5F7,0xB5F7,0xB5F7,0xB5F7,0xB5F7,0xB5F7,0xB5F7,0xB5F7,0xB5F7,0xB5F7,
  0xB5F7,0xB5F7,0xB5F7,0xB5F7,0xB5F7,0xB5F7,0xB5F7,0xB5F7,0xB5F7,0xB5F7,0xB5F7,0xB5F7,0xB5F6,0xB5F6,0xBDF7,0xB5F7,
  0xB5F7,0xB5F7,0xBE17,0x63B2,0x3A91,0x9D34,0x4A69,0x4AD0,0x3A90,0x7C13,0xFFFF,0x7BF0,0xC6BB,0xF7FF,0xE77E,0xB6BB,
  0xBF7F,0xDFBF,0xFFFF,0x8471,0xB5F8,0xEFFF,0x530F,0x4290,0x39EA,0x3A08,0x3A2D,0x4AEF,0x848C,0xA553,0xA594,0xBDF7,
  0xB5F6,0xB5F6,0xB5F7,0xB5F7,0xB5F7,0xB5F7,0xB5F7,0xB5F7,0xB5F7,0xB5F7,0xB5F7,0xB5F7,0xB5F7,0xB5F7,0xB5F7,0xB5F7,
  0xB5F7,0xB5F7,0xB5F7,0xB5F7,0xB5F7,0xB5F7,0xB5F7,0xB5F7,0xB5F7,0xB5F7,0xB5F7,0xB5F7,0xB5F7,0xB5F7,0xB5F7,0xB5F7,
  0xB5F7,0xB5F7,0xB5F7,0xB5F7,0xB5F7,0xB5F7,0xB5F7,0xB5F7,0xB5F7,0xB5F7,0xB5F7,0xB5F7,0xB5F7,0xB5F7,0xB5F7,0xB5F7,
  0xB5F7,0xB5F7,0xB5F7,0xB5F7,0xB5F7,0xB5F7,0xB5F7,0xB5F7,0xB5F7,0xB5F7,0xB5F7,0xB5F7,0xB5F7,0xB5F7,0xB5F6,0xB5F6,
  0xBDF7,0xB5D6,0xC638,0x7C54,0x3251,0x6B92,0x4228,0x4AD0,0x3A6F,0x73F2,0xFFFF,0x7BF0,0xC6BB,0xF7FF,0xE77E,0xB6BB,
  0xBF7F,0xDFBF,0xF7FF,0x8472,0xB5F8,0xF7FF,0x5B0F,0x4290,0x31C9,0x31A7,0x42A5,0x4B24,0x5363,0x5BC6,0xAD95,0xBE18,
  0xBDF7,0xBE18,0xBDF7,0xB5F7,0xB5F7,0xB5F7,0xB5F7,0xB5F7,0xB5F7,0xB5F7,0xB5F7,0xB5F7,0xB5F7,0xB5F7,0xB5F7,0xB5F7,
  0xB5F7,0xB5F7,0xB5F7,0xB5F7,0xB5F7,0xB5F7,0xB5F7,0xB5F7,0xB5F7,0xB5F7,0xB5F7,0xB5F7,0xB5F7,0xB5F7,0xB5F7,0xB5F7,
  0xB5F7,0xB5F7,0xB5F7,0xB5F7,0xB5F7,0xB5F7,0xB5F7,0xB5F7,0xB5F7,0xB5F7,0xB5F7,0xB5F7,0xB5F7,0xB5F7,0xB5F7,0xB5F7,
  0xB5F7,0xB5F7,0xB5F7,0xB5F7,0xB5F7,0xB5F7,0xB5F7,0xB5F7,0xB5F7,0xB5F7,0xB5F7,0xB5F7,0xB5F7,0xB5F7,0xBE17,0xBDF7,
  0xBDF7,0x8CAF,0x6C27,0x5B8D,0x324B,0x42C6,0x3A27,0x4ACF,0x3A70,0x73F2,0xFFFF,0x7BF0,0xCEBB,0xF7FF,0xE79E,0xB6BB,
  0xBF7F,0xDFBF,0xF7FF,0x8492,0xB618,0xEFFF,0x530F,0x4290,0x31C9,0x31A8,0x4AE5,0x5364,0x5384,0x5BC4,0x7448,0x6C47,
  0x7469,0x8CEE,0xB5F6,0xBDF7,0xB5F7,0xB5F7,0xB5F7,0xB5F7,0xB5F7,0xB5F7,0xB5F7,0xB5F7,0xB5F7,0xB5F7,0xB5F7,0xB5F7,
  0xB5F7,0xB5F7,0xB5F7,0xB5F7,0xB5F7,0xB5F7,0xB5F7,0xB5F7,0xB5F7,0xB5F7,0xB5F7,0xB5F7,0xB5F7,0xB5F7,0xB5F7,0xB5F7,
  0xB5F7,0xB5F7,0xB5F7,0xB5F7,0xB5F7,0xB5F7,0xB5F7,0xB5F7,0xB5F7,0xB5F7,0xB5F7,0xB5F7,0xB5F7,0xB5F7,0xB5F7,0xB5F7,
  0xB5F7,0xB5F7,0xB5F7,0xB5F7,0xB5F7,0xB5F7,0xB5F7,0xB5F7,0xB5F7,0xB5F7,0xB5F7,0xB5F7,0xB5F6,0xB5F7,0xA573,0x7469,
  0x6405,0x63E5,0x5BE2,0x5BE2,0x5BE2,0x5BC3,0x3A07,0x4AAF,0x4290,0x73F2,0xFFFF,0x7BF0,0xCEBB,0xF7FF,0xE77E,0xB69B,
  0xBF7F,0xDFBF,0xF7FF,0x8471,0xB5F8,0xEFFF,0x5B0F,0x4290,0x31A8,0x31A7,0x4AE5,0x4B43,0x5363,0x53A3,0x53C2,0x5BE2,
  0x6423,0x5C02,0x8CCD,0xBE18,0xB5F6,0xB5F7,0xB5F7,0xB5F7,0xB5F7,0xB5F7,0xB5F7,0xB5F7,0xB5F7,0xB5F7,0xB5F7,0xB5F7,
  0xB5F7,0xB5F7,0xB5F7,0xB5F7,0xB5F7,0xB5F7,0xB5F7,0xB5F7,0xB5F7,0xB5F7,0xB5F7,0xB5F7,0xB5F7,0xB5F7,0xB5F7,0xB5F7,
  0xB5F7,0xB5F7,0xB5F7,0xB5F7,0xB5F7,0xB5F7,0xB5F7,0xB5F7,0xB5F7,0xB5F7,0xB5F7,0xB5F7,0xB5F7,0xB5F7,0xB5F7,0xB5F7,
  0xB5F7,0xB5F7,0xB5F7,0xB5F7,0xB5F7,0xB5F7,0xB5F7,0xB5F7,0xB5F7,0xB5F7,0xB5F7,0xB5F6,0xBDF7,0xB5D7,0x6405,0x5C02,
  0x5C02,0x6403,0x6424,0x6404,0x6404,0x5BC4,0x31E6,0x4AAF,0x4290,0x73F2,0xFFFF,0x7BEF,0xCEBA,0xF7FF,0xDF7E,0xB6BB,
  0xBF7F,0xDFBF,0xF7FF,0x8451,0xB618,0xEFFF,0x5B10,0x42B0,0x31C8,0x31A7,0x42C5,0x5384,0x5364,0x53A3,0x5BE4,0x5C04,
  0x6425,0x5C03,0x8CEE,0xBE18,0xB5F6,0xB5F7,0xB5F7,0xB5F7,0xB5F7,0xB5F7,0xB5F7,0xB5F7,0xB5F7,0xB5F7,0xB5F7,0xB5F7,
  0xB5F7,0xB5F7,0xB5F6,0xB5D6,0xB5F6,0xB5F7,0xB5F7,0xB5F7,0xB5F7,0xB5F7,0xB5F7,0xB5F7,0xB5F7,0xB5F7,0xB5F7,0xB5F7,
  0xB5F7,0xB5F7,0xB5F7,0xB5F7,0xB5F7,0xB5F7,0xB5F7,0xB5F7,0xB5F7,0xB5F7,0xB5F7,0xB5F7,0xB5F7,0xB5F7,0xB5F7,0xB5F7,
  0xB5F7,0xB5F7,0xB5F7,0xB5F7,0xB5F7,0xB5F7,0xB5F7,0xB5F7,0xB5F7,0xB5F7,0xB5F7,0xB5F7,0xBDF7,0x84CD,0x6423,0x5C01,
  0x5C03,0x6404,0x5BE3,0x5BE2,0x5BE3,0x5BE4,0x3A27,0x4ACF,0x42B0,0x7C13,0xFFFF,0x7BEF,0xCEBB,0xF7FF,0xDF7E,0xB69B,
  0xBF7F,0xDFBF,0xF7FF,0x7C51,0xB5F8,0xEFFF,0x5B30,0x42B0,0x31C9,0x31A8,0x42A5,0x4B44,0x4B23,0x53A3,0x5BC3,0x5C04,
  0x6406,0x9D52,0xBDF7,0xB5F7,0xB5F7,0xB5F7,0xB5F7,0xB5F7,0xB5F7,0xB5F7,0xB5F7,0xB5F7,0xB5F7,0xB5F7,0xB5F7,0xB5F7,
  0xB5F7,0xB5F6,0xBDF7,0xC638,0xBE17,0xB5D6,0xB5F7,0xB5F7,0xB5F7,0xB5F7,0xB5F7,0xB5F7,0xB5F7,0xB5F7,0xB5F7,0xB5F7,
  0xB5F7,0xB5F7,0xB5F7,0xB5F7,0xB5F7,0xB5F7,0xB5F7,0xB5F7,0xB5F7,0xB5F7,0xB5F7,0xB5F7,0xB5F7,0xB5F7,0xB5F7,0xB5F7,
  0xB5F7,0xB5F7,0xB5F7,0xB5F7,0xB5F7,0xB5F7,0xB5F7,0xB5F7,0xB5F7,0xB5F7,0xB5F6,0xBDF8,0x84AB,0x53C0,0x6404,0x6C27,
  0x53C2,0x5C03,0x63E5,0x7429,0x63E5,0x4B62,0x31E6,0x5310,0x4290,0x73F2,0xFFFF,0x7BF0,0xCEDB,0xF7FF,0xDF7E,0xAE9B,
  0xBF7F,0xDFBF,0xF7FF,0x8492,0xB5F8,0xEFFF,0x5B10,0x42B0,0x31A8,0x3187,0x5306,0x5B86,0x5B86,0x5B6D,0x5B8B,0x5BC4,
  0x6C28,0xBDF7,0xBDF7,0xB5F6,0xB5F7,0xB5F7,0xB5F7,0xB5F7,0xB5F7,0xB5F7,0xB5F7,0xB5F7,0xB5F7,0xB5F7,0xB5F7,0xB5F7,
  0xB5F6,0xBE17,0xAD95,0x6B8D,0xA554,0xC658,0xBDF7,0xB5F7,0xB5F7,0xB5F7,0xB5F7,0xB5F7,0xB5F7,0xB5F7,0xB5F7,0xB5F7,
  0xB5F7,0xB5F7,0xB5F7,0xB5F7,0xB5F7,0xB5F7,0xB5F7,0xB5F7,0xB5F7,0xB5F7,0xB5F7,0xB5F7,0xB5F7,0xB5F7,0xB5F7,0xB5F7,
  0xB5F7,0xB5F7,0xB5F7,0xB5F7,0xB5F7,0xB5F7,0xB5F7,0xB5F7,0xB5F7,0xB5F7,0xB5F6,0xBDF7,0x84AC,0x7489,0xA594,0xBDF7,
  0x6C29,0x63EA,0x5B71,0x4AD2,0x7430,0x6BEB,0x4249,0x4AF0,0x42B0,0x73F2,0xFFFF,0x7BF0,0xCEDB,0xF7FF,0xDF7E,0xAE9B,
  0xBF7F,0xDFBF,0xF7FF,0x8492,0xB5F8,0xEFFF,0x5B0F,0x42B0,0x31A9,0x31A7,0x4AAE,0x5330,0x4AF1,0x2A11,0x2A12,0x5B50,
  0xB5D5,0xBDF7,0xB5F6,0xB5F7,0xB5F7,0xB5F7,0xB5F7,0xB5F7,0xB5F7,0xB5F7,0xB5F7,0xB5F7,0xB5F7,0xB5F7,0xB5F7,0xB5F6,
  0xBE17,0xADB5,0x3186,0x6B6D,0x73AE,0x94D2,0xB5B6,0xBDF7,0xB5F7,0xB5F7,0xB5F7,0xB5F7,0xB5F7,0xB5F7,0xB5F7,0xB5F7,
  0xB5F7,0xB5F7,0xB5F7,0xB5F7,0xB5F7,0xB5F7,0xB5F7,0xB5F7,0xB5F7,0xB5F7,0xB5F7,0xB5F7,0xB5F7,0xB5F7,0xB5F7,0xB5F7,
  0xB5F7,0xB5F7,0xB5F7,0xB5F7,0xB5F7,0xB5F7,0xB5F7,0xB5F7,0xB5F7,0xB5F7,0xB5F7,0xB5F7,0xBDF7,0xBDF7,0xBE17,0xB5F6,
  0xC638,0x8474,0x2A11,0x3272,0x3272,0x42B2,0x31E9,0x4ACF,0x42B0,0x73F2,0xFFFF,0x7C10,0xCEDB,0xF7FF,0xDF7E,0xAE9B,
  0xBF7F,0xDFBF,0xF7FF,0x8492,0xB5F8,0xEFFF,0x530F,0x42B0,0x31C9,0x31A7,0x29EE,0x21F1,0x2A12,0x3251,0x2212,0x6BD3,
  0xC637,0xB5D6,0xB5F7,0xB5F7,0xB5F7,0xB5F7,0xB5F7,0xB5F7,0xB5F7,0xB5F7,0xB5F7,0xB5F7,0xB5F7,0xB5F7,0xB5F7,0xB5F6,
  0xBE17,0x4A89,0x18E3,0x6B8D,0x4228,0x2144,0xAD75,0xBE17,0xB5F6,0xB5F7,0xB5F7,0xB5F7,0xB5F7,0xB5F7,0xB5F7,0xB5F7,
  0xB5F7,0xB5F7,0xB5F7,0xB5F7,0xB5F7,0xB5F7,0xB5F7,0xB5F7,0xB5F7,0xB5F7,0xB5F7,0xB5F7,0xB5F7,0xB5F7,0xB5F7,0xB5F7,
  0xB5F7,0xB5F7,0xB5F7,0xB5F7,0xB5F7,0xB5F7,0xB5F7,0xB5F7,0xB5F7,0xB5F7,0xB5F7,0xB5F7,0xB5F6,0xB5F6,0xB5F6,0xB5F7,
  0xB5D6,0xBE37,0x5B72,0x3252,0x3A92,0x3271,0x31E9,0x4AD0,0x42B0,0x73F2,0xFFFF,0x7C30,0xCEDB,0xF7FF,0xDF7E,0xB69B,
  0xBF7F,0xDFBF,0xF7FF,0x8472,0xB5F8,0xEFFF,0x530F,0x42B0,0x31A9,0x3187,0x320E,0x2A32,0x3231,0x2A31,0x2A32,0x94F4,
  0xBE17,0xB5F6,0xB5F7,0xB5F7,0xB5F7,0xB5F7,0xB5F7,0xB5F7,0xB5F7,0xB5F7,0xB5F7,0xB5F7,0xB5F7,0xB5F7,0xB5F7,0xB5F6,
  0xBE17,0x3A07,0x6B6D,0x8C71,0x7C0F,0xBE38,0xBE17,0xB5F6,0xB5F7,0xB5F7,0xB5F7,0xB5F7,0xB5F7,0xB5F7,0xB5F7,0xB5F7,
  0xB5F7,0xB5F7,0xB5F7,0xB5F7,0xB5F7,0xB5F7,0xB5F7,0xB5F7,0xB5F7,0xB5F7,0xB5F7,0xB5F7,0xB5F7,0xB5F7,0xB5F7,0xB5F7,
  0xB5F7,0xB5F7,0xB5F7,0xB5F7,0xB5F7,0xB5F7,0xB5F7,0xB5F7,0xB5F7,0xB5F7,0xB5F7,0xB5F7,0xB5F7,0xB5F7,0xB5F7,0xB5F7,
  0xB5D6,0xBE37,0x94F4,0x3251,0x3A92,0x3271,0x31C9,0x4AD0,0x3A70,0x7413,0xFFFF,0x7C10,0xCEDB,0xF7FF,0xDF7E,0xB69B,
  0xBF7F,0xDFBF,0xF7FF,0x7C72,0xB5F8,0xEFFF,0x530F,0x42B0,0x31C9,0x3187,0x322E,0x2A52,0x2A31,0x2A32,0x3A72,0xAD96,
  0xBE17,0xB5F7,0xB5F7,0xB5F7,0xB5F7,0xB5F7,0xB5F7,0xB5F7,0xB5F7,0xB5F7,0xB5F7,0xB5F7,0xB5F7,0xB5F7,0xB5F7,0xB5F6,
  0xBE17,0xB5B6,0x4228,0x52AA,0xBDF7,0x7BEF,0xA534,0xBDF7,0xB5D6,0xB5D6,0xB5D6,0xB5D6,0xB5D6,0xB5D6,0xB5F6,0xB5F7,
  0xB5F7,0xB5F7,0xB5F7,0xB5F6,0xB5F7,0xB5F7,0xB5F7,0xB5F7,0xB5F7,0xB5F7,0xB5F7,0xB5F7,0xB5F7,0xB5F7,0xB5F7,0xB5F7,
  0xB5F7,0xB5F7,0xB5F7,0xB5F7,0xB5F7,0xB5F7,0xB5F7,0xB5F6,0xB5F7,0xB5F7,0xB5F7,0xB5F7,0xB5F7,0xB5F6,0xB5F6,0xB5F7,
  0xB5F7,0xBDF7,0xADB6,0x42B1,0x3292,0x3A92,0x39EA,0x42AF,0x3A6F,0x7413,0xFFFF,0x7C10,0xCEFC,0xF7FF,0xDF7D,0xAE9B,
  0xBF7F,0xDFBF,0xF7FF,0x8492,0xB638,0xEFFF,0x530F,0x4AB0,0x31C9,0x3187,0x322E,0x3252,0x3252,0x3252,0x3252,0xA575,
  0xBE17,0xB5D6,0xB5F6,0xB5F6,0xB5F6,0xB5F6,0xB5F7,0xB5F6,0xB5F6,0xB5F7,0xB5F7,0xB5F6,0xB5F6,0xB5F6,0xB5F6,0xB5F7,
  0xB5D6,0xC658,0x9D13,0x5B0B,0x7BEF,0x0881,0x9CF3,0xCE99,0xC638,0xC658,0xC658,0xC658,0xC658,0xC658,0xBE17,0xB5F7,
  0xB5F7,0xB5F7,0xB5F7,0xB5F7,0xB5F7,0xB5F7,0xB5F6,0xB5F6,0xB5F7,0xB5F7,0xB5F6,0xB5F7,0xB5F7,0xBDF7,0xBDF7,0xBDF7,
  0xBDF7,0xB5F7,0xB5F7,0xB5F7,0xB5F7,0xB5F7,0xBDF7,0xBE17,0xB5F7,0xB5F7,0xB5F7,0xB5F7,0xB5F6,0xBE17,0xBE17,0xB5F7,
  0xB5F7,0xB5F7,0xBE17,0x5312,0x2A31,0x3230,0x31E9,0x42AF,0x3A8F,0x7413,0xFFFF,0x7410,0xCEFC,0xF7FF,0xDF5D,0xAE7B,
  0xBF5F,0xDFBF,0xF7FF,0x8492,0xBE39,0xEFFF,0x530F,0x4AD1,0x29A9,0x3187,0x29EE,0x21D1,0x29F0,0x29F1,0x3A70,0xB5B6,
  0xBDF7,0xBE17,0xBE18,0xBE18,0xBE17,0xBE17,0xB5F6,0xBE17,0xBE17,0xB5F7,0xB5F7,0xBDF7,0xBE18,0xBE18,0xBE18,0xBDF7,
  0xBDF7,0xB5D6,0x73EF,0x5B0B,0x6B8D,0x6B8D,0x8430,0x73CE,0x73EF,0x73CE,0x73CE,0x73CF,0x73EF,0x6B8D,0xA554,0xBE17,
  0xB5D6,0xB5D6,0xB5B5,0xBDD5,0xBDF7,0xB5F6,0xBE17,0xBE18,0xB5F7,0xB5F7,0xBE17,0xBDF6,0xBDD6,0xB5B5,0xB5B5,0xB5B5,
  0xB5B5,0xB5F7,0xB5F7,0xB5F7,0xB5F7,0xBDF7,0xB5B6,0xAD54,0xB5F6,0xB5F7,0xB5F7,0xB5F6,0xBE17,0xA532,0xA4F2,0xBDF7,
  0xB5F7,0xB5F6,0xBE17,0x7B8D,0x6286,0x5A88,0x3A2A,0x4AF0,0x324E,0x7413,0xFFFF,0x7410,0xD6FC,0xF7FF,0xDF5D,0xAE5B,
  0xBF5F,0xDFBF,0xF7FF,0x8472,0xBE39,0xEFFF,0x530F,0x4AD1,0x31C9,0x3187,0x7C11,0x8CB4,0x7C12,0x736C,0x8BED,0xB5D6,
  0xB5D6,0xAD73,0xA4EE,0x9CAE,0xA511,0xAD32,0xBE17,0xAD52,0xAD52,0xB5F7,0xBDF7,0xAD94,0x9C8D,0xAC8B,0x9C8D,0xAD53,
  0xBE17,0xAD32,0x3163,0x39E7,0x73AE,0x73AE,0x39E7,0x18A1,0x1880,0x20E1,0x18C1,0x20C0,0x20C0,0x52CA,0xADB6,0xAD74,
  0x9CB0,0x9C8F,0xA48C,0x9C08,0x9C6C,0xB5D6,0xB594,0xA4CF,0xB5D6,0xBDF7,0xA4F0,0x9C08,0x9C29,0x9CAE,0x9C8F,0xAD32,
  0xB5B5,0xB5F7,0xB5F7,0xB5F7,0xB5F6,0xBDF7,0xB5B5,0xA512,0xB5D6,0xB5F7,0xB5F7,0xB5F7,0xBDF7,0xAD53,0xAD33,0xB5F7,
  0xB5F7,0xB5F6,0xB5F7,0xBDF6,0xBDF6,0xAD95,0x424A,0x4AD0,0x3A4E,0x73F2,0xFFFF,0x7410,0xD71C,0xF7FF,0xDF5D,0xA63A,
  0xBF5F,0xDFBF,0xF7FF,0x8472,0xBE59,0xEFFF,0x530F,0x4290,0x3A0A,0x39C8,0xA533,0xC637,0xBDD4,0xBDD4,0xBDF5,0xBE18,
  0xB5D6,0xA4F0,0xA4EF,0xAD74,0xB5B5,0xB5D6,0xA511,0x9C8D,0xAD52,0xB5F6,0xB5F7,0xB5D6,0xAD74,0xA511,0xAD53,0xB5D6,
  0xBDF7,0xAD52,0xAD32,0xC658,0x39E7,0x7BEF,0xCE79,0xAD53,0xA532,0xB5B5,0xB5B5,0xAD73,0xAD52,0xC658,0xB5B5,0x9CAF,
  0xA48B,0xA48D,0xA533,0xB5D6,0xB5D6,0xBDF7,0xAD73,0xB573,0xB5F7,0xB5F7,0xB5D6,0xAD95,0xB5D6,0xBE18,0xA532,0x9CAE,
  0xAD32,0xBDF7,0xB5F7,0xBDF7,0xBE17,0xB5F7,0xBDF7,0xBE18,0xB5F7,0xB5F6,0xB5F7,0xB5F7,0xB5F6,0xBE17,0xBE18,0xB5F7,
  0xB5F7,0xB5F7,0xB5F7,0xB5D7,0xBDF7,0xB5B6,0x4AAB,0x4AAF,0x3A4F,0x73F3,0xFFFF,0x7410,0xCF1C,0xF7FF,0xDF5D,0xA63B,
  0xBF5F,0xDFBF,0xF7FF,0x7C51,0xBE59,0xEFFF,0x52EF,0x42B0,0x39E9,0x31A7,0x94D3,0xAD53,0x8BA8,0x93A5,0x9BC4,0xA407,
  0x9C6C,0x9CB0,0x9CF1,0xBE17,0xB5B5,0x9CCF,0x9C6C,0xA4F1,0xB5B5,0xBDF7,0xB5F6,0xBDF7,0xBE17,0xBE18,0xBE17,0xB5F7,
  0xB5F6,0xBE17,0xBE18,0xB5D6,0x6B8D,0xA554,0xBE17,0xBE17,0xBE18,0xBE17,0xBE17,0xBE17,0xBE18,0xB5D6,0xB5F7,0xB5D6,
  0xAD73,0xAD74,0xB5B5,0xBDF7,0xBDF6,0xB5F6,0xBE17,0xBE17,0xB5F7,0xB5F7,0xBDF7,0xBE17,0xBDF7,0xB5F6,0xB5F7,0xB5B5,
  0xAD74,0xBDF7,0xB5F7,0xB595,0xB595,0xB5D6,0xB5D6,0xB5D6,0xBDF6,0xBDF7,0xB5F6,0xB5F6,0xBE17,0xB5F6,0xB5D5,0xB5F6,
  0xB5F6,0xB5D5,0xB5B4,0xBDF7,0xBE38,0xB5B6,0x3A08,0x4AAF,0x3A6F,0x73F2,0xFFFF,0x73F0,0xCF1C,0xF7FF,0xDF5D,0xA65B,
  0xBF5F,0xDFBF,0xF7FF,0x7C51,0xBE7A,0xEFFF,0x530F,0x4AD1,0x39E9,0x31A7,0x94B2,0xC658,0xB5F7,0xAD53,0xA4CE,0xA4CF,
  0xA4CF,0xA511,0xAD52,0xAD73,0xA532,0x9CD0,0xA532,0xAD53,0xB595,0xBDF7,0xB5F7,0xB5F7,0xB5F6,0xB5F6,0xB5F6,0xB5F7,
  0xB5F7,0xB5F6,0xBDF7,0xBE18,0xC679,0xBE18,0xBE17,0xB5F6,0xB5F6,0xB5F6,0xB5F6,0xB5D6,0xB5D6,0xB5F7,0xB5F7,0xBDF7,
  0xBE17,0xBE17,0xBE38,0xBE18,0xBE18,0xBE18,0xBE17,0xB5F6,0xB5F7,0xB5F7,0xB5F7,0xB5F6,0xB5F7,0xB5F7,0xB5F6,0xBDF7,
  0xBE17,0xBDF7,0xB5D6,0xA4F1,0xA4F1,0xA533,0x9CD0,0x9C6C,0x9C6C,0xAD53,0xBE38,0xAD54,0x9CAE,0xA48C,0x9C6C,0xBE18,
  0xAD95,0x9C6C,0x9C2A,0x93E8,0xA4CE,0xAD74,0x39E8,0x428F,0x3A4F,0x73F2,0xFFFF,0x73F0,0xD71C,0xF7FF,0xDF5D,0xA63B,
  0xBF5F,0xDFBF,0xF7FF,0x8451,0xBE7A,0xEFFF,0x530F,0x4AD1,0x31C9,0x3187,0x94D2,0xBDF6,0x9C6C,0x9BE6,0xA426,0xAC8A,
  0xACAB,0xA46A,0xA4AD,0x9C6D,0x9CAF,0xB5F6,0xBE38,0xBE17,0xBDF7,0xB5F7,0xB5F7,0xB5F7,0xB5F7,0xB5F7,0xB5F7,0xB5F7,
  0xB5F7,0xB5F7,0xAD74,0xAD31,0xB593,0xB594,0xAD73,0xB5F6,0xB5F7,0xB5F7,0xB5F6,0xBE17,0xBE17,0xB5B4,0xB5B5,0xB5F7,
  0xBDF7,0xAD74,0x9C6D,0xACCC,0xB550,0xAD52,0xAD74,0xBDF7,0xB5F6,0xB5F7,0xB5F7,0xB5F7,0xB5F7,0xB5F7,0xB5F7,0xB5F7,
  0xB5F6,0xB5F7,0xB5F7,0xBE17,0xBE17,0xBDF7,0xBDF7,0xB5F7,0xB5D6,0xAD52,0xB551,0xB593,0xB5F7,0xBE17,0xB5D7,0xAD52,
  0xA48B,0xA48C,0xAD31,0xA4CF,0xA511,0xB5B6,0x4228,0x428E,0x3A4F,0x73F3,0xFFFF,0x73EF,0xD71C,0xF7FF,0xDF3D,0xA63B,
  0xBF5F,0xDFBF,0xF7FF,0x7C51,0xBE7A,0xEFFF,0x530F,0x4AD0,0x31C9,0x3187,0x94B2,0xBE17,0xA531,0xAD53,0xA531,0xA510,
  0xAD32,0xB5B5,0xBE18,0xBE17,0xBDF6,0xB5D6,0xBDF6,0xBE17,0xB5F7,0xB5F7,0xB5F7,0xB5F7,0xB5F7,0xB5F7,0xB5F7,0xB5F7,
  0xB5F7,0xB5F7,0xAD53,0xA4D0,0x9C8D,0x9C6C,0xA512,0xBDF7,0xB5F7,0xB5F6,0xB5F7,0xA511,0xA46A,0x9C27,0x9C6C,0xB5B6,
  0xBDF7,0xB5D6,0xAD74,0xA4CE,0x9C6B,0xA4AF,0xAD74,0xBDF7,0xB5F6,0xB5F7,0xB5F7,0xB5F7,0xB5F7,0xB5F7,0xB5F7,0xB5F7,
  0xB5F7,0xB5F7,0xB5F7,0xB5F6,0xB5F6,0xB5F6,0xB5F6,0xBDF7,0xA511,0x9C4B,0xA46B,0x9C28,0xA46B,0xAD11,0xAD32,0xA511,
  0x944B,0x940A,0x940A,0xA4CF,0xB5F7,0xADB6,0x3A08,0x4AAF,0x322E,0x7413,0xFFFF,0x73EF,0xD71C,0xF7FF,0xDF5D,0xA63B,
  0xBF5F,0xDFBF,0xF7FF,0x8471,0xBE7A,0xEFFF,0x530F,0x4AB0,0x31C9,0x3187,0x94F3,0xBE17,0x9C4B,0x9C8E,0xAD95,0xBE38,
  0xBE17,0xBE17,0xAD95,0xA4F1,0x9C4B,0x9C08,0x9C49,0x9CAF,0xB5B5,0xBDF7,0xB5F6,0xB5F6,0xB5F6,0xB5F7,0xB5F7,0xB5F7,
  0xB5F6,0xB5F6,0xBE17,0xBE38,0xBE18,0xBE18,0xBE17,0xB5F6,0xB5F6,0xB5F6,0xB5F7,0xB595,0xAD53,0xB5D6,0xB5F7,0xB5F6,
  0xB5F6,0xB5F7,0xBE17,0xBE18,0xBE18,0xBE18,0xBDF7,0xB5F6,0xB5F6,0xB5F6,0xB5F7,0xB5F7,0xB5F7,0xB5F7,0xB5F7,0xB5F7,
  0xB5F6,0xB5F6,0xB5F6,0xB5F6,0xB5F6,0xB5F6,0xB5F7,0xB5F7,0xBDF7,0xBE18,0xBE18,0xB5F7,0xAD73,0xA4F1,0xAD32,0xBE38,
  0xBE39,0xB5F6,0xAD10,0xA4AD,0xAD73,0xB5B6,0x39E8,0x428E,0x320E,0x73F3,0xFFFF,0x73F0,0xD71C,0xF7FF,0xDF3D,0xA63B,
  0xBF5F,0xDFBF,0xF7FF,0x8451,0xBE9A,0xEFFF,0x52EF,0x42B0,0x31C9,0x2987,0x94D2,0xBE37,0xB5F7,0xBDF7,0xB5F6,0xB5F6,
  0xB5F6,0xB5F6,0xBDF7,0xBE17,0xB5F7,0xB5B6,0xAD95,0xB5D6,0xBE17,0xBE18,0xBE18,0xBE18,0xBE17,0xBDF7,0xB5F6,0xBDF7,
  0xBE17,0xBE18,0xBE17,0xB5F6,0xB5F6,0xB5F6,0xBDF7,0xBE17,0xBE18,0xBE18,0xBE17,0xBDF7,0xBE18,0xBE17,0xBE17,0xBE18,
  0xBE17,0xB5F6,0xB5F6,0xBDF7,0xBE18,0xB618,0xBE18,0xBE18,0xBE18,0xBE17,0xB5F7,0xB5F7,0xBDF7,0xB5F7,0xB5F7,0xB5F7,
  0xBDF7,0xBE18,0xBE18,0xBE17,0xBE17,0xBE17,0xB5F7,0xB5F7,0xB5F6,0xB5F6,0xB5F6,0xBDF7,0xBE17,0xBE18,0xBE17,0xB5D6,
  0xB5F7,0xA531,0x9CAD,0xA4F0,0xAD53,0xADB6,0x4229,0x42AF,0x320E,0x7413,0xFFFF,0x7410,0xD71C,0xF7FF,0xDF5D,0xA65B,
  0xBF5F,0xDFBF,0xF7FF,0x7C31,0xBE9A,0xEFFF,0x52EF,0x428F,0x31EA,0x2987,0x94D2,0xBE17,0xB5D6,0xB5D6,0xB5F6,0xB5F6,
  0xB5F6,0xB5F6,0xB5F6,0xB5D6,0xB5D6,0xB5F7,0xBDF7,0xB595,0xAD32,0xA4EE,0xAD0F,0xB551,0xAD52,0xB5B5,0xB5F7,0xB5D6,
  0xAD74,0xAD32,0xAD74,0xB5D6,0xB5F7,0xB5D6,0xAD74,0xAD32,0xAD31,0xA511,0xAD74,0xB5F7,0xB5B5,0xAD74,0xAD52,0xA4F0,
  0xAD94,0xB5F7,0xB5D6,0xB595,0xAD10,0xACEE,0xA4AB,0xACCE,0xAD30,0xB574,0xB5D6,0xB5D6,0xB5B6,0xB5F6,0xB5D6,0xB5F7,
  0xB594,0xAD10,0xAD0F,0xAD51,0xAD53,0xAD95,0xB5D6,0xB5F6,0xB5F6,0xB5F6,0xB5F6,0xB5F6,0xB5D6,0xB5D6,0xB5D6,0xB5F6,
  0xB5F6,0xBE17,0xBE18,0xBE18,0xBE18,0xAD95,0x3A29,0x4AAF,0x320E,0x7413,0xFFFF,0x7410,0xD71C,0xF7FF,0xDF5E,0xAE5B,
  0xBF7F,0xDFBF,0xF7FF,0x7C31,0xBE9A,0xE7DF,0x52EF,0x4290,0x31E9,0x31A8,0x94D3,0xC658,0xBE17,0xBE17,0xBE17,0xBE17,
  0xBE17,0xBE17,0xBE17,0xBE17,0xBE17,0xBE37,0xB5D6,0x946E,0xA4AE,0xACEF,0xA4AC,0xA4AC,0x9C8D,0xB5B5,0xBE38,0xB5B5,
  0xA4F1,0xA4CF,0xA511,0xBDF6,0xBE17,0xBE17,0xA511,0xAD52,0xA4F0,0xA4F0,0xB5B5,0xBE38,0xB5F6,0xA532,0xAD52,0xA4F0,
  0xB5B5,0xBE37,0xBE17,0xA4D0,0x9C29,0xA46B,0xA4AC,0xA4EE,0xA4EF,0x9C8D,0x9C6C,0x9C8E,0xAD74,0xBE38,0xBE17,0xBE38,
  0xAD31,0xACAC,0xB52F,0xBDD5,0xAD53,0xB595,0xBE17,0xBE17,0xBE17,0xBE17,0xBE17,0xBE17,0xBE17,0xBE17,0xBE17,0xBE17,
  0xBE17,0xBE17,0xBE17,0xBE17,0xBE17,0xB5D6,0x4A6B,0x42AF,0x29ED,0x7413,0xFFFF,0x7410,0xD73D,0xF7FF,0xDF5D,0xAE5B,
  0xBF7F,0xDFBF,0xF7FF,0x7C31,0xC6BB,0xE7DF,0x530F,0x4AB0,0x31C9,0x31C8,0x8451,0xA575,0x9D34,0xA534,0xA534,0xA534,
  0xA534,0xA534,0xA534,0xA534,0xA534,0xA534,0x9D34,0xA555,0xA555,0xA555,0xA555,0xA555,0xA555,0xA554,0x9D14,0xA554,
  0xA575,0xA575,0xA575,0xA534,0xA534,0xA534,0xA575,0xA575,0xA555,0xA575,0xAD75,0xA534,0x9D34,0xA555,0xA534,0xA555,
  0xA534,0xA534,0xA554,0xA555,0x9D35,0x9D35,0xA555,0xA555,0xA555,0xA555,0xA534,0xA534,0xA554,0xA534,0x9D34,0xA534,
  0xA575,0xA575,0xA555,0x9D34,0xA555,0xA554,0x9D14,0x9D34,0xA554,0xA534,0xA534,0xA534,0xA534,0xA534,0xA554,0xA534,
  0xA554,0xA534,0xA534,0xA554,0xA555,0x9D14,0x4A8B,0x3A6E,0x29ED,0x7413,0xFFFF,0x73F0,0xD73D,0xF7FF,0xDF5D,0xAE7B,
  0xBF7F,0xDFBF,0xF7FF,0x7C30,0xC6BB,0xE7DF,0x5B30,0x4AD1,0x31CA,0x31C9,0x39E9,0x39E9,0x4229,0x39E9,0x4229,0x4229,
  0x39E9,0x4229,0x39C8,0x39C8,0x39C8,0x4209,0x4A6A,0x39E8,0x39C8,0x39C8,0x31A7,0x39C8,0x39C8,0x39C8,0x31C8,0x39C8,
  0x39E8,0x39C8,0x41E8,0x39E9,0x31A8,0x39E8,0x39E9,0x39E8,0x39C8,0x4A6A,0x4A4A,0x39E8,0x39C8,0x39C8,0x39E9,0x39E9,
  0x39C8,0x4209,0x31A8,0x39E8,0x31A7,0x39C8,0x39C8,0x39C8,0x39C8,0x39C8,0x39C8,0x39C8,0x39C8,0x39E8,0x39E8,0x4209,
  0x4A29,0x39E8,0x39C8,0x39C8,0x39E8,0x39C8,0x4209,0x41E8,0x4209,0x4A4A,0x39C8,0x39E8,0x4229,0x4229,0x4A6A,0x4A49,
  0x4229,0x4A6A,0x4229,0x4A4A,0x528B,0x39E9,0x31C9,0x3A4E,0x29CD,0x7433,0xFFFF,0x6BCF,0xD73D,0xF7FF,0xDF5D,0xAE7B,
  0xBF7F,0xDFBF,0xF7FF,0x7C31,0xC6BB,0xF7FF,0x6370,0x4AD1,0x428E,0x29A9,0x31CA,0x29AA,0x29AA,0x29A9,0x2989,0x29AA,
  0x29A9,0x29A9,0x29A9,0x2989,0x29A9,0x29A9,0x31CA,0x29A9,0x29A9,0x29A9,0x2989,0x2989,0x2989,0x2989,0x2989,0x2989,
  0x2989,0x2989,0x2989,0x2989,0x2989,0x2989,0x298A,0x2989,0x2989,0x2989,0x2989,0x2989,0x29A9,0x2989,0x29AA,0x2989,
  0x29AA,0x29AA,0x29AA,0x29AA,0x2169,0x2169,0x2169,0x2189,0x2168,0x2168,0x2169,0x2169,0x2169,0x2169,0x2169,0x2169,
  0x2169,0x2989,0x2989,0x2989,0x2989,0x2969,0x2989,0x2168,0x2169,0x29AA,0x2989,0x2989,0x2989,0x2989,0x298A,0x298A,
  0x2989,0x2189,0x298A,0x2989,0x31CB,0x2989,0x2989,0x3A4E,0x29CD,0x8CD5,0xFFFF,0x6BAE,0xD73D,0xF7FF,0xDF5D,0xAE9B,
  0xBF7F,0xDFBF,0xF7FF,0x7C30,0xC69A,0xF7FF,0xADD8,0x320D,0x3A70,0x3A70,0x3A70,0x3A70,0x3A4F,0x3A50,0x3A50,0x324F,
  0x322F,0x322F,0x322F,0x322F,0x322F,0x322F,0x320E,0x322F,0x324F,0x322F,0x322F,0x322F,0x322F,0x322F,0x322F,0x322F,
  0x322F,0x320E,0x320E,0x322E,0x322F,0x320E,0x320E,0x320E,0x320E,0x320E,0x320E,0x320E,0x320E,0x322E,0x322E,0x320E,
  0x320E,0x31ED,0x320E,0x29EE,0x29EE,0x29EE,0x29EE,0x2A0E,0x320E,0x322F,0x320E,0x29EE,0x320E,0x2A0E,0x2A0E,0x29EE,
  0x29EE,0x29EE,0x29EE,0x29EE,0x29EE,0x29EE,0x320E,0x2A0E,0x29EE,0x29EE,0x29EE,0x29EE,0x29EE,0x29EE,0x29EE,0x29EE,
  0x2A0E,0x29EE,0x29EE,0x320E,0x320E,0x3A4F,0x322E,0x29EE,0x320D,0xC6BB,0xF7FF,0x73AF,0xD73D,0xF7FF,0xDF5D,0xB69B,
  0xBF9F,0xDFDF,0xF7FF,0x7C30,0xC6BB,0xEFFF,0xEFFF,0xB639,0x7413,0x63D2,0x6391,0x5B50,0x5B30,0x5B2F,0x5B2F,0x5B0F,
  0x5B10,0x5310,0x530F,0x530F,0x52EF,0x5310,0x52EF,0x530F,0x5310,0x5310,0x5B10,0x5310,0x530F,0x530F,0x5310,0x5330,
  0x5310,0x5330,0x5310,0x5310,0x5310,0x5310,0x5330,0x5B51,0x5310,0x5330,0x5310,0x5310,0x5310,0x5310,0x5310,0x5310,
  0x4B10,0x4AEF,0x4AEF,0x4ACF,0x4ACF,0x4AEF,0x42CF,0x42CF,0x4ACF,0x42CF,0x42AF,0x42AF,0x42AF,0x42AF,0x42AF,0x428F,
  0x428E,0x428E,0x428E,0x428E,0x428E,0x428E,0x428F,0x3A6E,0x3A6E,0x3A6E,0x3A4E,0x3A4E,0x3A4E,0x3A4E,0x3A4E,0x3A4E,
  0x3A4D,0x3A4D,0x3A4D,0x3A2D,0x3A4D,0x3A4D,0x428E,0x52EF,0xADD8,0xEFFF,0xEFFF,0x73AF,0xD75D,0xF7FF,0xDF5D,0xB69B,
  0xBF9F,0xDFBF,0xF7FF,0x7C10,0xC6BB,0xEFFF,0xE7BF,0xEFFF,0xF7FF,0xEFFF,0xEFFF,0xEFFF,0xEFFF,0xEFFF,0xEFDF,0xEFDF,
  0xEFFF,0xEFDF,0xEFFF,0xEFFF,0xEFDF,0xEFDF,0xEFDF,0xEFDF,0xEFDF,0xEFDF,0xEFDF,0xEFDF,0xE7DF,0xE7DF,0xE7DF,0xE7DF,
  0xE7DF,0xE7DF,0xE7DF,0xE7DF,0xE7DF,0xE7DF,0xE7DF,0xE7FF,0xEFFF,0xE7DF,0xEFFF,0xEFFF,0xE7DF,0xE7BF,0xEFFF,0xE7FF,
  0xE7BF,0xEFFF,0xE7DF,0xE7FF,0xE7FF,0xE7BF,0xE7FF,0xE7FF,0xE7DF,0xE7FF,0xE7DF,0xDF9E,0xDFBE,0xDFBE,0xDF9E,0xDF9E,
  0xE79E,0xDF9E,0xDF9E,0xDF9E,0xDF9E,0xDF9E,0xDF7E,0xDF7E,0xDF7E,0xDF7E,0xDF7D,0xDF7D,0xDF5D,0xDF5D,0xDF5D,0xDF5D,
  0xDF5D,0xDF5D,0xDF5D,0xD73D,0xD73D,0xD73D,0xD73D,0xEFDF,0xEFFF,0xDFBF,0xEFDF,0x73CF,0xDF5D,0xEFFF,0xDF5D,0xB69B,
  0xBF7F,0xDFBF,0xF7FF,0x73CF,0xBE38,0xFFFF,0xEFFF,0xE7FF,0xE7FF,0xE7FF,0xE7FF,0xE7FF,0xE7FF,0xE7FF,0xE7FF,0xE7FF,
  0xE7FF,0xE7FF,0xE7FF,0xE7FF,0xE7FF,0xE7FF,0xE7FF,0xE7FF,0xE7FF,0xE7FF,0xE7FF,0xE7FF,0xE7FF,0xE7FF,0xE7FF,0xE7FF,
  0xE7FF,0xE7FF,0xE7BF,0xE7DF,0xDF9E,0xE7BF,0xE79E,0xDF5D,0xCEBB,0xE7DF,0xD71C,0xCEDB,0xDFBF,0xE7DF,0xCEDB,0xD73D,
  0xE7DF,0xBE59,0xDF5D,0xD71C,0xCEDB,0xE7BF,0xCEDB,0xD71C,0xDF5D,0xCEDB,0xDF5D,0xEFFF,0xE7BF,0xE7DF,0xE7FF,0xE7FF,
  0xE7FF,0xE7FF,0xE7FF,0xE7FF,0xE7FF,0xEFFF,0xEFFF,0xEFFF,0xEFFF,0xE7FF,0xEFFF,0xEFFF,0xEFFF,0xEFFF,0xEFFF,0xEFFF,
  0xEFFF,0xE7FF,0xEFFF,0xEFFF,0xEFFF,0xEFFF,0xEFFF,0xE7DF,0xE7DF,0xE7FF,0xF7FF,0x6B6D,0xDF9E,0xEFFF,0xDF5D,0xB69B,
  0xBF9F,0xDFDF,0xEFFF,0xBE7A,0x52CB,0xBE18,0xCEDB,0xCEFC,0xD6FC,0xD6FC,0xD6FC,0xD71C,0xD71C,0xD71C,0xD71C,0xD71C,
  0xD71C,0xD71C,0xD71C,0xD71C,0xD71C,0xD71C,0xD71C,0xD71C,0xD71C,0xD71C,0xD71C,0xD71C,0xD71C,0xD71C,0xD71C,0xD71C,
  0xD71C,0xDF3C,0xBE18,0xBE38,0x94B2,0xC659,0x8C71,0x8C92,0xAD97,0xA534,0x8C92,0xADB6,0xE7BE,0xC69A,0x8431,0xB5D7,
  0xAD96,0xB5F7,0xB5D7,0x94B2,0xADD7,0x8430,0x94D3,0xC67A,0x8C72,0xA576,0xA575,0x8CB2,0xC679,0xC69A,0xDF7D,0xD73C,
  0xD71C,0xD73C,0xD71C,0xD71C,0xD73C,0xD73C,0xD73C,0xD73C,0xD73C,0xD73D,0xDF3D,0xD73D,0xD73D,0xD73C,0xDF3D,0xDF3D,
  0xDF3D,0xDF5D,0xDF5D,0xDF5D,0xDF5D,0xDF5D,0xDF5D,0xDF7D,0xDF7D,0xE75D,0x8471,0x7C30,0xF7FF,0xEFDF,0xDF7D,0xB69B,
  0xBF9F,0xE7DF,0xE7BF,0xEFFF,0xBE59,0x73CF,0x73CF,0x7BEF,0x73EF,0x73CF,0x73CF,0x73CF,0x73CF,0x73CF,0x73CF,0x73CF,
  0x6BAF,0x6BAE,0x6B8E,0x6BAE,0x6B8E,0x6B8E,0x6BAF,0x6BAF,0x6B8E,0x6B8E,0x636E,0x636E,0x636E,0x6B6E,0x6B8E,0x6B8E,
  0x6B8E,0x636E,0xBE59,0x8430,0xA555,0x8C92,0xA534,0x7C31,0xFFFF,0x8451,0x7C10,0xC659,0xE7DF,0xD6FB,0xADB7,0x94D3,
  0x8CB2,0xFFFF,0xC67A,0x7BEF,0x94D3,0x8430,0x9D34,0xDF1C,0x8C51,0xC659,0xBE59,0x94F3,0x73CF,0xC679,0x73AF,0x632D,
  0x632D,0x634D,0x634D,0x632D,0x632D,0x632D,0x632D,0x630C,0x5B0C,0x5B0C,0x5B0C,0x5AEC,0x5AEB,0x5AEB,0x5AEB,0x5B0C,
  0x5AEB,0x5B0C,0x5B0C,0x5B0C,0x5B0B,0x630C,0x632C,0x632C,0x632C,0x632C,0x8472,0xEFDF,0xE7BF,0xEFDF,0xDF7D,0xAE9B,
  0xBF9F,0xDFDF,0xE7DF,0xE7BF,0xEFFF,0xF7FF,0xEFFF,0xEFFF,0xEFFF,0xEFFF,0xEFFF,0xEFFF,0xEFFF,0xEFFF,0xEFFF,0xEFFF,
  0xEFFF,0xEFFF,0xEFFF,0xEFFF,0xEFFF,0xEFFF,0xEFFF,0xEFFF,0xEFFF,0xEFFF,0xEFFF,0xEFFF,0xEFFF,0xEFFF,0xEFFF,0xEFFF,
  0xEFFF,0xEFFF,0xE7DF,0x94F4,0xC6BB,0x9D55,0xC67A,0x7C31,0x9D14,0xADB7,0x94F3,0xAD96,0xDF7E,0xCEFB,0x9D14,0x9D14,
  0xADD7,0x9CF4,0x94F3,0xBE59,0xDF5D,0x94D3,0x94F4,0xBE18,0x94F4,0xAD97,0xADB7,0xD75D,0x8492,0xCEDB,0xEFFF,0xE7DF,
  0xEFFF,0xEFFF,0xE7FF,0xEFFF,0xEFFF,0xEFFF,0xEFFF,0xE7FF,0xEFFF,0xE7DF,0xE7DF,0xE7DF,0xE7DF,0xEFDF,0xEFDF,0xE7DF,
  0xE7DF,0xE7DF,0xE7DF,0xE7DF,0xE7DF,0xE7BF,0xE7BF,0xE7BF,0xE7BF,0xE7DF,0xF7FF,0xE7DF,0xE7BF,0xEFDF,0xDF7D,0xB69B,
  0xBFBF,0xDFDF,0xE7DF,0xE7BF,0xE7BF,0xDFBF,0xDFBF,0xDFBF,0xE7BF,0xE7BF,0xDFBF,0xDFBF,0xDFBF,0xDFBF,0xDFBF,0xDFBF,
  0xDFBF,0xDFBF,0xDFBF,0xDFBF,0xDFBF,0xDFBF,0xDFBF,0xDFBF,0xDFBF,0xE7BF,0xE7BF,0xE7BF,0xDFBF,0xDFBF,0xDFBF,0xDFBF,
  0xE7BF,0xDFBF,0xE7BF,0xEFFF,0xE7DF,0xEFFF,0xE7DF,0xE7DF,0xDF7E,0xEFFF,0xDFBF,0xDF7E,0xDFBF,0xE7FF,0xDF7E,0xDFBF,
  0xEFFF,0xDF7E,0xE7FF,0xE7DF,0xDFDF,0xE7FF,0xDF7E,0xDF7E,0xE7BF,0xD75D,0xDF9E,0xE7DF,0xEFFF,0xE7DF,0xE7BF,0xDFBF,
  0xE7BF,0xE7BF,0xDFBF,0xE7BF,0xE7BF,0xE7BF,0xE7BF,0xE7BF,0xDFBF,0xE7BF,0xE7BF,0xE7DF,0xE7BF,0xE7BF,0xE7BF,0xE7BF,
  0xE7BF,0xE7DF,0xE7DF,0xE7BF,0xE7BF,0xE7BF,0xE7BF,0xE7DF,0xE7DF,0xE7BF,0xDF9E,0xDF9E,0xDF9F,0xE7BF,0xDF7E,0xB6BC,
  0xC7BF,0xD79F,0xCF5E,0xC71D,0xC71D,0xC71D,0xBEFD,0xBEFD,0xBEFD,0xBEFD,0xBF1D,0xBEFD,0xBF1D,0xBF1D,0xBF1D,0xBF1D,
  0xBF1D,0xBF1D,0xBF1D,0xBF1D,0xC71D,0xC71D,0xC71D,0xC71D,0xC71D,0xC71D,0xC71D,0xC71D,0xC71D,0xC71D,0xC71D,0xC71D,
  0xC73D,0xC73D,0xC73D,0xC71D,0xC71D,0xC71D,0xC73D,0xC73D,0xCF3E,0xC71D,0xC73D,0xC73D,0xC73D,0xC73D,0xCF5E,0xCF3D,
  0xC73D,0xCF5E,0xC73D,0xCF3D,0xCF3D,0xC73D,0xCF3E,0xCF5E,0xCF3D,0xCF5E,0xCF5E,0xCF5D,0xCF3D,0xCF5D,0xCF5E,0xCF5D,
  0xCF5D,0xCF5E,0xCF5D,0xCF5D,0xCF5D,0xCF5E,0xCF3D,0xCF5E,0xD75E,0xCF5E,0xCF5D,0xCF5E,0xCF5D,0xCF5D,0xCF5D,0xCF5D,
  0xCF3D,0xCF3D,0xCF3D,0xCF3D,0xCF3D,0xCF3D,0xCF3D,0xCF3D,0xCF3D,0xCF3D,0xCF3D,0xCF5D,0xD75E,0xDF7E,0xDF7E,0xC71D,
  0xB71E,0xA69C,0x963B,0x961A,0x961A,0x961A,0x963A,0x963B,0x963B,0x963B,0x963B,0x963B,0x963B,0x963B,0x963B,0x965B,
  0x965B,0x9E5B,0x965B,0x965B,0x9E5B,0x9E5B,0x9E5B,0x963B,0x963B,0x9E5B,0x963B,0x9E5B,0x9E5B,0x963B,0x965B,0x963B,
  0x963B,0x963B,0x965B,0x965B,0x963B,0x963B,0x963B,0x963B,0x963B,0x963B,0x963B,0x963B,0x963B,0x963B,0x963B,0x963B,
  0x9E5B,0x963B,0x963B,0x9E5B,0x963B,0x965B,0x965B,0x9E5B,0x9E5B,0x965B,0x9E5B,0x965B,0x9E5B,0x9E5B,0x963B,0x9E5B,
  0x9E5B,0x963B,0x9E5B,0x963B,0x9E5B,0x9E5B,0x963B,0x9E3B,0x9E3B,0x963B,0x9E3B,0x963B,0x9E3B,0x9E3B,0x963B,0x9E3B,
  0x9E5B,0x963B,0x963B,0x963B,0x963B,0x963B,0x963B,0x963B,0x963B,0x961A,0x961A,0x963A,0xA67B,0xB6DC,0xC71D,0xCF3E,
  0xAEFD,0xA6BD,0xAEDD,0xAEFD,0xAEFD,0xB6FE,0xB6FE,0xB71E,0xB71E,0xB71E,0xB71E,0xB71E,0xB71E,0xB71E,0xB71E,0xB71E,
  0xB71E,0xB71E,0xB71E,0xB71E,0xB71E,0xB6FD,0xB71E,0xB6FD,0xB6FD,0xB71E,0xB71E,0xB71E,0xB71E,0xB71E,0xB6FE,0xB6FE,
  0xB6FE,0xB6FE,0xB6FD,0xB6FE,0xB6FE,0xAEFD,0xB6FE,0xAEFE,0xB6FE,0xAEFD,0xAEFD,0xAEFD,0xAEFD,0xAEFD,0xAEFD,0xAEFD,
  0xAEFD,0xAEFD,0xAEFD,0xAEFD,0xAEFD,0xAEFD,0xAEFD,0xAEFD,0xB6FD,0xAEFD,0xAEFD,0xAEFD,0xAEFD,0xAEFD,0xAEDD,0xAEDD,
  0xAEFD,0xAEDD,0xAEFD,0xAEFD,0xAEDD,0xAEDD,0xAEDD,0xAEFD,0xAEDD,0xAEDD,0xAEDD,0xAEDD,0xAEDD,0xAEDD,0xAEDD,0xAEDD,
  0xAEDD,0xAEDD,0xA6BD,0xA6BD,0xA6BD,0xAEDD,0xAEDD,0xAEDD,0xAEDD,0xAEDD,0xA6BD,0xA69C,0x9E7C,0x965B,0x9E5B,0xBEFD,
  0xDFDF,0xDFDF,0xDFDF,0xD7DF,0xD7DF,0xD7BF,0xD7BF,0xD7BF,0xD7BF,0xD7BF,0xD7BF,0xD7BF,0xD7BF,0xD7BF,0xD7BF,0xDFBF,
  0xD7BF,0xD7BF,0xD7BF,0xD7BF,0xD7BF,0xD7BF,0xD7BF,0xD7BF,0xD7BF,0xD7BF,0xD7BF,0xD7BF,0xD7BF,0xD7BF,0xD7BF,0xD7BF,
  0xD7BF,0xD7BF,0xD7BF,0xD7BF,0xD7BF,0xD7BF,0xD7BF,0xD7BF,0xD7BF,0xD7BF,0xD7BF,0xD7BF,0xD7BF,0xD7BF,0xD7BF,0xD7BF,
  0xD7BF,0xD7BF,0xD7BF,0xD7BF,0xD7BF,0xD79F,0xD7BF,0xD7BF,0xD7BF,0xD7BF,0xD7BF,0xD7BF,0xD7BF,0xD7BF,0xD7BF,0xD7BF,
  0xD7BF,0xD7BF,0xD7BF,0xD7BF,0xD7BF,0xD7BF,0xD7BF,0xD7BF,0xD7BF,0xD7BF,0xD7BF,0xD7BF,0xD7BF,0xD7BF,0xD7BF,0xD7BF,
  0xD7BF,0xD7BF,0xCF9F,0xCF9F,0xCF9F,0xCF9F,0xCF9F,0xD79F,0xCF9F,0xCF9F,0xCF9F,0xCF9F,0xCF9F,0xCF9F,0xCF9F,0xCF9F,
  0xE7DF,0xE7DF,0xE7DF,0xE7DF,0xE7DF,0xE7DF,0xE7DF,0xE7DF,0xDFDF,0xDFDF,0xDFBF,0xDFBF,0xDFBF,0xDFBF,0xDFBF,0xDFBF,
  0xDFBF,0xDFBF,0xDFDF,0xDFDF,0xDFBF,0xDFDF,0xDFBF,0xDFDF,0xDFDF,0xDFDF,0xDFDF,0xDFDF,0xDFDF,0xDFDF,0xDFDF,0xDFDF,
  0xDFBF,0xDFDF,0xDFDF,0xDFDF,0xDFDF,0xDFBF,0xDFDF,0xDFDF,0xDFDF,0xDFDF,0xDFDF,0xDFDF,0xDFDF,0xDFDF,0xDFDF,0xDFDF,
  0xDFDF,0xDFDF,0xDFDF,0xE7DF,0xDFDF,0xE7DF,0xE7DF,0xDFDF,0xDFDF,0xE7DF,0xDFDF,0xDFBF,0xDFDF,0xE7DF,0xDFDF,0xDFDF,
  0xE7DF,0xDFDF,0xE7DF,0xE7DF,0xDFBF,0xDFBF,0xDFBF,0xE7BF,0xDFBF,0xDFBF,0xDFBF,0xDFBF,0xDFBF,0xDFBF,0xDFBF,0xDFBF,
  0xDFBF,0xDFBF,0xDFBF,0xDFBF,0xDFBF,0xDFBF,0xDFBF,0xDFBF,0xDFBF,0xDFBF,0xDFDF,0xDFDF,0xDFDF,0xE7DF,0xE7DF,0xE7DF,
  0xE7DF,0xE7DF,0xDFDF,0xE7DF,0xE7DF,0xE7DF,0xE7DF,0xE7DF,0xE7DF,0xE7DF,0xE7DF,0xE7DF,0xE7DF,0xDFDF,0xDFDF,0xE7DF,
  0xDFDF,0xDFBF,0xDFDF,0xDFDF,0xDFDF,0xDFDF,0xDFDF,0xDFDF,0xDFDF,0xDFDF,0xDFDF,0xDFDF,0xDFDF,0xDFDF,0xDFDF,0xDFDF,
  0xDFBF,0xDFDF,0xDFDF,0xDFDF,0xDFDF,0xDFBF,0xDFDF,0xDFDF,0xDFDF,0xDFDF,0xDFBF,0xDFDF,0xDFDF,0xDFDF,0xDFDF,0xDFBF,
  0xDFDF,0xDFDF,0xE7DF,0xDFDF,0xDFDF,0xDFDF,0xE7DF,0xDFDF,0xDFDF,0xDFDF,0xDFDF,0xDFDF,0xDFDF,0xE7DF,0xDFBF,0xDFDF,
  0xE7DF,0xDFBF,0xE7DF,0xDFBF,0xDFBF,0xDFBF,0xDFBF,0xDFBF,0xDFBF,0xDFBF,0xDFBF,0xDFBF,0xDFBF,0xDFBF,0xDFBF,0xDFBF,
  0xDFBF,0xDFBF,0xDFBF,0xDFBF,0xDFBF,0xDFBF,0xDFDF,0xE7DF,0xE7DF,0xE7DF,0xDFDF,0xDFDF,0xE7DF,0xDFDF,0xDFDF,0xDFBF,
  0xDFBF,0xDFBF,0xDFBF,0xDFBF,0xDFBF,0xDFBF,0xDFBF,0xDFBF,0xDFBF,0xDFBF,0xDFBF,0xDFBF,0xDFBF,0xDFBF,0xDFBF,0xDFBF,
  0xDFBF,0xDFBF,0xDFBF,0xDFBF,0xDFBF,0xDFBF,0xDFBF,0xDFBF,0xDFBF,0xDFBF,0xDFBF,0xDFBF,0xDFBF,0xDFBF,0xDFBF,0xDFBF,
  0xDFBF,0xDFBF,0xDFBF,0xDFBF,0xDFBF,0xDFBF,0xDFBF,0xDFBF,0xDFBF,0xDFBF,0xDFBF,0xDFBF,0xDFBF,0xDFBF,0xDFBF,0xDFBF,
  0xDFBF,0xDFBF,0xDFBF,0xDFBF,0xDFBF,0xDFBF,0xDFBF,0xDFBF,0xDFBF,0xDFBF,0xDFBF,0xDFBF,0xDFBF,0xDFBF,0xDFBF,0xDFBF,
  0xDFBF,0xDFBF,0xDFBF,0xDFBF,0xDFBF,0xDFBF,0xDFBF,0xDFBF,0xDFBF,0xDFBF,0xDFBF,0xDFBF,0xDFBF,0xDFBF,0xDFBF,0xDFBF,
  0xDFBF,0xDFBF,0xDFBF,0xDFBF,0xDFBF,0xDFBF,0xDFBF,0xDFBF,0xDFBF,0xDFBF,0xDFBF,0xDFBF,0xDFBF,0xDFBF,0xDFBF,0xDFBF,
  0xEFFF,0xEFFF,0xEFFF,0xEFFF,0xEFFF,0xEFFF,0xEFFF,0xEFFF,0xEFFF,0xEFFF,0xEFFF,0xEFFF,0xEFFF,0xEFFF,0xEFFF,0xEFFF,
  0xEFFF,0xEFFF,0xEFFF,0xEFFF,0xEFFF,0xEFFF,0xEFFF,0xEFFF,0xEFFF,0xEFFF,0xEFFF,0xEFFF,0xEFFF,0xEFFF,0xEFFF,0xEFFF,
  0xEFFF,0xEFFF,0xEFFF,0xEFFF,0xEFFF,0xEFFF,0xEFFF,0xEFFF,0xEFFF,0xE7FF,0xEFFF,0xEFFF,0xEFFF,0xEFFF,0xE7FF,0xEFFF,
  0xEFFF,0xEFFF,0xEFFF,0xEFFF,0xEFFF,0xE7FF,0xEFFF,0xE7FF,0xEFFF,0xEFFF,0xE7FF,0xEFFF,0xEFFF,0xEFFF,0xE7FF,0xEFFF,
  0xE7FF,0xE7FF,0xEFFF,0xEFFF,0xE7FF,0xEFFF,0xE7FF,0xE7FF,0xE7FF,0xEFFF,0xE7FF,0xEFFF,0xEFFF,0xE7FF,0xE7FF,0xE7FF,
  0xE7FF,0xE7FF,0xE7FF,0xE7FF,0xE7FF,0xE7FF,0xE7FF,0xE7FF,0xE7FF,0xE7FF,0xE7FF,0xE7FF,0xE7FF,0xE7FF,0xE7FF,0xE7FF,
  0x9D56,0x9D56,0x9D56,0x9D56,0x9D56,0xA556,0xA577,0xA577,0x9D56,0xA577,0xA597,0xA597,0xA597,0xA597,0xA597,0xA597,
  0xA577,0xA577,0xA577,0xA577,0xA577,0xAD97,0xAD98,0xAD97,0xADB8,0xADB8,0xADD8,0xADD8,0xB5D8,0xB5F8,0xADD8,0xB5F8,
  0xADF8,0xB5F8,0xB5F9,0xB619,0xB619,0xB619,0xB619,0xB619,0xB619,0xB619,0xB619,0xB619,0xB619,0xBE39,0xBE39,0xBE59,
  0xBE59,0xBE59,0xBE59,0xBE59,0xBE59,0xBE59,0xBE59,0xBE59,0xBE59,0xBE7A,0xBE7A,0xBE7A,0xBE7A,0xBE7A,0xBE7A,0xBE7A,
  0xBE7A,0xBE7A,0xBE7A,0xBE7A,0xBE7A,0xC67A,0xBE7A,0xC67A,0xC67A,0xC67A,0xC67A,0xC69A,0xC67A,0xC69B,0xC67A,0xC69B,
  0xC69B,0xC69B,0xC67B,0xC69B,0xC69B,0xC69B,0xC69B,0xC69B,0xC69B,0xC69B,0xCEBB,0xC69B,0xC69B,0xCEBB,0xCEDB,0xCEFC,
  0x29EE,0x29ED,0x29CD,0x29CD,0x29CD,0x29ED,0x29ED,0x29CD,0x29CD,0x29CD,0x21CD,0x21CD,0x21AD,0x21AD,0x21AD,0x21AD,
  0x21AD,0x21AD,0x21AD,0x218D,0x21AD,0x21AD,0x21AD,0x21AD,0x21AD,0x21AD,0x21AD,0x21AD,0x21AD,0x21AD,0x21AC,0x21AC,
  0x21AC,0x21AC,0x21AD,0x21AD,0x21AC,0x21AD,0x21AD,0x21AD,0x29AD,0x29CD,0x29CD,0x21AD,0x29CD,0x21AD,0x21AC,0x21AC,
  0x21AC,0x21AD,0x29CD,0x21AD,0x21AC,0x21AD,0x29CD,0x29CD,0x29ED,0x21AD,0x21AC,0x21AC,0x21AC,0x218C,0x21AD,0x21AD,
  0x21AD,0x21AC,0x21AD,0x21AD,0x21AD,0x21AD,0x21AC,0x218D,0x218C,0x21AC,0x218C,0x218C,0x218C,0x218C,0x196C,0x218C,
  0x196C,0x196C,0x196C,0x196C,0x218C,0x218C,0x218C,0x218C,0x218C,0x218C,0x21AC,0x21AC,0x21AC,0x21AC,0x29AC,0x29CD,
  0x4AD1,0x4AF1,0x4AF1,0x4AF1,0x4AD1,0x4AF1,0x4AF1,0x4AF1,0x4AD1,0x4AF1,0x4AF1,0x4AD1,0x4AF1,0x4AF1,0x4AF1,0x4AF1,
  0x4AF1,0x4AF1,0x4AF1,0x4AF1,0x4AF1,0x4AF1,0x4AF1,0x4AF1,0x4AF1,0x4AF1,0x4AD1,0x4AD1,0x4AD1,0x4AD1,0x4AD1,0x4AD1,
  0x4AD1,0x4AD1,0x4AD1,0x4AD1,0x4AD1,0x4AD1,0x4B11,0x4AD1,0x42D0,0x42D0,0x42D1,0x42D1,0x4AD1,0x42D1,0x42D1,0x42D1,
  0x4AD1,0x4AD1,0x4AF1,0x4AF1,0x4AD1,0x4AD1,0x4AF1,0x4AD1,0x4AD1,0x4AD1,0x4AD1,0x4AD1,0x4AD1,0x42D1,0x42D1,0x4AD1,
  0x4AD1,0x42B1,0x42D1,0x42D1,0x42D1,0x42D1,0x42B1,0x42B0,0x42B0,0x42B0,0x42B0,0x42B0,0x42B0,0x42B0,0x42B0,0x42B0,
  0x42B0,0x42B0,0x42B0,0x4290,0x4290,0x3A90,0x3A90,0x3A90,0x3A90,0x3A90,0x3A90,0x3A90,0x3A90,0x3A90,0x4290,0x4290,
  0x5312,0x5312,0x5312,0x5312,0x5312,0x5312,0x5312,0x5311,0x5311,0x5311,0x5311,0x5311,0x5311,0x5312,0x5311,0x5311,
  0x5311,0x5311,0x5311,0x5311,0x5311,0x52F1,0x4AF1,0x4AF1,0x4AF1,0x4AF1,0x4AF1,0x4AF1,0x4AF1,0x4AF1,0x4AF1,0x4AF1,
  0x4AF1,0x4AF1,0x4AF1,0x4AF1,0x4AF1,0x4AF1,0x52F1,0x52F1,0x5312,0x4AF1,0x4AF1,0x4AF1,0x4AF1,0x4AF1,0x4AF1,0x4AF1,
  0x4AF1,0x4AF1,0x4AF1,0x4AF1,0x4AF1,0x4AF1,0x4AF1,0x4AF1,0x4AF1,0x4AF1,0x4AF1,0x4AF1,0x4AF1,0x4AF1,0x4AF1,0x4AF1,
  0x4AF1,0x4AF1,0x4AF1,0x4AF1,0x4AF1,0x4AF1,0x5311,0x5332,0x4AF1,0x4AF1,0x4AF1,0x4AF1,0x4AF1,0x4AF1,0x4AF1,0x4AF1,
  0x4AF1,0x4AF1,0x4AF1,0x4AF1,0x4AF1,0x4AF1,0x4AF1,0x4AF1,0x4AF1,0x4AF1,0x4AF1,0x4AD1,0x4AF1,0x4AF1,0x4AF1,0x4AF1,
  0x5311,0x5311,0x5311,0x4AF1,0x4AF1,0x52F1,0x4AF1,0x4AF1,0x4AF1,0x4AF1,0x4AF1,0x4AF1,0x4AF1,0x4AF1,0x4AF1,0x4AF1,
  0x4AF1,0x4AF1,0x4AD1,0x4AF1,0x4AF1,0x4AF1,0x4AF1,0x4AD1,0x4AD1,0x4AD1,0x4AD1,0x4AD1,0x4AD1,0x4AD1,0x4AD1,0x4AD1,
  0x4AD0,0x4AB0,0x4AD1,0x4AD1,0x4AD1,0x4AD1,0x4AD1,0x4AD1,0x4AF1,0x4AD1,0x4AD1,0x4AD1,0x4AD1,0x4AD1,0x4AD1,0x4AD1,
  0x4AD1,0x4AD1,0x4AD1,0x4AF1,0x4AD1,0x4AD1,0x4AD1,0x4AD1,0x4AD1,0x4AD1,0x4AD1,0x4AD1,0x4AD1,0x4AD1,0x4AD1,0x4AD1,
  0x4AD1,0x4AD1,0x4AD1,0x4AD1,0x4AD1,0x4AF1,0x4AF1,0x4AF1,0x4AD1,0x4AF1,0x4AD1,0x4AD1,0x4AD1,0x4AD1,0x4AD1,0x4AD1,
  0x4AD1,0x4AD1,0x4AD1,0x4AF1,0x4AD1,0x4AD1,0x4AD0,0x4AD1,0x4AD1,0x4AD0,0x4AD0,0x4AD1,0x4AF1,0x42B0,0x4AD0,0x4AD1,
};
const uint16_t DKJR_ICON[9216] = { 0xC65A, 0xBE39, 0xB639, 0xB639, 0xB65A, 0xB65A, 0xB65A, 0xBE7B, 0xBE7B, 0xC67B, 0xBE5A, 0xBE3A, 0xC69A, 0xBE7A, 0xC69B, 0xC69B, 0xBE5A, 0xBE5A, 0xBE5A, 0xC67B, 0xBE5A, 0xBE7B, 0xBE9B, 0xC6BC, 0xC69C, 0xBE7B, 0xBE7B, 0xB65B, 0xBE7B, 0xB65B, 0xBE9C, 0xB65B, 0xAE3A, 0xB65B, 0xAE3A, 0xB67B, 0xB65B, 0xAE3A, 0xB65B, 0xB65A, 0xB65B, 0xAE5B, 0xAE5B, 0xB65B, 0xAE3B, 0xA61A, 0xA63B, 0xAE3B, 0xA63B, 0xA61B, 0xA63B, 0xA61A, 0xA61A, 0xA61A, 0xA61A, 0xA61A, 0x9E1A, 0xA61A, 0x9E1A, 0x9E1A, 0x9E1A, 0xA5FA, 0x9DFA, 0xA61A, 0xA61A, 0xA5FA, 0x9E1A, 0x9E1A, 0x9DFA, 0xA5FA, 0x9DDA, 0x9DFA, 0x9DDA, 0x9DFA, 0x9DDA, 0x9DDA, 0x9DDA, 0x9DDA, 0x9DFA, 0x9DD9, 0x9DD9, 0xA5D9, 0x9DD9, 0x9DD9, 0x95D9, 0x9DD9, 0x9DDA, 0x9DD9, 0x95F9, 0x95F9, 0x95D9, 0x95DA, 0x95D9, 0x8DB9, 0x95B9, 0x8D78, 0xCF1E, 0xCF1E, 0xCF3E, 0xB69C, 0xB69C, 0xB69C, 0xAE7C, 0xAE7C, 0xAE7C, 0xAE5C, 0xAE7C, 0xAE7C, 0xAE7C, 0xAE5C, 0xAE5B, 0xAE5C, 0xAE5C, 0xAE5C, 0xAE5B, 0xAE5B, 0xAE3B, 0xA63B, 0xA63B, 0xA63B, 0xA63B, 0xA63B, 0xA63B, 0xA63B, 0xA61B, 0xA61A, 0xA61B, 0xA61A, 0x9E1B, 0x9DFA, 0x9DFA, 0x9DFA, 0x9DDA, 0x9DDA, 0x9DDA, 0x9DDA, 0x95DA, 0x95D9, 0x95D9, 0x9DFA, 0x95D9, 0x95DA, 0x95DA, 0x95D9, 0x95DA, 0x95DA, 0x95D9, 0x95D9, 0x95D9, 0x95DA, 0x95DA, 0x95D9, 0x95B9, 0x95B9, 0x95B9, 0x95B9, 0x95B9, 0x95B9, 0x95B9, 0x95B9, 0x95B9, 0x95B9, 0x95D9, 0x95DA, 0x95DA, 0x95FA, 0x95DA, 0x9DFA, 0x9DFA, 0x9DFA, 0xA63A, 0xA63A, 0xA63A, 0xA63B, 0xA63B, 0xA63B, 0xAE5B, 0xAE5B, 0xAE7B, 0xAE7B, 0xAE9C, 0xAE9B, 0xAE9C, 0xAE7C, 0xAE9C, 0xAE9C, 0xB69C, 0xB69C, 0xB69C, 0xB69C, 0xBEDC, 0xB6BC, 0xCF1E, 0xCF1E, 0xCF3E, 0xB69C, 0xB69C, 0xB69C, 0xAE9C, 0xAE7C, 0xAE7C, 0xAE7C, 0xAE7C, 0xAE5C, 0xAE5C, 0xAE5C, 0xAE5C, 0xAE5C, 0xAE5B, 0xAE3B, 0xAE3B, 0xAE3B, 0xAE3B, 0xA63B, 0xA63B, 0xA63B, 0xA63B, 0xA63B, 0xA63B, 0xA61B, 0xA61B, 0xA61A, 0xA61A, 0xA61B, 0x9DFA, 0x9DFA, 0x9DDA, 0x9DFA, 0x95FA, 0x9DFA, 0x95FA, 0x9DFA, 0x95DA, 0x95DA, 0x95DA, 0x95D9, 0x95D9, 0x95DA, 0x9DFA, 0x95DA, 0x9DFA, 0x95DA, 0x95DA, 0x95D9, 0x95D9, 0x95B9, 0x95D9, 0x95B9, 0x95B9, 0x95B9, 0x95B9, 0x95B9, 0x95B9, 0x95B9, 0x95B9, 0x95B9, 0x95B9, 0x95B9, 0x95D9, 0x95D9, 0x95D9, 0x95D9, 0x95DA, 0x9DFA, 0x9DFA, 0x9DFA, 0xA61A, 0xA63A, 0xA61B, 0xA63B, 0xA63B, 0xA63B, 0xA65B, 0xA63B, 0xA61B, 0xAE3C, 0xAE5C, 0xAE3C, 0xAE3C, 0xAE5C, 0xB67C, 0xAE7C, 0xAE9C, 0xAE9C, 0xB69C, 0xB69C, 0xB69C, 0xB69C, 0xC6FD, 0xC71E, 0xC6FD, 0xB69C, 0xB69C, 0xAE7C, 0xAE7C, 0xAE7C, 0xAE7C, 0xAE5C, 0xAE5C, 0xAE5C, 0xAE5C, 0xAE5C, 0xAE5C, 0xAE3B, 0xAE3B, 0xAE5B, 0xAE5B, 0xA63B, 0xA63B, 0xA63B, 0xA63B, 0xA63B, 0xA63B, 0xA61B, 0xA61B, 0xA61B, 0x9E1B, 0x9E1A, 0x9E1A, 0x9E1B, 0x9DFA, 0x9DDA, 0x9DFA, 0x9DFA, 0x9DFA, 0x9DFA, 0x9DFA, 0x95DA, 0x95DA, 0x95DA, 0x95DA, 0x95DA, 0x95D9, 0x95DA, 0x9DFA, 0x95DA, 0x95DA, 0x9DFA, 0x9DFA, 0x95D9, 0x95D9, 0x95D9, 0x95D9, 0x95B9, 0x95B9, 0x95B9, 0x95B9, 0x95B9, 0x95B9, 0x95B9, 0x95B9, 0x95B9, 0x95B9, 0x95B9, 0x95B9, 0x95D9, 0x95D9, 0x95DA, 0x95DA, 0x9DDA, 0x9DFA, 0x9DFA, 0x9DFB, 0x29F5, 0x21B8, 0x29B8, 0x2198, 0x959B, 0x9D9C, 0x2158, 0x2179, 0x2179, 0x2158, 0x2177, 0x21B7, 0x29F7, 0x7C9B, 0xAE5C, 0xAE9B, 0xAE9B, 0xAE7C, 0x9DFA, 0x4BB0, 0xB6BD, 0xC6FD, 0xC6FD, 0xC6FD, 0xB69C, 0xAE7C, 0xB69C, 0xAE7C, 0xAE7C, 0xAE5C, 0xAE5C, 0xAE5C, 0xAE5C, 0xAE5C, 0xAE5C, 0xAE5C, 0xAE3B, 0xAE3B, 0xAE5B, 0xA63B, 0xA63B, 0xA63B, 0xAE3B, 0xA63B, 0xA63B, 0xA63B, 0xA61B, 0xA61B, 0xA61B, 0x9E1B, 0x9E1B, 0x9E1B, 0x9DFA, 0x9DFA, 0x9DDA, 0x9DFA, 0x9DFA, 0x9DFA, 0x9DFA, 0x9DFA, 0x95DA, 0x95DA, 0x95DA, 0x95DA, 0x95DA, 0x95D9, 0x95DA, 0x95DA, 0x95D9, 0x95DA, 0x95DA, 0x95DA, 0x95D9, 0x95D9, 0x95D9, 0x95B9, 0x95D9, 0x95B9, 0x95B9, 0x95B9, 0x95B9, 0x95B9, 0x95B9, 0x95B9, 0x95B9, 0x95D9, 0x95B9, 0x95B9, 0x95D9, 0x95DA, 0x95DA, 0x9DDA, 0x9DDA, 0x9DFA, 0x9DDA, 0x9DFA, 0x295A, 0x195A, 0x193A, 0x213B, 0x95BC, 0x955D, 0x193A, 0x193B, 0x193A, 0x1978, 0x4ABA, 0x2178, 0x1959, 0x1959, 0x29F7, 0xA63C, 0xAE7C, 0xAE5B, 0xA67B, 0x7D37, 0xAE9C, 0xC6DD, 0xC6DD, 0xC6DD, 0xB69C, 0xAE7C, 0xAE7C, 0xAE7C, 0xAE5C, 0xAE5C, 0xAE5C, 0xAE5C, 0xAE5C, 0xAE5C, 0xAE5C, 0xAE5B, 0xA63B, 0xAE5B, 0xAE3B, 0xAE3B, 0xA63B, 0xA63B, 0xA63B, 0xA63B, 0xA61B, 0xA63B, 0xA61B, 0xA61B, 0xA61B, 0x9E1A, 0x9DFA, 0x9DFA, 0x9DFA, 0x9DFA, 0x9DFA, 0x9DFA, 0x9DFA, 0x9DFA, 0x9DFA, 0x9DFA, 0x95DA, 0x95DA, 0x95D9, 0x95D9, 0x95DA, 0x95D9, 0x95DA, 0x95DA, 0x95DA, 0x95D9, 0x95D9, 0x95D9, 0x95D9, 0x95D9, 0x95B9, 0x95D9, 0x95D9, 0x95B9, 0x95B9, 0x95B9, 0x95B9, 0x95B9, 0x95B9, 0x95D9, 0x95B9, 0x95D9, 0x95D9, 0x95D9, 0x95D9, 0x95D9, 0x95B9, 0x95DA, 0x95DA, 0x95D9, 0x95DA, 0x9DDA, 0x2179, 0x213A, 0x215A, 0x215A, 0x8D9B, 0x955D, 0x193A, 0x193A, 0x193A, 0x21B7, 0xA65B, 0x63DA, 0x193A, 0x195A, 0x217A, 0x63D8, 0xAE7C, 0xAE7B, 0xAE7C, 0xAE9C, 0xAE9C, 0xBEBC, 0xBEBC, 0xBEBC, 0xAE7C, 0xB67C, 0xAE7C, 0xAE7C, 0xA65C, 0xAE5C, 0xAE5B, 0xAE5B, 0xAE3C, 0xAE5C, 0xAE5C, 0xAE3C, 0xA63B, 0xA63C, 0xAE5B, 0xA63C, 0xA63B, 0xA63B, 0xA63B, 0xA63B, 0xA63A, 0xA61B, 0xA61A, 0xA61B, 0xA61B, 0xA61A, 0x9DDB, 0x9E1A, 0x9DFA, 0x9DFB, 0x9DDA, 0x9DDA, 0x9DDA, 0x95FA, 0x95DA, 0x95DA, 0x95D9, 0x95DA, 0x95D9, 0x95B9, 0x95D9, 0x95B9, 0x95D9, 0x95D9, 0x95D9, 0x95D9, 0x95D9, 0x95BA, 0x95D9, 0x95BA, 0x95D9, 0x95B9, 0x95B9, 0x95B9, 0x95B9, 0x95B9, 0x95B8, 0x95B9, 0x95B9, 0x95B9, 0x95D9, 0x95DA, 0x95B9, 0x95B9, 0x95D9, 0x95D9, 0x95D9, 0x95DA, 0x9DFA, 0x9DFA, 0x95DA, 0x95DA, 0x2979, 0x193A, 0x215A, 0x193A, 0x95BB, 0x955D, 0x193A, 0x193A, 0x193A, 0x21D7, 0xA63A, 0x9DFD, 0x1959, 0x217A, 0x217A, 0x2178, 0xA65A, 0xAE5B, 0xAE7B, 0xAE7B, 0xAE9C, 0xBE9C, 0xBE9C, 0xB69C, 0xAE5B, 0x959D, 0x959D, 0x959D, 0xA61D, 0xAE5C, 0xA63B, 0xA63B, 0xAE3C, 0x9E1C, 0x8D1C, 0xA5DD, 0xA65A, 0xA65A, 0xA5FD, 0x9E1C, 0xA63B, 0xA63A, 0x9DDC, 0x9DDD, 0x9DDC, 0x8D7C, 0x9DFB, 0x9E1A, 0x8D7C, 0x8D3C, 0x9DFA, 0x957B, 0x8D5A, 0x8D5B, 0x8D7B, 0x957D, 0x959C, 0x955B, 0x959B, 0x95DA, 0x9DBB, 0x8D1C, 0x9DDB, 0x95DA, 0x95B9, 0x959B, 0x8D5B, 0x8D99, 0x8DB9, 0x8D59, 0x957A, 0x95B8, 0x8D7A, 0x8539, 0x8D5B, 0x9599, 0x9599, 0x8D99, 0x8D9A, 0x8D99, 0x8D99, 0x95BA, 0x8539, 0x95B8, 0x95B9, 0x959B, 0x6C59, 0x84FB, 0x95BA, 0x95BA, 0x95DA, 0x9DFA, 0x95D9, 0x95DA, 0x95DA, 0x9DFA, 0x2178, 0x193A, 0x215A, 0x193A, 0x95BB, 0x8D3D, 0x193A, 0x193A, 0x193A, 0x2197, 0xA63B, 0xA5FC, 0x1959, 0x197A, 0x197A, 0x1979, 0x959C, 0xAE5B, 0xAE5B, 0xAE5B, 0xAE7B, 0xBEBC, 0xBEBC, 0xBEBC, 0xAE7C, 0x1959, 0x215B, 0x195A, 0x215A, 0x5339, 0xAE3C, 0xA63B, 0x959D, 0x217B, 0x195B, 0x1999, 0x84FC, 0xA61C, 0x2199, 0x191B, 0x8D5D, 0xA5FC, 0x213B, 0x2998, 0x84FD, 0x211C, 0x749B, 0x95DB, 0x213B, 0x3237, 0x9DFA, 0x213A, 0x191B, 0x191A, 0x191A, 0x1939, 0x7C5D, 0x211A, 0x2A16, 0x9DDA, 0x3A78, 0x1978, 0x8D5A, 0x95B9, 0x95B9, 0x2159, 0x2959, 0x95B9, 0x29F6, 0x2159, 0x8D79, 0x8DBA, 0x31D7, 0x191A, 0x2158, 0x6C59, 0x8D99, 0x5358, 0x213A, 0x31F7, 0x95B9, 0x5338, 0x2158, 0x95B9, 0x8D5C, 0x2119, 0x1938, 0x18F9, 0x5BF8, 0x95BA, 0x95DA, 0x9DDA, 0x95DA, 0x9DFA, 0x95DA, 0x9DDA, 0x2199, 0x213A, 0x193A, 0x193A, 0x95BB, 0x8D3D, 0x191A, 0x193A, 0x193A, 0x2197, 0xA63A, 0xA5FC, 0x1959, 0x217A, 0x217A, 0x197A, 0x95BB, 0xA63B, 0xAE5B, 0xAE5B, 0xAE5B, 0xBE9C, 0xBE9C, 0xBEBC, 0xAE5D, 0x195B, 0x215C, 0x215A, 0x213C, 0x10FA, 0x9DDC, 0xA61C, 0x2198, 0x18FB, 0x2179, 0x193C, 0x213B, 0xAE5B, 0x215A, 0x193C, 0x1956, 0xA61B, 0x193B, 0x2179, 0x84DF, 0x193C, 0x747D, 0x747E, 0x193C, 0x957D, 0x9DDB, 0x20FB, 0x211B, 0x20FB, 0x213A, 0x2139, 0x8D7B, 0x211B, 0x295B, 0x9DDA, 0x213A, 0x213B, 0x8D99, 0x95B9, 0x959A, 0x18FA, 0x213A, 0x8D7A, 0x18FB, 0x2178, 0x8D7A, 0x6C3A, 0x2139, 0x215A, 0x1919, 0x1919, 0x8D9A, 0x5B3B, 0x191A, 0x295A, 0x95DA, 0x52F9, 0x2139, 0x95B9, 0x2157, 0x1919, 0x2178, 0x217A, 0x2158, 0x959A, 0x95D9, 0x95DA, 0x95D9, 0x95DA, 0x95DA, 0x9DDA, 0x2199, 0x213A, 0x215A, 0x193A, 0x95BB, 0x8D3D, 0x191A, 0x193A, 0x195B, 0x29D8, 0xA63A, 0xA61C, 0x1979, 0x197A, 0x217A, 0x2179, 0x95DA, 0xA63B, 0xA63B, 0xA65B, 0xAE5B, 0xBEBC, 0xBE9C, 0xBE9C, 0xAE3C, 0x195B, 0x193A, 0xAE5F, 0x29B8, 0x111B, 0x42B8, 0x9DFD, 0x191B, 0x29BA, 0xAE3D, 0x1958, 0x213B, 0xA5DD, 0x215B, 0x193C, 0x193C, 0x95BC, 0x191C, 0x2179, 0x7CBF, 0x211C, 0x641B, 0x217A, 0x2178, 0x95B9, 0x9DDB, 0x18FB, 0x211B, 0x957D, 0x95BB, 0x8D9B, 0x959B, 0x2139, 0x215B, 0x84DD, 0x18FB, 0x4B19, 0x8D99, 0x8D99, 0x959A, 0x191A, 0x213A, 0x63FB, 0x191A, 0x7CFB, 0x8D99, 0x1938, 0x18F9, 0x8D5B, 0x63BB, 0x1919, 0x749A, 0x531A, 0x191A, 0x20FA, 0x6C5A, 0x4AD9, 0x191A, 0x9599, 0x18F9, 0x1939, 0x95BA, 0x5B9A, 0x191A, 0x8D7A, 0x95D9, 0x8DD9, 0x9DDA, 0x95DA, 0x95DA, 0x95DA, 0x1978, 0x193A, 0x215A, 0x193A, 0x959B, 0x8D1D, 0x191B, 0x193A, 0x193A, 0x29D8, 0x9E1A, 0x9DFC, 0x1959, 0x215A, 0x215A, 0x2199, 0x9E3A, 0xA63B, 0xA63B, 0xA65B, 0xA63A, 0xBE9C, 0xBEBC, 0xB69C, 0xAE5C, 0x195A, 0x193A, 0xAE5D, 0x8D3E, 0x111B, 0x2179, 0x955E, 0x191C, 0x4A79, 0xB67C, 0x4ABA, 0x191B, 0x8D3D, 0x215B, 0x213C, 0x191C, 0x3256, 0x193C, 0x2159, 0x7CBE, 0x191C, 0x531E, 0x191B, 0x4ADA, 0x95FA, 0x9DDA, 0x191B, 0x211B, 0x95BA, 0x9DD9, 0x9DDA, 0x95D9, 0x531B, 0x18FB, 0x215B, 0x18DA, 0x8D7A, 0x8D99, 0x8D99, 0x8D99, 0x211B, 0x213A, 0x1116, 0x18FB, 0x8D98, 0x8D98, 0x193A, 0x191A, 0x9579, 0x8D3B, 0x191A, 0x3257, 0x52F9, 0x18FA, 0x191A, 0x2997, 0x4B19, 0x191A, 0x9599, 0x191A, 0x2138, 0x95BA, 0x853B, 0x6C1B, 0x95BA, 0x95D9, 0x95BA, 0x853A, 0x9599, 0x95DA, 0x95DA, 0x1978, 0x193A, 0x215A, 0x193A, 0x8D9B, 0x8D1C, 0x193B, 0x193A, 0x193A, 0x21B7, 0x9E1A, 0x957D, 0x113A, 0x195A, 0x1139, 0x6C5A, 0xA61B, 0xA61A, 0xA63B, 0xA65A, 0xA63A, 0xBE9C, 0xB69C, 0xB69C, 0xA63C, 0x195A, 0x10FA, 0xAE3C, 0xAE3D, 0x111B, 0x193B, 0x8CDE, 0x18FC, 0x531A, 0xAE7A, 0x745D, 0x18FC, 0x745B, 0x193B, 0x193B, 0x213C, 0x18FB, 0x191C, 0x2179, 0x84DF, 0x18FC, 0x191A, 0x18FC, 0x2158, 0x9DDB, 0x95DA, 0x18FB, 0x211B, 0x213A, 0x2158, 0x9DD9, 0x95B9, 0x8D5B, 0x211A, 0x191A, 0x1937, 0x8D99, 0x8D99, 0x8D99, 0x8D79, 0x18FA, 0x211A, 0x18FA, 0x191A, 0x8D5A, 0x8D79, 0x1919, 0x1919, 0x8DB9, 0x853A, 0x18FA, 0x2197, 0x52F9, 0x18FA, 0x191A, 0x18FA, 0x427C, 0x18F9, 0x9D7D, 0x18FB, 0x1938, 0x95BA, 0x8D7A, 0x8DBA, 0x95BA, 0x95B9, 0x7CFB, 0x191A, 0x2198, 0x95BB, 0x95DA, 0x1978, 0x193A, 0x215A, 0x193A, 0x8D9B, 0x84DC, 0x193B, 0x193A, 0x193A, 0x21B8, 0xA61C, 0x21B7, 0x1119, 0x195A, 0x29F5, 0xA61B, 0xA61B, 0xA63B, 0xA63B, 0xA63A, 0xA63B, 0xBE9C, 0xB67B, 0xB69C, 0xAE5C, 0x195A, 0x193B, 0xA61C, 0xA61C, 0x111B, 0x1979, 0x7CBD, 0x18FC, 0x531A, 0xAE3C, 0x743D, 0x18FC, 0x6BDB, 0x191A, 0x297A, 0x1959, 0x191C, 0x191C, 0x2159, 0x8D1E, 0x18FC, 0x191C, 0x193B, 0x18FB, 0x9DDA, 0x9DDA, 0x191B, 0x20FB, 0x213B, 0x211B, 0x959A, 0x9599, 0x8DB8, 0x1937, 0x20DC, 0x749B, 0x8DB8, 0x9599, 0x8D99, 0x8D59, 0x18FA, 0x18FB, 0x18FA, 0x191A, 0x5318, 0x8D79, 0x18FA, 0x1919, 0x8DB8, 0x8D9A, 0x18FA, 0x2177, 0x531A, 0x191B, 0x5B7C, 0x211A, 0x18FA, 0x2139, 0x955B, 0x191A, 0x1957, 0x745A, 0x2139, 0x211A, 0x7479, 0x95B9, 0x2198, 0x18FB, 0x191B, 0x21B5, 0x9DFB, 0x2178, 0x213A, 0x215A, 0x193A, 0x959B, 0x8CFC, 0x193A, 0x193B, 0x193A, 0x217A, 0x2158, 0x1959, 0x2139, 0x853C, 0xA61C, 0xA61A, 0xA61B, 0xA65A, 0xA63B, 0xA63B, 0xA63B, 0xBE9C, 0xBE9C, 0xBE9C, 0xAE3C, 0x195A, 0x191A, 0xAE5D, 0x9DBD, 0x191B, 0x219A, 0x8D1F, 0x18FC, 0x42B9, 0xA63B, 0x5B9C, 0x18FC, 0x7C9C, 0x191A, 0x2179, 0x6BFF, 0x211C, 0x191C, 0x2159, 0x8D1E, 0x18FC, 0x193A, 0x31F9, 0x18DC, 0x749A, 0x95DA, 0x191B, 0x20FB, 0x84FE, 0x851C, 0x95B9, 0x8DB9, 0x9579, 0x3A59, 0x18FB, 0x7CDA, 0x9599, 0x9599, 0x8D99, 0x9559, 0x18FA, 0x191B, 0x425A, 0x18FA, 0x1956, 0x8D7A, 0x18FA, 0x18F9, 0x9599, 0x853B, 0x18FB, 0x21B6, 0x533A, 0x18FA, 0x959C, 0x211A, 0x20FA, 0x1919, 0x959C, 0x20FA, 0x2157, 0x745A, 0x1938, 0x1119, 0x747A, 0x8D99, 0x2138, 0x18FB, 0x191A, 0x8D7D, 0x9DDB, 0x2139, 0x193A, 0x193A, 0x193A, 0x8D5B, 0x851B, 0x193A, 0x193B, 0x195A, 0x195A, 0x1939, 0x191B, 0x6C7B, 0x9DFB, 0xA639, 0x9DFA, 0x9E1A, 0x9E3A, 0x95DB, 0x9E1B, 0xA61B, 0xBE9C, 0xBE9C, 0xBE9C, 0xAE3C, 0x215A, 0x191B, 0xA61D, 0x42B9, 0x111C, 0x42BA, 0xA5FE, 0x191B, 0x29B9, 0xA63C, 0x2198, 0x111B, 0x9DBD, 0x191A, 0x217A, 0x9E1A, 0x211B, 0x191C, 0x2159, 0x8CFE, 0x191B, 0x4279, 0x8D5D, 0x18FB, 0x1939, 0x95DB, 0x191B, 0x18FB, 0x95BB, 0x959B, 0x959A, 0x8D99, 0x9599, 0x4299, 0x211B, 0x84FB, 0x95B8, 0x9599, 0x8D99, 0x8D59, 0x18FA, 0x211A, 0x853A, 0x1919, 0x1139, 0x8D79, 0x18FA, 0x18F9, 0x8D79, 0x84FC, 0x18FB, 0x5379, 0x533A, 0x18FA, 0x957B, 0x2178, 0x211B, 0x2119, 0x9599, 0x211A, 0x2119, 0x8D7A, 0x6BFC, 0x18F9, 0x7CBA, 0x95B9, 0x3A39, 0x18FA, 0x2139, 0x95DA, 0x95BA, 0x1938, 0x193A, 0x191B, 0x193A, 0x95FA, 0x84FC, 0x191A, 0x193A, 0x193A, 0x2198, 0x42DA, 0x2159, 0x1919, 0x5BBA, 0x851B, 0x4B18, 0x959A, 0x5BDA, 0x1958, 0x1938, 0x9DBA, 0xB69C, 0xB69C, 0xB69C, 0xAE5C, 0x195A, 0x193B, 0x1958, 0x191A, 0x191A, 0x95BD, 0xA61C, 0x1958, 0x191A, 0x3219, 0x191B, 0x193A, 0xA5FB, 0x213A, 0x215A, 0xADFC, 0x63FC, 0x18FD, 0x193A, 0x84FF, 0x18FC, 0x5339, 0x95DB, 0x10FA, 0x211B, 0x9DBB, 0x20DB, 0x20FB, 0x1956, 0x2158, 0x1936, 0x8D99, 0x8D99, 0x3A58, 0x18DC, 0x7CDB, 0x9598, 0x9599, 0x8D78, 0x8D59, 0x10BB, 0x211A, 0x8D78, 0x1918, 0x18FA, 0x749B, 0x3A19, 0x193B, 0x4B18, 0x1918, 0x18DA, 0x8D5B, 0x4AFA, 0x191A, 0x8D7A, 0x7C9B, 0x18FA, 0x2119, 0x959A, 0x2998, 0x1919, 0x1957, 0x1939, 0x18FA, 0x747A, 0x95D9, 0x8D7A, 0x191A, 0x191A, 0x74BB, 0x7CDC, 0x191A, 0x191A, 0x193B, 0x3AB7, 0x9DDA, 0x84FC, 0x191A, 0x193A, 0x193A, 0x1996, 0x8DBB, 0x2139, 0x10F9, 0x1118, 0x1118, 0x1138, 0x95FA, 0x29D7, 0x1118, 0x1938, 0x74B9, 0xB69C, 0xB69C, 0xB69C, 0xA63B, 0x195A, 0x191B, 0x111B, 0x193A, 0x52FA, 0xA61B, 0xA63B, 0x959F, 0x18FB, 0x10FB, 0x191A, 0x6BFB, 0xA65A, 0x2139, 0x2159, 0xA61A, 0x95DB, 0x1959, 0x2158, 0x851E, 0x18FB, 0x4B57, 0x9DDA, 0x211A, 0x10FB, 0x8D7B, 0x1119, 0x18FB, 0x18FB, 0x18FB, 0x10D9, 0x8579, 0x8D99, 0x42B9, 0x18DB, 0x7CBB, 0x9578, 0x8D99, 0x8D78, 0x8D5A, 0x10F9, 0x1137, 0x8D78, 0x5339, 0x1919, 0x29F6, 0x853A, 0x1919, 0x1919, 0x1919, 0x29F5, 0x8D5A, 0x4B38, 0x18FA, 0x8D5A, 0x8D99, 0x2179, 0x1938, 0x95B9, 0x851B, 0x2159, 0x1959, 0x1939, 0x3A99, 0x84FA, 0x8D99, 0x95B9, 0x747B, 0x10F9, 0x10F9, 0x10F9, 0x1919, 0x1939, 0x3256, 0x9DFB, 0x9DDA, 0x84FB, 0x10F9, 0x1939, 0x1938, 0x21B5, 0x9DFA, 0x6C3A, 0x1958, 0x10F9, 0x1918, 0x5378, 0x9E1A, 0x3A58, 0x1938, 0x18F9, 0x7CF9, 0xB69C, 0xB69C, 0xB67B, 0xA61B, 0x9DBD, 0x957D, 0x957E, 0x9DDD, 0xAE5D, 0xA63C, 0xA63B, 0xAE5C, 0x959C, 0x7C7D, 0x8D5D, 0xA61B, 0xAE1C, 0x7CBD, 0x7C9A, 0xA61A, 0x9DF9, 0x747C, 0x7C9B, 0x9DDC, 0x84FD, 0x8D7B, 0x9DDA, 0x851C, 0x7CBD, 0x8D7B, 0x74BC, 0x7CBC, 0x749C, 0x7C9C, 0x7C9C, 0x8D79, 0x8D99, 0x851B, 0x747C, 0x8558, 0x8D78, 0x8D78, 0x8D78, 0x8D59, 0x639B, 0x6BFA, 0x8537, 0x8D5A, 0x63FA, 0x743B, 0x8559, 0x851B, 0x4AD9, 0x63DB, 0x959A, 0x9598, 0x84FB, 0x745B, 0x8D98, 0x9598, 0x84DB, 0x749A, 0x8D79, 0x8D99, 0x8D59, 0x6C3A, 0x8D5A, 0x8D7A, 0x95BA, 0x95B9, 0x9599, 0x9599, 0x8D99, 0x853B, 0x7CBA, 0x84DA, 0x9DDB, 0x9DFB, 0x9DDA, 0x9DDA, 0x9DDA, 0x959A, 0x9DDB, 0x9DDB, 0x959B, 0x9DF9, 0x9DF9, 0x95BB, 0x8D7B, 0x9DBB, 0x9DFA, 0x9DFA, 0x95FA, 0x31F8, 0x42B6, 0xA63A, 0xB69C, 0xB69C, 0xB67B, 0xAE5B, 0xAE7C, 0xAE5C, 0xAE5C, 0xAE7C, 0xAE5B, 0xA63B, 0xAE3B, 0xA63B, 0xA63B, 0xA63B, 0xA63B, 0xA63B, 0xA63A, 0xA61A, 0xA63B, 0x9E1A, 0x9E1A, 0xA61B, 0xA61B, 0x9DFA, 0x9DFA, 0x9DFA, 0x9DDA, 0x9DFA, 0x95DA, 0x9DDA, 0x9DBA, 0x95BA, 0x95BA, 0x95B9, 0x95B9, 0x9599, 0x8D99, 0x8D99, 0x9579, 0x8D78, 0x8D78, 0x8D78, 0x8D78, 0x8D58, 0x8D58, 0x8D58, 0x8D58, 0x8D58, 0x8D79, 0x8D78, 0x8D78, 0x8D78, 0x8D78, 0x8D78, 0x8D99, 0x8D78, 0x8D78, 0x8D99, 0x8D99, 0x8D99, 0x9599, 0x9599, 0x8D99, 0x8D99, 0x8D99, 0x8D99, 0x8D99, 0x95B9, 0x95B9, 0x8D99, 0x8D99, 0x9578, 0x8D78, 0x9578, 0x8D58, 0x8D58, 0x8D59, 0x8D58, 0x8D58, 0x8D59, 0x9579, 0x8D58, 0x8D58, 0x8D58, 0x8D58, 0x8D58, 0x8D78, 0x8D78, 0x8D78, 0x9578, 0x9579, 0x9579, 0x9578, 0x9578, 0x9579, 0x9578, 0xB69C, 0xB67B, 0xB69C, 0xB67B, 0xBEBC, 0xBEBD, 0xBEBC, 0xB69C, 0xB69C, 0xBE9C, 0xB67B, 0xBE9C, 0xB67C, 0xB67B, 0xB67B, 0xBE9C, 0xB67B, 0xB67B, 0xBE9C, 0xB67C, 0xB65B, 0xAE5B, 0xB67B, 0xAE5B, 0xAE5B, 0xAE5B, 0xA63B, 0xAE5B, 0xAE5B, 0xAE5B, 0xAE5B, 0xAE5B, 0xAE5B, 0xAE5B, 0xAE5B, 0xA63B, 0xAE5B, 0xAE3B, 0xAE3B, 0xAE3B, 0xAE3A, 0xA63B, 0xA61A, 0xA63A, 0xA61A, 0xA61A, 0xA61A, 0xA63A, 0xA61A, 0x9DFA, 0x9DFA, 0xA5DA, 0xA5DA, 0x9DDA, 0x9DD9, 0x9DDA, 0x9DFA, 0x9DDA, 0x9DD9, 0x9599, 0x9DBA, 0x95B9, 0x95B9, 0x95B9, 0x9DB9, 0x95B9, 0x95B9, 0x9599, 0x95B9, 0x8D99, 0x9599, 0x8D78, 0x8D58, 0x8D58, 0x8D58, 0x8D58, 0x8D58, 0x8D58, 0x8D58, 0x8D58, 0x8D58, 0x8D58, 0x8D58, 0x8D58, 0x8D58, 0x8D78, 0x8D58, 0x8D58, 0x8D78, 0x9578, 0x8D58, 0x8D78, 0x8D78, 0x8D78, 0x9578, 0x8D78, 0xB69C, 0xB69C, 0xB67C, 0xA61A, 0x0084, 0x0063, 0x0043, 0x0022, 0x0002, 0x0002, 0x0022, 0x0002, 0x0043, 0x0002, 0x0022, 0x0022, 0x0002, 0x0002, 0x0002, 0x0043, 0x0022, 0x0023, 0x0022, 0x0022, 0x0022, 0x0022, 0x0022, 0x0002, 0x0022, 0x0002, 0x0002, 0x0022, 0x0022, 0x0022, 0x0002, 0x0023, 0x0023, 0x0002, 0x0002, 0x0001, 0x0002, 0x0002, 0x0002, 0x0001, 0x0002, 0x0022, 0x0001, 0x0001, 0x0001, 0x0001, 0x0022, 0x0022, 0x0001, 0x0022, 0x0022, 0x0022, 0x0022, 0x0001, 0x0002, 0x0002, 0x0002, 0x0001, 0x0022, 0x0002, 0x0002, 0x0002, 0x0022, 0x0043, 0x08C5, 0x9599, 0x9599, 0x9578, 0x8D78, 0x8D58, 0x8D58, 0x8D58, 0x8D58, 0x8D58, 0x8D58, 0x8D58, 0x8D38, 0x8D58, 0x8D58, 0x8D58, 0x8D58, 0x8D78, 0x9578, 0x8D78, 0x8D78, 0x8D78, 0x9578, 0x9578, 0x8D78, 0x8D78, 0x9579, 0x9578, 0xBEBC, 0xBEBC, 0xBEBC, 0xAE3B, 0xADFA, 0xBEDD, 0xBEDD, 0xBEDD, 0xC6FD, 0xBEDC, 0xC6DD, 0xBEDC, 0xBEDC, 0xBEDC, 0xBEDC, 0xBEDC, 0xC6FD, 0xBEDC, 0xC6DD, 0xBEDC, 0xBEDD, 0xBEDD, 0xBEDC, 0xBEDC, 0xBEDC, 0xBEBC, 0xBEDC, 0xC6FD, 0xC6DD, 0xBEDC, 0xC6FD, 0xBEBC, 0xC6FD, 0xBEDD, 0xBEBC, 0xBEDD, 0xBEFD, 0xBEFD, 0xBEDD, 0xBEBD, 0xBEBC, 0xBEDD, 0xBEBC, 0xBEBC, 0xBEBC, 0xBEBC, 0xBEBC, 0xBEBC, 0xB69C, 0xB69C, 0xB6BD, 0xBEBD, 0xB6BD, 0xB6BD, 0xBEBD, 0xBEDD, 0xB69C, 0xB67C, 0xAE5B, 0xB67C, 0xB67C, 0xB69C, 0xB67C, 0xB69D, 0xB67B, 0xB67B, 0xB67C, 0xB67B, 0x0043, 0x9599, 0x9579, 0x9578, 0x8D78, 0x8D58, 0x8D58, 0x8D58, 0x8D58, 0x8D58, 0x8D58, 0x8D58, 0x8D58, 0x8D58, 0x8D58, 0x8D58, 0x8D58, 0x8D78, 0x9578, 0x8D78, 0x8D78, 0x8D78, 0x9578, 0x9578, 0x8D78, 0x8D78, 0x9579, 0x9578, 0xB69C, 0xB69C, 0xBEBC, 0xA61A, 0xAE3A, 0xC6DC, 0x0042, 0x0063, 0xC71D, 0xC6DC, 0xBEDC, 0xC6DD, 0xC6DD, 0xC6DD, 0xC6DC, 0xC6DC, 0xC6DD, 0xC6DD, 0xC6DD, 0xC6DC, 0xC6DC, 0xBEBC, 0xBEBC, 0xC6DD, 0xC6DD, 0xBEDD, 0xBEDD, 0xBEDD, 0xC6DD, 0xC6DD, 0xC6DD, 0xC6DD, 0xC6DC, 0xC6DC, 0xBEDC, 0xBEDC, 0xC6DD, 0xC6DD, 0xC6DD, 0xC6DD, 0xC6FC, 0xC6DD, 0xC6DD, 0xBEBD, 0xBEDD, 0xBEDD, 0xBEDC, 0xBEBD, 0xBEBD, 0xBEBD, 0xBEBC, 0xBEBD, 0xC6DD, 0xC6BD, 0xBEBC, 0xBEBC, 0xBEBC, 0xBE9C, 0xBE9C, 0xBE9C, 0xBE9C, 0xBE9C, 0xBE9C, 0xBE9D, 0x31E9, 0x0001, 0xCEDE, 0xBE9C, 0x0023, 0x8D79, 0x8D58, 0x8D58, 0x8D58, 0x8D58, 0x8D58, 0x8D58, 0x8538, 0x8D58, 0x8D58, 0x8D58, 0x8D58, 0x8D58, 0x8D58, 0x8D58, 0x8D58, 0x8D58, 0x8D78, 0x8D58, 0x8D78, 0x8D78, 0x8D58, 0x8D78, 0x8D78, 0x8D78, 0x9578, 0x8D78, 0xB69C, 0xB69C, 0xB69C, 0xA61A, 0xAE5B, 0xBEDC, 0x1988, 0x08C5, 0xCF1E, 0xBEFD, 0xC6DC, 0xBEBC, 0xBEDD, 0xC6DD, 0xC6DD, 0xBEDC, 0xC6DD, 0xC6FD, 0xBEDD, 0xC6DD, 0xBEDC, 0xBEDD, 0xC6DD, 0xC6DD, 0xC6DD, 0xC6DD, 0xC6DD, 0xBEDD, 0xBEDD, 0xBEDD, 0xBEDD, 0xBEDD, 0xBEDD, 0xBEDD, 0xBEDD, 0xBEDD, 0xBEFD, 0xBEFD, 0xBEFD, 0xBEFD, 0xBEDC, 0xBEDC, 0xBEDC, 0xBEDD, 0xBEDD, 0xBEDD, 0xBEDD, 0xBEDC, 0xBEBC, 0xBEDC, 0xBEBC, 0xBEDC, 0xBEDC, 0xBEBC, 0xB6BC, 0xB6BC, 0xB6BC, 0xB6BC, 0xB6BC, 0xB6BC, 0xBEBC, 0xB69C, 0xB69C, 0xBEBC, 0xBE9C, 0x0862, 0xB6BC, 0xAE7B, 0x0022, 0x8D78, 0x8D78, 0x8D78, 0x8D58, 0x8D38, 0x8D58, 0x8D58, 0x8D38, 0x8D38, 0x8D58, 0x8D58, 0x8D58, 0x8D58, 0x8D58, 0x8D58, 0x8D58, 0x8D58, 0x8D58, 0x8D58, 0x8D78, 0x8D78, 0x8D78, 0x8D58, 0x8D78, 0x8D58, 0x9579, 0x9578, 0xB69C, 0xB69C, 0xB69C, 0xA5FA, 0xA5B9, 0xC6DC, 0xD73E, 0xC6DD, 0xC6BC, 0xCEDD, 0xCEBC, 0xCEBC, 0xCEDC, 0xCEDC, 0xCEDC, 0xC6FC, 0xC6DC, 0xCEFC, 0xCEDC, 0xCEDC, 0xC6DC, 0xCEFD, 0xCEDC, 0xC6DC, 0xCEDD, 0xCEDD, 0xCEDD, 0xC6DD, 0xCEFD, 0xCEFD, 0xCEFD, 0xCEDD, 0xC6DC, 0xC6DD, 0xC6DD, 0xC6DD, 0xC6DD, 0xCEDD, 0xCEFD, 0xC6DD, 0xCEFD, 0xCEDD, 0xC6DD, 0xC6DD, 0xC6DD, 0xCEDD, 0xC6DD, 0xC6DD, 0xC6DD, 0xC6DD, 0xC6DD, 0xC6DD, 0xC6BC, 0xC6BC, 0xC6BC, 0xC6BC, 0xBEBC, 0xBEBC, 0xBEBC, 0xBEBC, 0xBEBC, 0xC69C, 0xBE9C, 0xC6BD, 0xBEBC, 0xC6DD, 0xBEDD, 0xBE9C, 0x0002, 0x8D78, 0x8D79, 0x8D58, 0x8D58, 0x8538, 0x8538, 0x8538, 0x8D38, 0x8D38, 0x8D58, 0x8D58, 0x8D58, 0x8D58, 0x8D58, 0x8D58, 0x8D58, 0x8D58, 0x8D58, 0x8D58, 0x8D58, 0x8D78, 0x8D58, 0x8D58, 0x8D78, 0x8D58, 0x8D58, 0x8D58, 0xB69C, 0xB69C, 0xB69C, 0xB67C, 0xB69C, 0x84B4, 0x9D97, 0xADB8, 0x0884, 0x530E, 0x0084, 0xA5B8, 0xB61A, 0xB61A, 0xB63A, 0xB63A, 0xC69B, 0xC67B, 0xC67B, 0xBE7B, 0xC67B, 0xC69B, 0xBE7B, 0xBE9B, 0xBE7B, 0xBE9B, 0xB67B, 0xBEBC, 0xBE7B, 0xBE9B, 0xBEBC, 0xC6BC, 0xC6DC, 0xC6DD, 0xC6FD, 0xBE9C, 0xCEFD, 0xC6BC, 0xCEDC, 0xC6DC, 0xC6DD, 0xC6DC, 0xC6DC, 0xCEDC, 0xC6DC, 0xCEFD, 0xC6DB, 0xC6FC, 0xC6BC, 0xC6DC, 0xC6DC, 0xD71D, 0xC6DD, 0xBE9C, 0xC6BC, 0xC69C, 0xC6DC, 0xCEDD, 0xC6BC, 0xC6BC, 0xC6BC, 0xBE5B, 0x0000, 0xB5D9, 0xA577, 0xBE5B, 0x0001, 0xA5DA, 0x8D58, 0x8D78, 0x8D58, 0x8D38, 0x8D38, 0x8537, 0x8D38, 0x8538, 0x8538, 0x8538, 0x8D38, 0x8D38, 0x8D38, 0x8D58, 0x8D58, 0x8D58, 0x8D58, 0x8D58, 0x8D58, 0x8D58, 0x8D58, 0x8D78, 0x8D78, 0x8D78, 0x8D78, 0x8D78, 0x8D78, 0x8D58, 0xB69C, 0xB69C, 0xB69C, 0xB69C, 0xB67B, 0x9DD9, 0xC6DD, 0xBEDD, 0x0084, 0x430D, 0xC6BC, 0x7C53, 0x08A4, 0x0001, 0x0043, 0x0022, 0x0022, 0x0002, 0x0023, 0x10A3, 0x0043, 0x0042, 0x0022, 0x0043, 0x0042, 0x0884, 0x0884, 0x0043, 0x0884, 0x0884, 0x0863, 0x0043, 0x0884, 0x0884, 0x0883, 0x10C4, 0x10A4, 0x08A3, 0x0883, 0x0063, 0x0043, 0x0064, 0x10A4, 0x10A4, 0x0884, 0x0062, 0x0063, 0x0063, 0x0063, 0x0063, 0x0084, 0x10C4, 0x0884, 0x10A4, 0x0063, 0x0022, 0x0043, 0x0042, 0x0022, 0x0001, 0x0022, 0x8474, 0xD71D, 0x0000, 0xA5F9, 0xBE9C, 0x0001, 0x8D58, 0x8D58, 0x8D58, 0x8D58, 0x8538, 0x8538, 0x8538, 0x8538, 0x8538, 0x8538, 0x8D58, 0x8538, 0x8D58, 0x8D38, 0x8D58, 0x8D58, 0x8D58, 0x8D58, 0x8D58, 0x8D58, 0x8D58, 0x8D58, 0x8D58, 0x8D78, 0x8D58, 0x8D58, 0x8D78, 0x8D78, 0x9579, 0xB69C, 0xB69C, 0xB69C, 0xB69C, 0xB69B, 0x9DD8, 0xBEBC, 0xBEDD, 0x00C4, 0xC6DC, 0x0064, 0x9E1A, 0xA63B, 0x9E1A, 0xA63B, 0xA63B, 0xA63B, 0xA63B, 0xA65B, 0x00E4, 0xC71D, 0x6C32, 0x9E5A, 0xA63B, 0xA65B, 0xA65B, 0xAE7C, 0xAE7C, 0xA65B, 0xA65B, 0x1126, 0xBEDD, 0xA5D8, 0x2187, 0x0063, 0x00A4, 0x29C8, 0x9556, 0xAE5C, 0xA5D9, 0x0043, 0x5B2E, 0x08C4, 0x116D, 0x114C, 0x08C7, 0x08E5, 0x9E5B, 0x961A, 0x9E3B, 0x9E3C, 0x84D5, 0xC6DD, 0x0022, 0x8DDA, 0x8DDA, 0x95FB, 0x95FB, 0x95DA, 0x9E3B, 0x8DFA, 0x95D9, 0x10C4, 0xCE9C, 0xA5D8, 0xBEBD, 0x0002, 0x8D58, 0x8538, 0x8538, 0x8538, 0x8538, 0x8538, 0x8538, 0x8538, 0x8538, 0x8538, 0x8538, 0x8518, 0x8538, 0x8538, 0x8D58, 0x8D58, 0x8D58, 0x8D58, 0x8D58, 0x8D58, 0x8D58, 0x8D58, 0x8D58, 0x8D58, 0x8D58, 0x8D58, 0x8D58, 0x8D58, 0x8D58, 0xB69C, 0xB69C, 0xB69C, 0xB69C, 0xB69C, 0x95B8, 0xBEDD, 0xC6DD, 0x0126, 0xB67B, 0xA5FA, 0xA61B, 0xA61A, 0xA61A, 0x9E1A, 0x9E1A, 0x9E1A, 0xA63B, 0xA63B, 0x00E5, 0xCF1E, 0x84B4, 0xA65B, 0xA61A, 0x9DF9, 0x9DD8, 0xAE5A, 0xAE1A, 0xAE1A, 0xA5F9, 0x1106, 0xC6DC, 0x29CA, 0x2A0D, 0x198B, 0x29ED, 0x322C, 0x1127, 0x0002, 0x1928, 0x198B, 0x4ACC, 0x1105, 0x194C, 0x196C, 0x198C, 0x1908, 0x9D98, 0x9E1C, 0x9E1C, 0x95FB, 0x8CD5, 0xC6BC, 0x0042, 0x8DBA, 0x9DDB, 0x8DDA, 0x95BA, 0x9DFA, 0x9DDA, 0x8DBA, 0x85DA, 0x0003, 0xCEDD, 0x9D77, 0xB6BC, 0x0002, 0x8D59, 0x8D58, 0x8538, 0x8538, 0x8538, 0x8538, 0x8538, 0x8517, 0x8538, 0x8538, 0x8538, 0x8538, 0x8538, 0x8538, 0x8D58, 0x8D58, 0x8D58, 0x8D58, 0x8D58, 0x8D58, 0x8D58, 0x8D58, 0x8D58, 0x8D58, 0x8D58, 0x8D58, 0x8D58, 0x8D58, 0x8D58, 0xB69C, 0xB67C, 0xB67C, 0xB67C, 0xB69C, 0x9598, 0xBEBC, 0xBEDD, 0x1188, 0xAE3A, 0x9DDA, 0xA5FA, 0xA5FA, 0xA61B, 0xA63B, 0xA61B, 0xA61B, 0xA61B, 0xA63B, 0x0105, 0xCEFD, 0x8493, 0x426B, 0x0003, 0x0044, 0x1948, 0x218A, 0x0024, 0x0003, 0x0023, 0x21A8, 0xC6BC, 0x29C9, 0x0023, 0x0023, 0x0024, 0x0024, 0x08C6, 0x218A, 0x196C, 0x114C, 0x638F, 0x2187, 0x196C, 0x114C, 0x194C, 0x116D, 0x0002, 0x95FC, 0x95FB, 0x95DB, 0x9537, 0xB69C, 0x0002, 0x95FB, 0x8DDB, 0x8DBA, 0x95DA, 0x95B9, 0x95BA, 0x8DBA, 0x859A, 0x0002, 0xBEBC, 0x9536, 0xB6BC, 0x0043, 0x9579, 0x8538, 0x8538, 0x8538, 0x8538, 0x8538, 0x8538, 0x8538, 0x8538, 0x8538, 0x8517, 0x8538, 0x8538, 0x8538, 0x8D58, 0x8D58, 0x8D58, 0x8D58, 0x8D58, 0x8D58, 0x8D58, 0x8D58, 0x8D58, 0x8D58, 0x8D58, 0x8D58, 0x8D58, 0x8D58, 0x8D58, 0xB69C, 0xB67C, 0xB67C, 0xB67C, 0xB69C, 0x9DB9, 0xC71E, 0xC6FD, 0x1188, 0xA61A, 0xA61A, 0xA61B, 0xA61A, 0xA61A, 0xA61B, 0xA61B, 0x9E1B, 0xA63B, 0xA63B, 0x00A4, 0xCF1D, 0x1927, 0x29CC, 0x2A0E, 0x19AD, 0x19AD, 0x21AD, 0x21AC, 0x198C, 0x218D, 0x1148, 0xCEFD, 0x1107, 0x19AC, 0x198D, 0x196C, 0x196C, 0x196D, 0x114C, 0x194C, 0x196C, 0x5B2E, 0x3209, 0x114C, 0x114C, 0x112C, 0x114C, 0x0003, 0x52EE, 0x9578, 0x95BB, 0x9597, 0xBEBC, 0x0042, 0x8DDB, 0x8DBA, 0x8D9A, 0x95B9, 0x95DA, 0x8D9A, 0x859A, 0x8DFC, 0x0023, 0xCF1D, 0x84D5, 0xB69C, 0x0002, 0x8D59, 0x8D38, 0x8538, 0x8538, 0x8538, 0x8518, 0x8538, 0x8538, 0x8538, 0x8518, 0x8538, 0x8538, 0x8518, 0x8538, 0x8D58, 0x8D38, 0x8D58, 0x8D38, 0x8D58, 0x8D58, 0x8D58, 0x8D38, 0x8D58, 0x8D58, 0x8D58, 0x8D58, 0x8D58, 0x8D58, 0x8D78, 0xB69C, 0xB67C, 0xB67C, 0xB67C, 0xB69C, 0xA5F9, 0xBEFD, 0xBEDD, 0x0926, 0xAE1A, 0x9DD9, 0xA61B, 0x9DFA, 0xA61B, 0xA61B, 0xA61B, 0x9E1B, 0x9DFA, 0x42AD, 0x0083, 0xCF1E, 0x1107, 0x21CC, 0x216B, 0x0046, 0x29AC, 0x198C, 0x198C, 0x196C, 0x118C, 0x21A9, 0xC6BD, 0x0004, 0x0004, 0x216A, 0x196C, 0x196C, 0x196D, 0x198C, 0x196C, 0x194C, 0x52CC, 0x4ACC, 0x112C, 0x112B, 0x114C, 0x114C, 0x0066, 0x2189, 0x2168, 0x0823, 0x7BF1, 0xBEDD, 0x0042, 0x95DB, 0x8DBA, 0x8DBA, 0x95DA, 0x95DA, 0x8DBA, 0x85BA, 0x8DBA, 0x0022, 0xCF1D, 0x63B0, 0xAE7B, 0x0002, 0x9579, 0x8D38, 0x8538, 0x8538, 0x8538, 0x8538, 0x8518, 0x8517, 0x8518, 0x8518, 0x8538, 0x8538, 0x8517, 0x8538, 0x8D58, 0x8D38, 0x8D38, 0x8D38, 0x8D58, 0x8D58, 0x8D58, 0x8D38, 0x8D58, 0x8D58, 0x8D58, 0x8D58, 0x8D58, 0x8D58, 0x8D58, 0xB69C, 0xB67C, 0xB67C, 0xB67C, 0xB69C, 0x9DD9, 0xC6FD, 0xBEFD, 0x220A, 0xAE3A, 0x95B9, 0xA61A, 0xA63B, 0xA63B, 0xA61B, 0xA61B, 0x95FA, 0x6BF1, 0x0063, 0x0043, 0xC6FD, 0x1127, 0x10EA, 0x110C, 0x73FB, 0x29AD, 0x192A, 0x116C, 0x21AC, 0x21AC, 0x1926, 0xC6BD, 0x533B, 0x4B7D, 0x0005, 0x212A, 0x196C, 0x116C, 0x116C, 0x114C, 0x194C, 0x52ED, 0x52ED, 0x114C, 0x112B, 0x114C, 0x114C, 0x216B, 0x0023, 0x114B, 0x194A, 0x0003, 0xBEBC, 0x0022, 0x8DBB, 0x8DBA, 0x8DBA, 0x8D79, 0x95B9, 0x95BA, 0x857A, 0x8DBA, 0x08A4, 0xC6DD, 0x6390, 0xB69C, 0x0002, 0x9559, 0x8538, 0x8538, 0x8538, 0x8538, 0x8538, 0x8518, 0x8538, 0x8518, 0x8518, 0x8538, 0x8538, 0x8518, 0x8538, 0x8537, 0x8D38, 0x8D58, 0x8D38, 0x8D58, 0x8D58, 0x8D99, 0x8D58, 0x8D38, 0x8D58, 0x8D58, 0x8D58, 0x8D58, 0x8D58, 0x8D58, 0xB69C, 0xB67C, 0xB67C, 0xB67C, 0xB69C, 0x9DD9, 0xBEBC, 0xC6FD, 0x21E9, 0xAE3B, 0x95B9, 0xA61A, 0xA61A, 0xA63B, 0x9DFA, 0x9578, 0x0044, 0x0843, 0x0005, 0x0004, 0x0024, 0x0845, 0x4AD4, 0x433C, 0x43BD, 0x4B7C, 0x0026, 0x196C, 0x118C, 0x0887, 0x10E6, 0xCEBD, 0x539B, 0x4B5D, 0x437D, 0x0006, 0x196C, 0x196C, 0x116C, 0x114B, 0x194C, 0x4A8B, 0x6BCF, 0x298B, 0x112B, 0x114B, 0x196D, 0x194C, 0x0044, 0x1949, 0x112C, 0x2149, 0xBEBC, 0x0002, 0x8D9A, 0x8DBA, 0x8DBA, 0x95B9, 0x95B9, 0x8D9A, 0x859B, 0x8DDA, 0x1966, 0xC69C, 0x426B, 0xB6BC, 0x0001, 0x8D18, 0x8538, 0x8538, 0x8517, 0x8538, 0x8538, 0x8538, 0x8538, 0x8538, 0x8518, 0x8538, 0x8538, 0x8538, 0x8538, 0x8D38, 0x8D38, 0x8D38, 0x8D38, 0x8D58, 0x9578, 0x8D58, 0x8558, 0x8D58, 0x8D58, 0x8D58, 0x8D58, 0x8D58, 0x8D38, 0x8D58, 0xB69C, 0xB67C, 0xB67B, 0xB69C, 0xB67B, 0xA61A, 0xB69C, 0xC6DD, 0x21E9, 0xAE5B, 0x95B9, 0xA61A, 0xA5FA, 0x9DDA, 0x3AAD, 0x0003, 0x1969, 0x0087, 0x4B5C, 0x4B7C, 0x539C, 0x6C18, 0x0007, 0x008C, 0x4B9E, 0x539D, 0x0047, 0x118B, 0x196C, 0x0025, 0x0086, 0xC69D, 0x535C, 0x431E, 0x433D, 0x5B7A, 0x10A7, 0x196C, 0x116C, 0x194C, 0x216C, 0x426B, 0x6BD0, 0x0846, 0x190A, 0x194C, 0x196C, 0x114B, 0x212A, 0x0023, 0x116D, 0x298A, 0xC6DD, 0x0001, 0x9DBA, 0x9E1C, 0x95FB, 0x95DA, 0x95B9, 0x8DBA, 0x8DBB, 0x8DDA, 0x29E9, 0xBE9C, 0x29C9, 0xB69C, 0x0001, 0x8D18, 0x8538, 0x8517, 0x8538, 0x8538, 0x8538, 0x8518, 0x8538, 0x8518, 0x8538, 0x8538, 0x8538, 0x8538, 0x8538, 0x8D38, 0x8D38, 0x8D38, 0x8D58, 0x7D17, 0x0064, 0x0003, 0x0002, 0x8D38, 0x8D58, 0x8D58, 0x8D58, 0x8D58, 0x8D38, 0x8D58, 0xB67C, 0xB67C, 0xB67C, 0xB69B, 0xB67C, 0xA5F9, 0xC6DD, 0xBEDD, 0x2A0A, 0xB65B, 0x9DFA, 0x9E1B, 0x0043, 0x00A5, 0x21AB, 0x21AD, 0x298D, 0x0027, 0x4B7D, 0x4B7D, 0x539D, 0x537D, 0x5B3B, 0x19B0, 0x537E, 0x0047, 0x0001, 0x194C, 0x196B, 0x0026, 0x0025, 0xCEDE, 0x533C, 0x4B3D, 0x433D, 0x4B5C, 0x0024, 0x196C, 0x116C, 0x196B, 0x0003, 0x420B, 0x6BB1, 0x5B7C, 0x0004, 0x094B, 0x114C, 0x114C, 0x114B, 0x0023, 0x194C, 0x298A, 0xC6BD, 0x0002, 0x0043, 0x320A, 0x95BA, 0x95B9, 0x9DBA, 0x95DB, 0x8D9A, 0x8DBA, 0x4ACC, 0xBE7C, 0x08A4, 0xB6BC, 0x0001, 0x8CF7, 0x8538, 0x8538, 0x8538, 0x8538, 0x8518, 0x8518, 0x8538, 0x8538, 0x8518, 0x8537, 0x8517, 0x8517, 0x8538, 0x8537, 0x8D38, 0x8D38, 0x8D38, 0x8537, 0x0002, 0x569F, 0x0001, 0x9D98, 0x8D37, 0x8D77, 0x8D38, 0x8D58, 0x8D58, 0x8D58, 0xB67C, 0xB67C, 0xB67C, 0xB69C, 0xB67C, 0xA61A, 0xC6FD, 0xC6FD, 0x2A4A, 0xAE7A, 0x9DD9, 0x1967, 0x21EC, 0x19AD, 0x19AD, 0x21AC, 0x0069, 0x63DB, 0x4B9D, 0x433B, 0x2190, 0x639C, 0x42DD, 0x08AE, 0x4B5B, 0x4AD4, 0x5B58, 0x10E9, 0x196B, 0x0005, 0x0025, 0xCE9D, 0x533C, 0x4B3D, 0x4B3D, 0x4B3D, 0x0003, 0x08E9, 0x0003, 0x214B, 0x6BBA, 0x3A2B, 0x6BD2, 0x637B, 0x0004, 0x0066, 0x194C, 0x112B, 0x196C, 0x214A, 0x0003, 0x298A, 0xCEFD, 0x0023, 0x110B, 0x296A, 0x0024, 0x0002, 0x4B0E, 0x9E3C, 0x7D9A, 0x8DBA, 0x3A8B, 0xC6BD, 0x0083, 0xB6BC, 0x0022, 0x8D18, 0x8538, 0x8538, 0x8538, 0x8538, 0x8538, 0x8518, 0x8518, 0x8518, 0x8518, 0x8537, 0x8517, 0x8537, 0x8537, 0x8537, 0x8D38, 0x8D38, 0x8D38, 0x8557, 0x0002, 0x36BD, 0x0023, 0x663C, 0x8EBF, 0x0001, 0x959A, 0x8D58, 0x8D58, 0x8D58, 0xB67C, 0xB69C, 0xB67C, 0xB69C, 0xB67C, 0x9DD8, 0xC6DD, 0xC6FD, 0x328C, 0xAE7B, 0x8D77, 0x0045, 0x19AD, 0x19AD, 0x19AD, 0x112B, 0x53BC, 0x4B5D, 0x437D, 0x539B, 0x5B9A, 0x31D2, 0x0046, 0x0027, 0x639F, 0x53BD, 0x537E, 0x0025, 0x116C, 0x0025, 0x10C8, 0xCE9D, 0x531B, 0x433D, 0x433D, 0x433D, 0x0007, 0x194C, 0x0862, 0x0885, 0x639C, 0x3A2B, 0x7C53, 0x0003, 0xCF3F, 0x0022, 0x194B, 0x0887, 0x0001, 0x10E8, 0x0845, 0x29AA, 0xC6BC, 0x0002, 0x090B, 0x110A, 0x192B, 0x214B, 0x18C6, 0x0043, 0x95DB, 0x8558, 0x4ACD, 0xC6BD, 0x0043, 0xBE9D, 0x0022, 0x8D18, 0x8518, 0x8538, 0x8538, 0x8538, 0x8518, 0x8538, 0x8538, 0x8538, 0x8538, 0x8518, 0x8538, 0x8538, 0x8538, 0x8517, 0x8D38, 0x8D38, 0x8D38, 0x8D78, 0x0002, 0x465E, 0x0064, 0x3E7F, 0x5E3C, 0x0002, 0x8D59, 0x8D58, 0x8D38, 0x8D58, 0xB67C, 0xB69C, 0xB67C, 0xB69C, 0xB67C, 0xA5F9, 0xBEBC, 0xC6FD, 0x3ACD, 0xB67B, 0x10E5, 0x29EC, 0x19AC, 0x19AC, 0x19AC, 0x08EA, 0x537C, 0x4B7D, 0x4B5D, 0x4B5D, 0x4B7D, 0x4BDD, 0x535D, 0x1049, 0x0004, 0x3213, 0x0007, 0x214B, 0x114A, 0x1129, 0x0864, 0xCE9D, 0x533C, 0x433D, 0x433D, 0x433D, 0x0007, 0x192B, 0x322E, 0x0006, 0x533D, 0x31EA, 0x7C33, 0xCF3F, 0xBEFE, 0x0022, 0x0023, 0xCEBC, 0x1928, 0x1928, 0x10E8, 0x298B, 0xC6BD, 0x0002, 0x090B, 0x10EA, 0x110A, 0x110B, 0x110B, 0x18E9, 0x0063, 0x95DA, 0x4ACE, 0xBEBC, 0x0042, 0xC6DE, 0x0042, 0x8D18, 0x8518, 0x8538, 0x8538, 0x8538, 0x8518, 0x8538, 0x8538, 0x8538, 0x8518, 0x8518, 0x8538, 0x8538, 0x8538, 0x8537, 0x8D38, 0x8D38, 0x8D38, 0x8D58, 0x0003, 0x467F, 0x0064, 0x3E9E, 0x0064, 0x9D78, 0x8D58, 0x8D58, 0x8D38, 0x8D58, 0xB67C, 0xB69C, 0xB69C, 0xB69C, 0xB69C, 0xA5FA, 0xBEBC, 0xC6FD, 0x432E, 0xBE7B, 0x0085, 0x19AC, 0x198C, 0x19AC, 0x21CD, 0x21AD, 0x08EF, 0x435D, 0x433D, 0x3A56, 0x5B5B, 0x533B, 0x42B9, 0x00AC, 0x435D, 0x52D6, 0x216A, 0x194B, 0x10E8, 0x63D8, 0x0064, 0xCEBD, 0x533C, 0x433D, 0x431C, 0x433D, 0x0004, 0x0026, 0x4B1B, 0x4B1B, 0x533D, 0x31CA, 0x7C52, 0xCEFE, 0xCF1E, 0x52AC, 0xCF1F, 0x0002, 0x0001, 0x10C5, 0x216A, 0x2128, 0xD6FE, 0x0002, 0x214A, 0x110A, 0x10EB, 0x110B, 0x112A, 0x10EB, 0x192A, 0x0023, 0x5B2E, 0xBEBC, 0x0022, 0xBE9D, 0x0042, 0x8D38, 0x8518, 0x8518, 0x8518, 0x8518, 0x8538, 0x8538, 0x8518, 0x8538, 0x8538, 0x8518, 0x8538, 0x8538, 0x8538, 0x8537, 0x8D38, 0x8538, 0x8D38, 0x8D58, 0x0023, 0x467E, 0x0043, 0x3E7F, 0x6EFF, 0x0063, 0x8517, 0x8D58, 0x8D58, 0x8D58, 0xB69C, 0xB67C, 0xB67C, 0xB67C, 0xB67C, 0xA5F9, 0xC6FD, 0xC6FD, 0x326B, 0xBE5B, 0x1929, 0x198C, 0x19AC, 0x19AC, 0x19AC, 0x198C, 0x2A34, 0x4B5D, 0x4B5D, 0x535B, 0x6BDB, 0x0007, 0x0025, 0x5B5D, 0x4B9B, 0x533A, 0x10C9, 0x194A, 0x194A, 0x3254, 0x0004, 0xD6BE, 0x533C, 0x431D, 0x433D, 0x433D, 0x0824, 0x5B79, 0x535C, 0x4B3B, 0x4B7C, 0x3209, 0x7BF2, 0x0002, 0xD77F, 0x20E4, 0xCEFE, 0x0002, 0x0022, 0x0023, 0x0004, 0x0000, 0x0000, 0x0026, 0x0005, 0x0004, 0x210A, 0x110A, 0x110B, 0x110A, 0x110B, 0x0023, 0x7BF1, 0xBEBC, 0x0002, 0xBE9C, 0x0001, 0x9558, 0x8518, 0x8518, 0x8518, 0x8518, 0x8518, 0x8538, 0x8518, 0x8538, 0x8538, 0x8538, 0x8517, 0x8517, 0x8D38, 0x8D38, 0x8D38, 0x8537, 0x8538, 0x8537, 0x0003, 0x467E, 0x0066, 0x665D, 0x5E5E, 0x0043, 0x8D79, 0x8D38, 0x8D58, 0x8D58, 0xB67C, 0xB67C, 0xB67C, 0xB67C, 0xB67C, 0xA5FA, 0xC6DD, 0xCF1E, 0x536F, 0xBE5B, 0x218A, 0x19AC, 0x19AC, 0x19AC, 0x19AC, 0x110B, 0x5BBD, 0x535D, 0x4B5D, 0x4B7D, 0x4B5D, 0x4B9D, 0x42DA, 0x3AB7, 0x4B5D, 0x42B8, 0x194A, 0x0045, 0x194A, 0x08EF, 0x0025, 0xCE9D, 0x5B5C, 0x4B3D, 0x433D, 0x4B7D, 0x427A, 0x3B1B, 0x533D, 0x4B3C, 0x5B19, 0x39C9, 0x7C32, 0x5B9C, 0x0006, 0x7390, 0xB6BF, 0xD77F, 0x0001, 0x5B3B, 0x4B7C, 0x0002, 0x5BBB, 0x531C, 0x531C, 0x4AFA, 0x0003, 0x20AA, 0x110B, 0x110A, 0x110B, 0x2129, 0x0021, 0xBEDC, 0x0001, 0xBE9C, 0x0022, 0x8D18, 0x8538, 0x8518, 0x8518, 0x8518, 0x8517, 0x8538, 0x8518, 0x8538, 0x8538, 0x8538, 0x8517, 0x8517, 0x8537, 0x8517, 0x8D38, 0x8537, 0x8D38, 0x8D37, 0x0044, 0x467E, 0x0003, 0x9D37, 0x9516, 0x9536, 0x8557, 0x8D58, 0x8D38, 0x8D38, 0xB67C, 0xB67C, 0xB67C, 0xB67C, 0xB67C, 0xA61A, 0xB69C, 0xC6DD, 0x430E, 0xBE5B, 0x194A, 0x198C, 0x198C, 0x198C, 0x19AC, 0x196C, 0x539A, 0x4B5D, 0x4B5D, 0x4B5D, 0x4B5D, 0x4B9B, 0x4ABB, 0x3A76, 0x5B9E, 0x0049, 0x194A, 0x0003, 0x1107, 0x5358, 0x0005, 0xCEBD, 0x533B, 0x433D, 0x431D, 0x4B3D, 0x4B5C, 0x4B3C, 0x4B1D, 0x4B5C, 0x5316, 0x3A29, 0x7C31, 0x533B, 0x4B3B, 0x0006, 0x0003, 0x0822, 0x0001, 0x533B, 0x5B3B, 0x0006, 0x535D, 0x431C, 0x42FC, 0x3AFC, 0x7BBB, 0x10A7, 0x110B, 0x110B, 0x10EA, 0x18EA, 0x0842, 0xBEDD, 0x0001, 0xBE9C, 0x0021, 0x8D18, 0x8518, 0x8518, 0x8518, 0x8518, 0x8517, 0x8518, 0x8517, 0x8517, 0x8518, 0x8538, 0x8517, 0x8517, 0x8517, 0x8517, 0x8537, 0x8D38, 0x9558, 0x84F7, 0x00A5, 0x465E, 0x0804, 0x9578, 0x8D59, 0x8D78, 0x8D58, 0x8D38, 0x8D58, 0x8D58, 0xB67C, 0xB67C, 0xB67C, 0xB67C, 0xB67C, 0xA5F9, 0xBE9C, 0xC6FD, 0x5BB0, 0xB65B, 0x194A, 0x198C, 0x198C, 0x19AC, 0x198D, 0x198D, 0x0069, 0x4B1B, 0x4B5D, 0x000B, 0x0008, 0x0007, 0x0846, 0x637C, 0x08AC, 0x1129, 0x214A, 0x73F8, 0x0026, 0x4B5B, 0x0005, 0xC69C, 0x535B, 0x537D, 0x537D, 0x4B5D, 0x4B3D, 0x531D, 0x4B3D, 0x4B1D, 0x533B, 0x31E9, 0x7BF3, 0x0007, 0x4AFC, 0x4B5C, 0x4AFB, 0x5B35, 0x0001, 0x6BB9, 0x73FC, 0x1068, 0x5B17, 0x0005, 0x0009, 0x531E, 0x110E, 0x0003, 0x10C9, 0x110A, 0x10EB, 0x10EA, 0x0001, 0xBEFD, 0x0001, 0xBE7C, 0x0043, 0x8D38, 0x8517, 0x8517, 0x8517, 0x8517, 0x8517, 0x8518, 0x8518, 0x8517, 0x8518, 0x8538, 0x8517, 0x8537, 0x8537, 0x8D38, 0x8D38, 0x7C74, 0x0003, 0x1969, 0x0002, 0x5E5E, 0x0022, 0x0003, 0x0001, 0x9D77, 0x8518, 0x8D38, 0x8D38, 0x8D38, 0xB67C, 0xB67C, 0xB67C, 0xB67C, 0xB67C, 0xA5FA, 0xB69C, 0xBEDD, 0x6412, 0xBE5B, 0x218A, 0x196C, 0x196C, 0x198D, 0x198D, 0x198C, 0x08CA, 0x4B3A, 0x435C, 0x4B7D, 0x4B5D, 0x4B9C, 0x5378, 0x5B9D, 0x42B3, 0x214B, 0x0005, 0x5BBB, 0x4B5B, 0x537C, 0x0065, 0xBE7C, 0x0028, 0x0028, 0x008A, 0x6358, 0x533C, 0x4B3D, 0x431D, 0x4B3E, 0x5B9C, 0x2989, 0x94B5, 0x5B7B, 0x0887, 0x0005, 0x6BDE, 0x52FA, 0x0041, 0x18A8, 0x0007, 0x0843, 0x739A, 0x42FB, 0x42FC, 0x42FC, 0x4AFC, 0x535B, 0x0005, 0x10EB, 0x110A, 0x08EA, 0x0022, 0xC6FD, 0x0001, 0xBE9C, 0x0042, 0x8D18, 0x8517, 0x8518, 0x8518, 0x8517, 0x8517, 0x8518, 0x8538, 0x7CF7, 0x7CF7, 0x7CF7, 0x8539, 0x8537, 0x8537, 0x8538, 0x8D58, 0x0023, 0x9E1D, 0x95DD, 0x8DFC, 0x0801, 0x0022, 0x9E5F, 0xA61F, 0x0042, 0x8D58, 0x8D58, 0x8D58, 0x8D58, 0xB67C, 0xB67C, 0xB67C, 0xB67C, 0xB67C, 0xA5FA, 0xB69C, 0xBEBC, 0x6412, 0xB65B, 0x0085, 0x198C, 0x196C, 0x196D, 0x198D, 0x198C, 0x194B, 0x3A96, 0x4B5D, 0x4B5D, 0x537D, 0x537C, 0x0008, 0x5B7E, 0x29CF, 0x192A, 0x2991, 0x4B3C, 0x5B7A, 0x0005, 0x10C4, 0xC6BD, 0xBEDD, 0xCF3F, 0xC71F, 0xC6BE, 0xADDA, 0x0046, 0x194E, 0x42D8, 0x5B7B, 0x31AA, 0x94D6, 0x4AFC, 0x531E, 0x535C, 0x635B, 0x0007, 0x0003, 0x6BDD, 0x6BBB, 0x0004, 0x4AFD, 0x42FD, 0x42FC, 0x4B3C, 0x42FC, 0x4B1C, 0x6375, 0x18EA, 0x10EB, 0x10EA, 0x0021, 0xC71D, 0x0001, 0xBE9D, 0x0883, 0x8D18, 0x8518, 0x8517, 0x8517, 0x8517, 0x8517, 0x8518, 0x8518, 0x8517, 0x7C94, 0x08A5, 0x9516, 0x8D58, 0x8538, 0x8D38, 0x8517, 0x6BD3, 0x961E, 0x9E3E, 0xA5BC, 0xDF5D, 0x18C5, 0xAE3E, 0x9E3E, 0x0023, 0x9599, 0x8D38, 0x8D38, 0x8D38, 0xB67C, 0xB67B, 0xB67B, 0xB67B, 0xB67C, 0xA61A, 0xAE5B, 0xBEDC, 0x7473, 0xBE5B, 0x0084, 0x21AC, 0x196C, 0x196D, 0x196C, 0x218D, 0x218D, 0x08EA, 0x52F5, 0x0006, 0x0023, 0x0047, 0x5BBE, 0x4B37, 0x0065, 0x0008, 0x533C, 0x533D, 0x0005, 0xC71F, 0x0043, 0xC6BD, 0xBEDF, 0xBEDF, 0xBEDF, 0xBEDF, 0xBEDF, 0xBEDF, 0xC6FF, 0xC69E, 0x0005, 0x2968, 0x8C95, 0x4B3B, 0x431C, 0x4B1D, 0x63BA, 0x0027, 0x0001, 0x298C, 0x0047, 0x6B36, 0x3A32, 0x0008, 0x0007, 0x0009, 0x42FC, 0x5B5B, 0x0004, 0x110A, 0x10EA, 0x110A, 0x0002, 0xCF1D, 0x0001, 0xBE9C, 0x0883, 0x8D38, 0x8517, 0x84F7, 0x8517, 0x8517, 0x8517, 0x8517, 0x8517, 0x0002, 0x655B, 0x2C9B, 0x651C, 0x0001, 0x8D59, 0x8D58, 0x8517, 0x6393, 0x95FE, 0x00A6, 0x1927, 0xC6FF, 0x0001, 0x9E1E, 0x961D, 0x0001, 0x8D78, 0x8D58, 0x8D58, 0x8538, 0xB69C, 0xB67B, 0xB67C, 0xB67C, 0xB67C, 0xA5F9, 0xA61A, 0xC6DD, 0x7493, 0xBEBC, 0x9537, 0x0044, 0x198D, 0x198C, 0x198C, 0x19AD, 0x198C, 0x196D, 0x210A, 0x0003, 0xD73E, 0x192B, 0x3210, 0x0025, 0x212C, 0x42D7, 0x4B7D, 0x52D8, 0xCF3F, 0xB6BD, 0x0002, 0xC6DD, 0xBEBE, 0xC6FF, 0xBEDF, 0xBEDF, 0xBEDF, 0xBEDF, 0xBEFE, 0xB6BF, 0xBEDF, 0x2146, 0x8415, 0x537C, 0x433C, 0x4AFC, 0x4AFD, 0x5B59, 0x0001, 0x4A31, 0x7418, 0x0006, 0x5B3A, 0x533B, 0x42BB, 0x533D, 0x42DC, 0x4AD5, 0x0043, 0x08EA, 0x08EA, 0x18E9, 0x0000, 0xCF1E, 0x0001, 0xBE9D, 0x10E4, 0x8518, 0x84F7, 0x8517, 0x8517, 0x8517, 0x8537, 0x8538, 0x52AD, 0x4BD5, 0x2CDE, 0x24FD, 0x24DD, 0x241B, 0x0843, 0x9558, 0x8D57, 0x0044, 0x961E, 0x8D9D, 0x0002, 0x0020, 0xAE7E, 0x8DFE, 0x8DDD, 0x0022, 0x8D78, 0x8D58, 0x8D58, 0x8D38, 0xB67C, 0xB67C, 0xB67C, 0xB67C, 0xB67C, 0xA5F9, 0xA61A, 0xC6FD, 0x7C93, 0xBEBC, 0x9578, 0xA5B9, 0x0085, 0x19AB, 0x198D, 0x21AD, 0x198D, 0x19CC, 0x21AD, 0x00E7, 0xCEDD, 0x0064, 0x296D, 0x192C, 0x114B, 0x5B9D, 0x4B5D, 0x00A9, 0xCEFF, 0x42AE, 0x0023, 0xC6BC, 0xC6FF, 0x3A8E, 0xBEFF, 0xBEDF, 0xBEDF, 0xBEDF, 0xBEDF, 0xBEFE, 0xBEFE, 0x1925, 0x73B0, 0x0005, 0x42B9, 0x42FC, 0x4B1C, 0x531D, 0x0043, 0x0869, 0x294F, 0x6379, 0x4ADC, 0x4AFB, 0x4B1C, 0x42DB, 0x4AFC, 0x533C, 0x0003, 0x1909, 0x10E9, 0x10C7, 0x6B6E, 0xC6FD, 0x0001, 0xBE9C, 0x29A7, 0x8538, 0x8517, 0x8517, 0x8517, 0x8537, 0x8D38, 0x8D17, 0x0022, 0x3D3F, 0x24BD, 0x24FD, 0x2CDD, 0x147A, 0x54DA, 0x1947, 0x8D57, 0x0044, 0x95FE, 0x9DDD, 0xA5DB, 0x2106, 0xA65E, 0x961E, 0x9E5F, 0x0883, 0x8579, 0x8D58, 0x8D58, 0x8D38, 0xB67C, 0xB67C, 0xB67C, 0xB67C, 0xB67C, 0xA61A, 0xAE3A, 0xC6FD, 0x7474, 0xAE7A, 0x9DD9, 0xA61B, 0xA5FA, 0x08A5, 0x0043, 0x0024, 0x0824, 0x0046, 0x21AD, 0x1129, 0xC69C, 0x0045, 0x196C, 0x194C, 0x114B, 0x5BBC, 0x535D, 0x0048, 0xC6FF, 0xCF1F, 0x0023, 0xC6BC, 0xC71F, 0x8CF7, 0xBEFF, 0xBEFF, 0x6C13, 0xBEDE, 0xBEDF, 0xBEFF, 0xBEDF, 0x1905, 0x638F, 0xB6DE, 0x0065, 0x3ADA, 0x42FB, 0x4AFC, 0x0005, 0x0043, 0x7C39, 0x6357, 0x52FB, 0x4ABA, 0x42F9, 0x431B, 0x431B, 0x4ADC, 0x0004, 0x10EA, 0x08E8, 0x0002, 0x9D56, 0xC6DC, 0x0001, 0xC6BD, 0x29A7, 0x8538, 0x8517, 0x8517, 0x8538, 0x9537, 0x0043, 0x0863, 0x64D9, 0x3D5E, 0x24DD, 0x2CFD, 0x1CFD, 0x2CDE, 0x2CDD, 0x19EE, 0x31A9, 0x0001, 0x63D2, 0x9E1E, 0x0003, 0x19CB, 0xAE5E, 0x963E, 0x9E1E, 0x0022, 0x95BA, 0x8D38, 0x8538, 0x8538, 0xB67C, 0xB67C, 0xB67C, 0xB67C, 0xB67C, 0xA61A, 0xB67B, 0xC6DD, 0x7453, 0xB6BB, 0x9598, 0xA63B, 0xA61B, 0xA61B, 0xA61B, 0xAE3A, 0x7411, 0x112A, 0x198C, 0x1109, 0xCF1D, 0x0045, 0x196C, 0x192C, 0x114B, 0x1950, 0x539D, 0x08AC, 0xC71F, 0xC71F, 0x0002, 0xC6BC, 0xBEBE, 0xBEFF, 0xBEDF, 0xBEDF, 0x08E7, 0xC6FF, 0xB6FF, 0xBEDE, 0xC71F, 0x10E4, 0x5B4E, 0xBEDE, 0xB6FE, 0x1067, 0x4B1A, 0x4B1C, 0x0009, 0x0003, 0x843B, 0x0004, 0x39D0, 0x0005, 0x0006, 0x531D, 0x3A99, 0x52F5, 0x0003, 0x1108, 0x0001, 0x9D99, 0x9D77, 0xBE9C, 0x0001, 0xBE9C, 0x29A7, 0x84F7, 0x8517, 0x8D38, 0x8D37, 0x0021, 0x95BC, 0x95DD, 0x0843, 0x54FD, 0x14BD, 0x2CDD, 0x2CDC, 0x2CDC, 0x355F, 0x4D1C, 0x74B8, 0x0003, 0x9559, 0x0024, 0x3BB0, 0x867F, 0xA5BB, 0x963E, 0x9DDC, 0x10A5, 0x8D38, 0x8D58, 0x8D38, 0x8D38, 0xB67C, 0xB67C, 0xB67C, 0xB67C, 0xB67C, 0xA61A, 0xAE5A, 0xC71E, 0x8D16, 0xBEDC, 0x8D57, 0xA63B, 0xA63B, 0xA63B, 0xAE3B, 0xA61B, 0x0064, 0x216C, 0x198C, 0x112A, 0xCF1D, 0x0046, 0x112B, 0x114C, 0x114C, 0x0006, 0x539D, 0x639B, 0x9D99, 0xC71F, 0x0022, 0xBE9C, 0xBEDF, 0xBEDF, 0xBEDF, 0xBEDF, 0xB6BE, 0xC6DE, 0xC71F, 0x21C9, 0xB65C, 0x18E4, 0x6BB0, 0xC6DF, 0xBEDF, 0xBF1F, 0x0008, 0x42FC, 0x08EA, 0x0002, 0x214D, 0x62FC, 0x42FB, 0x4B1B, 0x42FB, 0x52FC, 0x5AF6, 0x0881, 0x0002, 0x5B2E, 0x9DBB, 0x7CF6, 0x9536, 0xBE9C, 0x0001, 0xBE9C, 0x31E9, 0x8517, 0x8D37, 0x8D57, 0x7C74, 0x0002, 0x859C, 0x5B92, 0xB69F, 0x0003, 0x3D3E, 0x0024, 0x0001, 0x1906, 0x0002, 0x0001, 0x0001, 0x424C, 0x863B, 0x5E3B, 0x4E7F, 0x6E5D, 0x0023, 0xAE5E, 0x1128, 0x7C95, 0x8537, 0x8538, 0x8D38, 0x8538, 0xB67C, 0xB67C, 0xB67C, 0xB67C, 0xB67C, 0xA61A, 0xAE5B, 0xC6DD, 0x8D16, 0xBEBC, 0x9578, 0xA61B, 0xA63B, 0xA63B, 0xAE3B, 0xA61B, 0x0003, 0x218C, 0x116C, 0x112A, 0xD73E, 0x0066, 0x114C, 0x194C, 0x0886, 0x5B79, 0x31F5, 0x4B3C, 0x216E, 0xADB9, 0x0002, 0xC6BC, 0xC6DF, 0xC6DF, 0xBEDF, 0xBEDF, 0xBEDF, 0xBEDF, 0xBEDF, 0xBEDE, 0xBEDE, 0x0883, 0x5B2E, 0xBEDF, 0xBEDF, 0xBEDF, 0xC71F, 0x6378, 0x5B5C, 0x0868, 0x4AFA, 0x0888, 0x6B79, 0x52FA, 0x531C, 0x4B1B, 0x10A9, 0x9538, 0x8D58, 0x9DDA, 0x9579, 0x9598, 0x9557, 0xBEBC, 0x0021, 0xBE9C, 0x3A0A, 0x8D36, 0x9598, 0x0022, 0xC6BC, 0x0064, 0x9E1E, 0x8DBC, 0x0064, 0x9DBB, 0x2A0B, 0x9DDC, 0xA5B8, 0x5B2F, 0x0001, 0xDF9F, 0xAE1A, 0x0021, 0x96BE, 0x0822, 0x76DF, 0x4EBE, 0x0001, 0x0044, 0x0002, 0x84D7, 0x8538, 0x8537, 0x8538, 0x8558, 0xB67C, 0xB67C, 0xB67C, 0xB67C, 0xB67C, 0xAE3A, 0xB67B, 0xBEDD, 0x84D5, 0xB69B, 0x9578, 0xA63B, 0xA63B, 0xA63B, 0xA63B, 0x9DB9, 0x0887, 0x196D, 0x116C, 0x1129, 0xCEFD, 0x0086, 0x114C, 0x214B, 0x5317, 0x4B7C, 0x000B, 0x4B9C, 0x4B3D, 0x52D5, 0x0042, 0xC6BC, 0xBE9B, 0xC6FE, 0xC6FE, 0xBEFF, 0xB6BE, 0xBEDF, 0xBEDF, 0xBEDF, 0xBEDF, 0x08A3, 0x52ED, 0xB6DE, 0xBEBE, 0xB6BE, 0xBEBF, 0x0004, 0x533A, 0x83FE, 0x196C, 0x635A, 0x7BD2, 0x0022, 0x5B5A, 0x106A, 0x0002, 0xA5BB, 0x8DBA, 0x9599, 0x9DB9, 0x9DB9, 0x9536, 0xB69B, 0x0001, 0xBE9C, 0x3A4B, 0x8CB5, 0x0843, 0xAEDD, 0xBEBE, 0x0043, 0x961E, 0x7497, 0x0001, 0xADBC, 0x0021, 0xAE7E, 0xD75F, 0x5B50, 0x0001, 0xBEBF, 0xBE9C, 0x0041, 0x85FC, 0x2104, 0x6519, 0x5E7E, 0x1082, 0x0023, 0x19CA, 0x8D17, 0x8537, 0x8537, 0x8538, 0x8537, 0xB69C, 0xB67C, 0xB69C, 0xB69C, 0xB69C, 0xAE3A, 0xAE3A, 0xC6FD, 0x7CB4, 0xC6FD, 0x9578, 0xA63B, 0xA63B, 0xA61B, 0xA63B, 0x9D99, 0x216B, 0x198D, 0x198C, 0x112A, 0xD71E, 0x0087, 0x112B, 0x0044, 0x4B5B, 0x433D, 0x3ADA, 0x4AF9, 0x4B3C, 0x431C, 0x0004, 0xBE7C, 0x6379, 0x5339, 0x3A94, 0x0047, 0x0044, 0xCEDE, 0xBEFF, 0xBEBD, 0xBEDF, 0x08A4, 0x8473, 0xC73F, 0x0002, 0xB6DE, 0xB69D, 0x08E5, 0x0002, 0x0024, 0x1928, 0x0001, 0xD6FD, 0x0020, 0x5B50, 0x9558, 0x95BA, 0x8D79, 0x959A, 0x9599, 0x9599, 0x9DB9, 0x9516, 0xC6BC, 0x0001, 0xBEBD, 0x5B0E, 0xC69C, 0xB6BE, 0xB69E, 0xB6BE, 0x1064, 0x965F, 0x8E1E, 0x6BD2, 0xAE9F, 0x7CB7, 0xB69E, 0x0021, 0x0004, 0x0001, 0xC6DE, 0x8CB3, 0x0040, 0x8EDE, 0x665D, 0x01EA, 0x0045, 0x661C, 0x76BF, 0x0024, 0x8D58, 0x8537, 0x8538, 0x8538, 0x8537, 0xB69C, 0xB67C, 0xB69C, 0xB69C, 0xB69C, 0xAE5B, 0x9DD9, 0xBEDD, 0x7C93, 0xB69C, 0x8D57, 0xA63B, 0xA63B, 0xA63B, 0xA63B, 0x1148, 0x194B, 0x196D, 0x198C, 0x112A, 0xCF1E, 0x0066, 0x112B, 0x08CA, 0x42FC, 0x431C, 0x431C, 0x004A, 0x533C, 0x433C, 0x0005, 0xBE3C, 0x5B5B, 0x435D, 0x431D, 0x42DC, 0x4B1B, 0x6B79, 0x0003, 0xBEBE, 0xBEFF, 0x0083, 0x9D36, 0xBEBF, 0xB69D, 0xB69E, 0xBEBD, 0x0022, 0x190B, 0x08A9, 0x08C9, 0x2168, 0xC6BC, 0x0000, 0x9578, 0x959A, 0x8D99, 0x8D99, 0x8D58, 0x9DB9, 0x9DB9, 0x9599, 0x9D78, 0xCEFD, 0x0001, 0x0042, 0xBE5B, 0xC71F, 0xB6BE, 0xB69E, 0xB6BF, 0xDF7F, 0x9DBC, 0x85DD, 0x0024, 0x9E3E, 0x9E1E, 0x08C6, 0x9DBC, 0x9E3F, 0x9E1D, 0x0043, 0xA63E, 0x9E5F, 0x0063, 0x6EBF, 0x1043, 0x0883, 0x66DD, 0x0002, 0x7CF6, 0x74D5, 0x8518, 0x8538, 0x8538, 0x8537, 0xB69C, 0xB69C, 0xB69C, 0xB69B, 0xB69C, 0xAE5B, 0x9577, 0xC71E, 0x8D16, 0xBEDC, 0x6BF2, 0xAE5B, 0xA63B, 0xA63B, 0xA61A, 0x0044, 0x218C, 0x196C, 0x196C, 0x114A, 0xD73E, 0x00A7, 0x112C, 0x3234, 0x4B5C, 0x4B3D, 0x4B3C, 0x431B, 0x000A, 0x537D, 0x0025, 0xC69D, 0x5B5B, 0x42FD, 0x4B1C, 0x431C, 0x42DD, 0x42FC, 0x3AFC, 0x4250, 0x0023, 0x10E5, 0x9D56, 0xBEDE, 0xB6FF, 0xBEBE, 0x08C6, 0x4A93, 0x190A, 0x00C9, 0x1109, 0x0022, 0xCEBC, 0x0001, 0x9599, 0x95BA, 0x959A, 0x959A, 0x8D79, 0x9599, 0x9D99, 0x95B9, 0xA5B9, 0xCEFD, 0x634F, 0xA577, 0xB69E, 0xAE9E, 0xB69E, 0xB69E, 0xB6BE, 0xCF1F, 0x0002, 0x1108, 0x84D7, 0x9E7F, 0x95FD, 0x6C14, 0xB67F, 0x0045, 0x957A, 0x9E7F, 0x4B31, 0x959C, 0x0022, 0x865E, 0x5D17, 0x2AD0, 0x963C, 0x8D78, 0x8D37, 0x8537, 0x8538, 0x8538, 0x8518, 0x8517, 0xB69C, 0xB69C, 0xB67C, 0xB69C, 0xBE9C, 0x94F6, 0x84F5, 0xCEFD, 0x7CD4, 0xBEBC, 0x3AEF, 0x0044, 0xAE3C, 0xAE7C, 0xA5FA, 0x0046, 0x198D, 0x198D, 0x198D, 0x112A, 0xCF1D, 0x0066, 0x216B, 0x4B3B, 0x431C, 0x431C, 0x431D, 0x42FC, 0x533A, 0x18CF, 0x0026, 0xBE5C, 0x533B, 0x431D, 0x431C, 0x431C, 0x42FC, 0x42FC, 0x42FC, 0x431D, 0x4B3C, 0x1947, 0x9518, 0xAE7E, 0xC6DF, 0x4ACD, 0x5B5A, 0x5318, 0x1929, 0x18C9, 0x0003, 0xA5DA, 0xC67D, 0x0021, 0x9599, 0x8D9A, 0x8D79, 0x959A, 0x8D79, 0x9DB9, 0x9579, 0x95B9, 0x9D78, 0xCEDC, 0x0001, 0xBF1F, 0xB6BE, 0xB6BE, 0xB6BE, 0xAE7D, 0xAE7D, 0x0023, 0x655C, 0x3C9C, 0x54FB, 0x0045, 0x1909, 0x8DFD, 0x95DD, 0x95FD, 0x9DFD, 0x957B, 0x95FD, 0x9E1E, 0x320C, 0x0022, 0x00C6, 0x00E6, 0x532F, 0x8558, 0x8537, 0x8537, 0x8537, 0x8518, 0x8537, 0x8537, 0xB69C, 0xB69C, 0xB67C, 0xB67C, 0xB69B, 0x09E9, 0x8CF5, 0xCEFD, 0x84D5, 0xCEBE, 0x0128, 0x771F, 0x6BF2, 0xB63B, 0x9DB9, 0x08C8, 0x198D, 0x198D, 0x198D, 0x112A, 0xCEFD, 0x0066, 0x0089, 0x4B3C, 0x431C, 0x433C, 0x431D, 0x431C, 0x3AFB, 0x2170, 0x0003, 0xBE5C, 0x5B5B, 0x42FD, 0x42FC, 0x42FC, 0x42FC, 0x42FC, 0x3ADC, 0x3AFC, 0x431D, 0x10C7, 0xA577, 0x94F9, 0xBEBF, 0x08EC, 0x32DC, 0x3210, 0x0001, 0x10EA, 0x0002, 0x9DDA, 0xC67D, 0x0021, 0x9599, 0x959A, 0x959A, 0x95BA, 0x9599, 0x9578, 0x9579, 0x9599, 0x9D79, 0x0000, 0xC6BE, 0xAE9D, 0xB6BE, 0xB6BE, 0xB6BE, 0xB6DF, 0x0001, 0x453B, 0x2D1F, 0x1CBD, 0x1C9E, 0x24DE, 0x3BD4, 0x0004, 0x95DD, 0x8DDE, 0x95DE, 0x8DDD, 0x9E5F, 0x8DFE, 0x85BD, 0x95FD, 0x0044, 0x9D78, 0x7CF7, 0x8537, 0x7D37, 0x8537, 0x8537, 0x8518, 0x8537, 0x8537, 0xB69C, 0xB69C, 0xB67C, 0xB67C, 0x0189, 0x5D79, 0x7C73, 0xCEFD, 0x9516, 0xC6DD, 0x6412, 0x0129, 0x128C, 0xA61B, 0x9578, 0x196B, 0x198D, 0x198D, 0x196C, 0x194A, 0xCEFD, 0x10C6, 0x3213, 0x4B3D, 0x431C, 0x431C, 0x431C, 0x431C, 0x4B1C, 0x431D, 0x0005, 0xBE3C, 0x531A, 0x431C, 0x3ADC, 0x3AFC, 0x42FC, 0x42FC, 0x42FC, 0x3ADC, 0x431C, 0x2128, 0x9D78, 0x5317, 0x0023, 0x3B1A, 0x3B3B, 0x006B, 0x10EA, 0x1109, 0xA5B9, 0xA61B, 0xC69C, 0x0021, 0x9599, 0x8D99, 0x95BA, 0x8D79, 0x9599, 0x9599, 0x9599, 0x8D99, 0x8D17, 0xDF7F, 0xB6BE, 0xB69E, 0xB6BE, 0xB6BE, 0xB69E, 0xA557, 0x5D1C, 0x3CFE, 0x1CBD, 0x249D, 0x14BD, 0x14DD, 0x24BE, 0x5D1B, 0x0004, 0x85FE, 0x8DDE, 0x8DDE, 0x8DDD, 0x8DDD, 0x8DDD, 0x9E3F, 0x965E, 0x0022, 0x7CB5, 0x8517, 0x8517, 0x8537, 0x8537, 0x8537, 0x8537, 0x8537, 0xB67C, 0xB69C, 0xB69C, 0xA67B, 0x13B3, 0x0085, 0x8494, 0xB6BC, 0x8D36, 0xBE7B, 0x0064, 0x01CA, 0x667E, 0x2A0B, 0x3A4C, 0x29CD, 0x198D, 0x198D, 0x198C, 0x194A, 0xC6DC, 0x0044, 0x433B, 0x433D, 0x431D, 0x431C, 0x431C, 0x431C, 0x431C, 0x431D, 0x0007, 0xC67D, 0x0063, 0x0008, 0x5B1D, 0x3ABB, 0x42FC, 0x42FC, 0x3B1B, 0x42FC, 0x42DA, 0x2167, 0xB5D9, 0x433B, 0x5358, 0x3AD8, 0x3B3C, 0x42FB, 0x0007, 0x10C6, 0x8D58, 0x95B9, 0xB67B, 0x0001, 0x9578, 0x8D99, 0x8D99, 0x8D99, 0x9599, 0x9579, 0x9579, 0x8D99, 0x0001, 0xB69E, 0xB69E, 0xB6BE, 0xB69E, 0xB69E, 0xB6BE, 0x0001, 0x1C5C, 0x1CBD, 0x1CBD, 0x1CBD, 0x1CBD, 0x1CBE, 0x1CBD, 0x1CBD, 0x859D, 0x95FB, 0x95DE, 0x8DDD, 0x8DDD, 0x8DDD, 0x8DFD, 0x8DDD, 0x8DDE, 0x8DFD, 0x0023, 0x8538, 0x8537, 0x8537, 0x8537, 0x8517, 0x8537, 0x8538, 0xB67C, 0xB69C, 0xB69C, 0xAE3B, 0x3558, 0x324C, 0x63B1, 0x1064, 0x0043, 0x667C, 0x4EBF, 0x469F, 0x3E3D, 0x0128, 0x0044, 0x29ED, 0x198D, 0x198D, 0x198C, 0x194A, 0xC6FD, 0x0003, 0x4B3C, 0x433D, 0x42FC, 0x431C, 0x431C, 0x42FC, 0x431C, 0x3AFD, 0x0006, 0xBE9B, 0x635C, 0x4AF9, 0x0025, 0x0006, 0x006A, 0x2190, 0x2971, 0x0008, 0x0004, 0x2107, 0xBDBA, 0x0007, 0x0048, 0x52DC, 0x42FB, 0x431B, 0x0003, 0x0002, 0x9579, 0x9598, 0xBE9B, 0x0021, 0x9DB9, 0x8D99, 0x8D99, 0x959A, 0x9DB9, 0x8D78, 0x9599, 0xADD9, 0x9516, 0xB69E, 0xB69E, 0xB69E, 0xB69E, 0xB6BE, 0xA5B8, 0x4C57, 0x147C, 0x1CBD, 0x1CBE, 0x1CBD, 0x1CBD, 0x1CBE, 0x1CBD, 0x1C9D, 0x147C, 0x0024, 0x85DD, 0x8DDD, 0x8DDD, 0x8DDD, 0x8DFD, 0x8DDD, 0x8DFE, 0x7D9C, 0x8CF8, 0x84F5, 0x8537, 0x8537, 0x8537, 0x8517, 0x8517, 0x8538, 0xB69C, 0xB69C, 0xB69C, 0xA61A, 0x0045, 0x1A4D, 0x5E9D, 0x4E9E, 0x2C13, 0x23F4, 0x3EBF, 0x46BF, 0x3E9E, 0x0107, 0x0024, 0x218D, 0x198D, 0x198D, 0x196C, 0x114A, 0xCEDD, 0x0026, 0x4B1D, 0x433C, 0x431C, 0x431D, 0x42FC, 0x42FC, 0x431C, 0x3AFD, 0x0027, 0xBE7C, 0x533A, 0x42FD, 0x42FB, 0x3AFB, 0x533B, 0x4B39, 0x5B5A, 0x3AD9, 0x4B3C, 0x2168, 0xB5FA, 0x3ADB, 0x5B3D, 0x431D, 0x4AFC, 0x4319, 0x1905, 0x63AF, 0x8D78, 0x9598, 0xBE9B, 0x0000, 0x9599, 0x8D79, 0x8D99, 0x8D79, 0x9599, 0x8D78, 0x8D99, 0x0002, 0xB6BD, 0xB69E, 0xB69E, 0xB69E, 0xB69E, 0xB6BE, 0x0022, 0x2CBC, 0x1CBD, 0x1CBD, 0x1C9D, 0x1C9D, 0x1C9D, 0x1C9D, 0x1CBD, 0x24BE, 0x1C7C, 0x32D1, 0x9DFD, 0x8DDD, 0x8DDD, 0x8DDD, 0x8DDD, 0x8DDD, 0x8DFD, 0x8DDD, 0x8E3E, 0x0024, 0x8537, 0x8537, 0x8537, 0x8537, 0x8537, 0x8538, 0xB69C, 0xB69C, 0xB69C, 0x9DF9, 0x2434, 0x469F, 0x46BF, 0x4EFF, 0x563C, 0x34F8, 0x4E9F, 0x4EBF, 0x5E5D, 0x9537, 0x0023, 0x198C, 0x198D, 0x198D, 0x198C, 0x194A, 0xC6FD, 0x0029, 0x431C, 0x431C, 0x431C, 0x431C, 0x431C, 0x431C, 0x42FC, 0x42FC, 0x0027, 0xB63B, 0x5B5B, 0x42FC, 0x42DC, 0x42DC, 0x42DC, 0x42DC, 0x42DC, 0x42DC, 0x431C, 0x2169, 0xB5FB, 0x433B, 0x431B, 0x42FB, 0x4AFD, 0x0026, 0x0002, 0x95B9, 0x9599, 0x8D78, 0xBEBC, 0x0001, 0x9599, 0x8D99, 0x8D99, 0x9599, 0x8D99, 0x9579, 0x8D79, 0x18E6, 0xBE9E, 0xB69E, 0xB69E, 0xAE9E, 0xB69E, 0xB69D, 0x0025, 0x1CBC, 0x1CBD, 0x1CBD, 0x1C9D, 0x1CBD, 0x1C9D, 0x1C9D, 0x1CBD, 0x1CBE, 0x1CBD, 0x3CDD, 0x0024, 0x8DFE, 0x8DDD, 0x8DDD, 0x8DDD, 0x8DDD, 0x8DDD, 0x8DFE, 0x95FE, 0x0085, 0x8537, 0x7D37, 0x8537, 0x8537, 0x8518, 0x8538, 0xB67C, 0xB67C, 0xB69C, 0xB67C, 0x120C, 0x367E, 0x46BF, 0x46BF, 0x3EBF, 0x03F4, 0x46BF, 0x36DF, 0x00A6, 0x9DDB, 0x0064, 0x198D, 0x196C, 0x198D, 0x198C, 0x114A, 0xC6BC, 0x008C, 0x42FC, 0x431C, 0x431C, 0x431C, 0x431C, 0x431C, 0x42FC, 0x42FC, 0x0006, 0xC67C, 0x533A, 0x42DC, 0x42DC, 0x3ADC, 0x3ABC, 0x3ADC, 0x42FC, 0x42DC, 0x42FC, 0x31CA, 0xADFA, 0x431B, 0x431C, 0x4B1C, 0x5B9C, 0x0001, 0x9579, 0x8D99, 0x95B9, 0x9578, 0xBEBB, 0x0001, 0x8D99, 0x8D99, 0x8D99, 0x8D78, 0x9599, 0x8D58, 0x8D58, 0xC6BE, 0xB69E, 0xB69E, 0xB69E, 0xB69E, 0xB69E, 0xC6BD, 0x2AF2, 0x24DD, 0x24BD, 0x1C9D, 0x1C9D, 0x1C9D, 0x1CBD, 0x1C9D, 0x1CBD, 0x1CBD, 0x2CDD, 0x24FE, 0x0024, 0x753B, 0x85DD, 0x8DDD, 0x8DDD, 0x8DFD, 0x8DFD, 0x8DDD, 0x8DDD, 0x9D9A, 0x84D6, 0x7CF6, 0x8537, 0x8537, 0x8538, 0x8538, 0xB67C, 0xB67C, 0xB69C, 0xB69C, 0xA61B, 0x020C, 0x469F, 0x4E9F, 0x469F, 0x3EDF, 0x46BF, 0x5C95, 0xBE7D, 0xA61B, 0x0065, 0x218D, 0x198D, 0x198D, 0x198C, 0x114A, 0xCEFD, 0x00AD, 0x433C, 0x431C, 0x431C, 0x431C, 0x431C, 0x42FC, 0x42FC, 0x42FC, 0x0006, 0xC67C, 0x533A, 0x42DC, 0x42DC, 0x3ABC, 0x42DC, 0x3ADC, 0x3ADB, 0x3ADB, 0x42FB, 0x29CB, 0xADD9, 0x4B1B, 0x431B, 0x42FB, 0x0003, 0x9DD9, 0x8DB9, 0x8D99, 0x8D99, 0x8D37, 0xBE9B, 0x0022, 0x9599, 0x8D78, 0x8D79, 0x8D78, 0x9599, 0x8D79, 0x31EA, 0xB6DF, 0xB69E, 0xB69E, 0xB69E, 0xB69E, 0xB69E, 0xBE5C, 0x44DB, 0x24BD, 0x249D, 0x1CBD, 0x1C9D, 0x1CBD, 0x1C9D, 0x147C, 0x1CBD, 0x1CBD, 0x1CBD, 0x24DC, 0x118C, 0x8DDD, 0x8DDD, 0x8DDD, 0x8DDD, 0x8DDD, 0x8DDD, 0x8DDD, 0x95DD, 0x9E1D, 0x0001, 0x8D17, 0x8538, 0x8537, 0x8538, 0x8538, 0xB69C, 0xB67C, 0xB69C, 0xB67C, 0xB67C, 0xA61B, 0x00A7, 0x55BA, 0x465C, 0x65FB, 0x0003, 0x84B4, 0xA61B, 0xA61B, 0x0044, 0x21AC, 0x198D, 0x198D, 0x198C, 0x194B, 0xC6DC, 0x08ED, 0x433D, 0x431C, 0x431C, 0x431C, 0x431C, 0x431D, 0x42FC, 0x42DC, 0x0007, 0xBE9C, 0x4B5B, 0x42DC, 0x3ADC, 0x3ADC, 0x3AFC, 0x3AFC, 0x3ADC, 0x3ADC, 0x42DC, 0x29AA, 0x9D98, 0x42FB, 0x42DB, 0x5B18, 0x0022, 0xA5FB, 0x9599, 0x9599, 0x8D99, 0x9DB9, 0xC6BC, 0x0021, 0x9599, 0x8D79, 0x8D78, 0x8D79, 0x8D99, 0x8D79, 0x0022, 0xBEBE, 0xB69E, 0xB69E, 0xB69E, 0xB69E, 0xB69E, 0xC69C, 0x4CFB, 0x249E, 0x1CBD, 0x1CBD, 0x14BE, 0x1C9D, 0x1CBD, 0x1CBD, 0x1C9D, 0x1CBD, 0x1CDD, 0x1CDD, 0x54DC, 0x29EA, 0x8DFD, 0x95FD, 0x85FD, 0x95FE, 0x9DFE, 0x8E1E, 0x95FE, 0x9E1E, 0xB67D, 0x0065, 0x8537, 0x8537, 0x8537, 0x8537, 0xB69C, 0xB69C, 0xB69C, 0xB69C, 0xB69C, 0xA61A, 0xB67B, 0xCEDC, 0x29C9, 0xCE9C, 0x9558, 0xA61B, 0xA63B, 0xA63B, 0x63B2, 0x21AC, 0x196C, 0x198D, 0x198C, 0x112A, 0xBEBC, 0x08ED, 0x431C, 0x431C, 0x431C, 0x431C, 0x431C, 0x42FC, 0x3AFC, 0x42DD, 0x0006, 0xBE9C, 0x537B, 0x42DC, 0x3ABC, 0x3ADC, 0x3ADB, 0x3ADC, 0x3ADC, 0x3ADC, 0x42DC, 0x1989, 0xADFA, 0x42DC, 0x4B1A, 0x0004, 0x9599, 0x8D99, 0x8D99, 0x95B9, 0x9599, 0x9578, 0xBE9B, 0x0022, 0x9599, 0x8D79, 0x8D59, 0x8D99, 0x8D78, 0x9598, 0x1107, 0xB69D, 0xB69E, 0xB69E, 0xB69E, 0xB69E, 0xB69E, 0xBE7D, 0x0046, 0x24BE, 0x1CBD, 0x249E, 0x4479, 0x249D, 0x1CBD, 0x1C9D, 0x1C9D, 0x1C9D, 0x1CBD, 0x1CBD, 0x34BC, 0x21C7, 0x0004, 0x0004, 0x0065, 0x3AEF, 0x00A6, 0x0003, 0x0003, 0x0002, 0x0023, 0x9D99, 0x8538, 0x8537, 0x8537, 0x8537, 0xB69C, 0xB69C, 0xB69C, 0xB69C, 0xB69C, 0xAE1A, 0xAE1A, 0xC71D, 0x3AAC, 0xAE9C, 0x8D57, 0xA61B, 0xA63B, 0xA61B, 0x8D17, 0x110A, 0x196C, 0x198D, 0x198C, 0x114A, 0xC6DD, 0x114F, 0x431C, 0x431C, 0x431C, 0x42FC, 0x431C, 0x42FC, 0x3AFC, 0x42FC, 0x0007, 0xBE7C, 0x535B, 0x3AFC, 0x3ADC, 0x3ADC, 0x3ABB, 0x3ADC, 0x3ADC, 0x3ADC, 0x3ADB, 0x29EA, 0xB61A, 0x4B19, 0x0006, 0x8D98, 0x8D59, 0x8D78, 0x8D99, 0x8D99, 0x8D99, 0x9578, 0xBE7B, 0x0022, 0x9579, 0x959A, 0x9579, 0x8D79, 0x8D99, 0x9D98, 0xC6DE, 0xB69D, 0xB69E, 0xB69E, 0xB69E, 0xB69E, 0xB69E, 0xB6BE, 0x0001, 0x44FC, 0x1CBC, 0x1CDD, 0x0002, 0x24BD, 0x1CBD, 0x1C9D, 0x1C9D, 0x1C9D, 0x1CBD, 0x1CBD, 0x24DC, 0x0023, 0x95FE, 0x95FE, 0x9DFD, 0x965E, 0x961D, 0x9E1D, 0x0002, 0x8517, 0x8537, 0x7D79, 0x8538, 0x8537, 0x8558, 0x8537, 0xB69C, 0xB69C, 0xB69C, 0xB69C, 0xB69C, 0xAE3A, 0x9D98, 0xC6DD, 0x3A8C, 0xBEDD, 0x7474, 0xA63B, 0xA61B, 0xA61B, 0x9579, 0x00A8, 0x198D, 0x198D, 0x198C, 0x116A, 0xC6FD, 0x00CD, 0x431C, 0x431C, 0x431C, 0x42FC, 0x431C, 0x42FC, 0x42FC, 0x3ADC, 0x0007, 0xBE3B, 0x4AF9, 0x3ADC, 0x3ADC, 0x3ADC, 0x3ADC, 0x3AFC, 0x3ADC, 0x3ABB, 0x42FB, 0x3A4C, 0xA5B9, 0x7C1B, 0x5B91, 0x8D78, 0x8D79, 0x9599, 0x9599, 0x9599, 0x8D99, 0x9598, 0xBE7B, 0x0001, 0x959A, 0x9599, 0x959A, 0x8D99, 0x8D99, 0x7412, 0xC6DE, 0xB69E, 0xB69E, 0xB69E, 0xB69E, 0xB69E, 0xB69E, 0xB69E, 0xBEDE, 0x0885, 0x2CDC, 0x2CDE, 0x0002, 0x24BD, 0x1CBD, 0x1C9D, 0x1C9D, 0x1CBD, 0x1CBD, 0x24BD, 0x24DD, 0x0003, 0x8DFD, 0x8DDE, 0x8DDE, 0x8E3E, 0x85DD, 0x0003, 0x8D17, 0x8538, 0x8538, 0x8537, 0x8537, 0x8537, 0x8537, 0x8537, 0xB69C, 0xB69C, 0xB69C, 0xB67C, 0xB69C, 0xAE3B, 0x9DB8, 0xC6FD, 0x42ED, 0xBEBC, 0x7494, 0xA63B, 0xA63B, 0xA61B, 0x95DA, 0x0066, 0x198D, 0x196C, 0x198C, 0x116A, 0xC6FD, 0x008C, 0x431C, 0x431C, 0x42FC, 0x42FC, 0x42FC, 0x42FC, 0x42FC, 0x3ADC, 0x0007, 0xC67C, 0x533A, 0x3ADC, 0x3ADC, 0x3ADC, 0x3ADB, 0x3ADC, 0x3ADC, 0x3ABC, 0x42FB, 0x39EC, 0xB5FB, 0x0022, 0x959A, 0x8599, 0x8D79, 0x95B9, 0x8D78, 0x8D79, 0x8D79, 0x95B8, 0xBE7B, 0x0021, 0x95B9, 0x9DDA, 0x8D79, 0x8D79, 0x8D59, 0x0022, 0xBEBE, 0xB69E, 0xB69D, 0xB69E, 0xB69E, 0xB69E, 0xB69E, 0xB69E, 0xB69D, 0xC69E, 0x0001, 0x0885, 0x0002, 0x24BD, 0x1CBD, 0x1CBD, 0x1C9D, 0x1CBD, 0x1CBD, 0x1CBD, 0x24DD, 0x0002, 0x95FE, 0x8DFD, 0x95FE, 0xA61E, 0x0001, 0x8D57, 0x8538, 0x8537, 0x8537, 0x8537, 0x8537, 0x8537, 0x8537, 0x8537, 0xB69C, 0xB69C, 0xB69C, 0xB69C, 0xB69C, 0xAE3B, 0x9598, 0xC6DD, 0x536F, 0xBEDC, 0x7CF5, 0xA61B, 0xA61B, 0xA5FA, 0x9E1B, 0x0045, 0x21AD, 0x198D, 0x198C, 0x116A, 0xCF3E, 0x00AC, 0x42FC, 0x42FC, 0x42FC, 0x42FC, 0x42FC, 0x42FC, 0x42FC, 0x3ADC, 0x0007, 0xC67C, 0x533A, 0x3ADC, 0x3ABB, 0x3ADC, 0x3ADB, 0x3AFC, 0x3ADC, 0x3ADC, 0x3ADB, 0x3A0B, 0xAE19, 0x7433, 0x9D99, 0x8DB9, 0x8579, 0x9599, 0x9579, 0x9579, 0x9579, 0x8D98, 0xB65A, 0x0021, 0x9578, 0x8D58, 0x9579, 0x8D79, 0x8DBA, 0x0001, 0xBEBE, 0xB67D, 0xB69E, 0xB69E, 0xB69E, 0xB67D, 0xB69E, 0xB69E, 0xB69E, 0xAE5D, 0xB6DE, 0xBF1D, 0x0024, 0x24DD, 0x1C9D, 0x1CBD, 0x1CBD, 0x1CBD, 0x1CBD, 0x1CBD, 0x1CBD, 0x0003, 0x9DFF, 0x8D9B, 0x08C7, 0x0084, 0x8D58, 0x8537, 0x8537, 0x8558, 0x8537, 0x8537, 0x8537, 0x8537, 0x8558, 0x8537, 0xB69C, 0xB69C, 0xB69C, 0xB69C, 0xB69C, 0xAE3B, 0x9577, 0xBEDD, 0x63F1, 0xBEBC, 0x7494, 0xA61B, 0xA61B, 0xA61B, 0xA61B, 0x5350, 0x21AC, 0x218D, 0x196C, 0x198B, 0xC6DC, 0x00AC, 0x331C, 0x42FC, 0x42FC, 0x42FC, 0x42FC, 0x42FC, 0x42DC, 0x3AFC, 0x0007, 0xC67C, 0x4B19, 0x3ADC, 0x3ADC, 0x3ADC, 0x3ADB, 0x3ADB, 0x3ABC, 0x3ADB, 0x42FA, 0x52EE, 0xADD9, 0x1928, 0x18E7, 0x0003, 0x7C74, 0x9599, 0x9599, 0x9579, 0x9599, 0x8D98, 0xBE9B, 0x0001, 0x9558, 0x8D78, 0x9579, 0x8D79, 0x8599, 0x0001, 0xB67D, 0xB67D, 0xB69E, 0xB69E, 0xB69E, 0xB67D, 0xB69E, 0xB69E, 0xB69E, 0xBEFF, 0xBE9D, 0xC6BF, 0x0003, 0x24BD, 0x1C9D, 0x1C9D, 0x1C9D, 0x1CBD, 0x1CBD, 0x1CBD, 0x1CBD, 0x0003, 0x0023, 0x0043, 0x8D16, 0x7CF6, 0x9599, 0x8557, 0x8537, 0x8537, 0x8537, 0x8537, 0x8537, 0x8558, 0x8558, 0x8537, 0xB69C, 0xBEBC, 0xB69C, 0xB69C, 0xB69C, 0xB65B, 0x9577, 0xC6DD, 0x6C33, 0xB6BC, 0x6C94, 0xA61B, 0xA63B, 0xA61B, 0x9DB9, 0x6BD2, 0x0045, 0x110B, 0x198C, 0x198B, 0xBEBC, 0x0047, 0x4B19, 0x431C, 0x3AFC, 0x3AFC, 0x42FC, 0x42FC, 0x42FC, 0x3AFC, 0x0007, 0xC69C, 0x533A, 0x3ADC, 0x3ABC, 0x3ADB, 0x3ADB, 0x3ADC, 0x3B1C, 0x32DB, 0x3212, 0x29E9, 0xB599, 0x090B, 0x08EA, 0x090A, 0x10E7, 0x3A4C, 0x8D79, 0x8D79, 0x8599, 0x8557, 0xB67B, 0x0001, 0x9579, 0x8D99, 0x9579, 0x8D79, 0x8558, 0x0042, 0xAE5D, 0xB69E, 0xB69D, 0xB69E, 0xB69E, 0xB67D, 0xB67D, 0xB69E, 0xB67E, 0xB6BD, 0x18CB, 0x2953, 0x0003, 0x24BD, 0x1CBD, 0x1C9D, 0x1CBD, 0x1CBD, 0x24DE, 0x1CBD, 0x24DD, 0x0064, 0x8539, 0x7D18, 0x8517, 0x8537, 0x8537, 0x8537, 0x8537, 0x8537, 0x8537, 0x8537, 0x8537, 0x8558, 0x8537, 0x8537, 0xB69C, 0xB69C, 0xB69C, 0xB69C, 0xB69C, 0xAE5B, 0x8D36, 0xC6FD, 0x84D5, 0xC6FD, 0x6C53, 0xA63B, 0x9E1A, 0xA5D9, 0x0085, 0x21AB, 0x218D, 0x218D, 0x196C, 0x198B, 0xC6BD, 0x0066, 0x0047, 0x2A55, 0x3AFB, 0x42FC, 0x42FD, 0x42FC, 0x42FB, 0x431B, 0x0027, 0xC69C, 0x4B19, 0x3ADC, 0x3ADC, 0x3ABC, 0x32BB, 0x3AFB, 0x4ABA, 0x0006, 0x0023, 0x324A, 0xADB9, 0x10E9, 0x110A, 0x10EB, 0x112A, 0x0024, 0x9579, 0x8D79, 0x8D99, 0x95D9, 0xB67B, 0x0022, 0x9578, 0x8D79, 0x9579, 0x8D79, 0x8538, 0x1967, 0xB69D, 0xB69E, 0xB69E, 0xB67D, 0xB69E, 0xB69E, 0xB67D, 0xB67D, 0xB67E, 0xAE7D, 0x0005, 0x20F3, 0x0005, 0x24BD, 0x1CBD, 0x1C9D, 0x1CBE, 0x1C9D, 0x1CBD, 0x1CBD, 0x24BD, 0x0024, 0x8537, 0x8537, 0x8537, 0x8537, 0x8517, 0x8D37, 0x8537, 0x8537, 0x8537, 0x8537, 0x8537, 0x8537, 0x8558, 0x8537, 0xB69C, 0xBEBC, 0xB69C, 0xB69C, 0xB67C, 0xB67B, 0x8D57, 0xC6FD, 0x7CB4, 0xBEBC, 0x6C53, 0xA63B, 0x9DD9, 0x0044, 0x2A0E, 0x118C, 0x198D, 0x198D, 0x198D, 0x116B, 0xCEFD, 0x08E8, 0x114B, 0x194A, 0x0006, 0x110E, 0x42FA, 0x42FB, 0x3ADB, 0x32DC, 0x0048, 0xBE5B, 0x5339, 0x42DC, 0x42BB, 0x4ADB, 0x4AD6, 0x0004, 0x0025, 0x08C8, 0x110A, 0x428C, 0xADB8, 0x10EA, 0x110A, 0x08EA, 0x112B, 0x2149, 0x4AEE, 0x8D9A, 0x8D99, 0x8DB8, 0xB67B, 0x0001, 0x9578, 0x9599, 0x9579, 0x8D99, 0x8D59, 0x7453, 0xB67D, 0xB69E, 0xB69E, 0xB67D, 0xB67D, 0xB67D, 0xB67D, 0xB67D, 0xB67E, 0xAE7D, 0x9DBA, 0x0007, 0x0004, 0x24BD, 0x1C9D, 0x1C9D, 0x1CBD, 0x1C9D, 0x1C9D, 0x1CBD, 0x2CBC, 0x6391, 0x7D17, 0x8537, 0x8517, 0x8537, 0x8517, 0x8D37, 0x8537, 0x8537, 0x8537, 0x8537, 0x8537, 0x8537, 0x8558, 0x8537, 0xB69C, 0xB69C, 0xB69C, 0xB69C, 0xB69C, 0xAE3A, 0x9DB8, 0xC6DD, 0x84D5, 0xBEDD, 0x7494, 0xA61B, 0x5370, 0x21CC, 0x19AD, 0x19AD, 0x198D, 0x198D, 0x196C, 0x116B, 0xC6DC, 0x00A7, 0x112B, 0x194A, 0x114A, 0x114A, 0x10C5, 0x0822, 0x0004, 0x0006, 0x0023, 0xBE7C, 0x3230, 0x0027, 0x0003, 0x0002, 0x212A, 0x10EA, 0x0909, 0x10CB, 0x10CA, 0x42AC, 0x9D77, 0x110A, 0x110A, 0x10EB, 0x110A, 0x1109, 0x1107, 0x8579, 0x8D99, 0x95D9, 0xB67B, 0x0000, 0x9598, 0x8D99, 0x8D99, 0x8D79, 0x8D79, 0x9537, 0xB67D, 0xB67D, 0xB69D, 0xB69E, 0xB69E, 0xB69E, 0xB67D, 0xB69E, 0xB69E, 0xB67E, 0xC6DF, 0x2113, 0x0004, 0x24DD, 0x1CBD, 0x1C9D, 0x1CBD, 0x1C9D, 0x1C9D, 0x1CBD, 0x44DC, 0x8D17, 0x8537, 0x8537, 0x8517, 0x8537, 0x8517, 0x8537, 0x8537, 0x8537, 0x8537, 0x8558, 0x8537, 0x8558, 0x8537, 0x8537, 0xB69C, 0xBEBC, 0xBEBC, 0xB69C, 0xB6BC, 0xAE3B, 0x8D57, 0xC6FD, 0x84F5, 0xBEBC, 0x6453, 0xA5FA, 0x6C33, 0x29ED, 0x19AC, 0x218D, 0x198D, 0x198D, 0x198D, 0x196B, 0xBEBC, 0x0086, 0x114B, 0x1949, 0x0003, 0x0023, 0x7C94, 0xA5D9, 0x9D78, 0x9D99, 0x1106, 0xC69C, 0x5B4F, 0x9DD9, 0x9D78, 0x7CB5, 0x0002, 0x0003, 0x0824, 0x1109, 0x10E9, 0x4AED, 0xA5B8, 0x0909, 0x090A, 0x110A, 0x190A, 0x10E9, 0x8D79, 0x8D99, 0x8D99, 0x95B9, 0xB67B, 0x0001, 0x9578, 0x8D79, 0x8D99, 0x8D99, 0x8D58, 0x9536, 0xB67D, 0xB69D, 0xB69E, 0xB67D, 0xB67D, 0xB69E, 0xB69E, 0xB69E, 0xBEDF, 0x0023, 0x0003, 0x1917, 0x0005, 0x24BD, 0x1CBD, 0x1CBD, 0x1C9D, 0x1CBD, 0x1C9D, 0x1C7D, 0x4CFA, 0x8517, 0x8D17, 0x8517, 0x8517, 0x8517, 0x8517, 0x8517, 0x8537, 0x8537, 0x8537, 0x8537, 0x8537, 0x8537, 0x8537, 0x8537, 0xB69C, 0xB69C, 0xBEBC, 0xB69C, 0xB6BC, 0xA61A, 0x8D36, 0xC6FD, 0x8516, 0xBEDD, 0x63F2, 0x9DFA, 0x8D38, 0x0909, 0x19CD, 0x21AD, 0x198D, 0x198D, 0x198D, 0x198B, 0xBEBC, 0x00A6, 0x196C, 0x0085, 0xA5D9, 0x9DD9, 0x95B9, 0x95D9, 0x9DD9, 0x95B9, 0x0022, 0xBE9C, 0x9DB9, 0x8D78, 0x9598, 0x95B9, 0x9579, 0x9DD9, 0x0000, 0x10E8, 0x110A, 0x3A4B, 0xADD9, 0x0909, 0x090A, 0x110A, 0x090B, 0x0002, 0x8538, 0x8579, 0x8D99, 0x95B9, 0xAE5A, 0x0000, 0x9599, 0x8D79, 0x8D99, 0x8D79, 0x8D58, 0x7C93, 0xB69E, 0xB69D, 0xB69E, 0xB67D, 0xB67D, 0xB69E, 0xB69E, 0xB69E, 0xBEBE, 0x080A, 0x1118, 0x2137, 0x0023, 0x24BD, 0x1CBD, 0x1CBD, 0x1C9D, 0x1C9D, 0x1CBC, 0x1C9E, 0x016C, 0x84F6, 0x8D17, 0x8517, 0x8517, 0x8517, 0x8517, 0x8537, 0x8537, 0x8537, 0x8537, 0x8537, 0x8537, 0x8537, 0x8537, 0x8537, 0xBEBC, 0xBEBC, 0xBEBC, 0xBEBC, 0xB6BC, 0xAE5B, 0x8D36, 0xC6FD, 0x9577, 0xB6BC, 0x5BB1, 0xA61A, 0x9DDA, 0x0065, 0x21AE, 0x198D, 0x198D, 0x198D, 0x198C, 0x198B, 0xBE9C, 0x00A7, 0x114B, 0x08C7, 0x9579, 0x9DD9, 0x95D9, 0x95B9, 0x95B9, 0x95B9, 0x0043, 0xBE7C, 0x9598, 0x9599, 0x9599, 0x9599, 0x95B9, 0x9DD9, 0x08A6, 0x00A9, 0x110A, 0x3A8B, 0xA5B8, 0x0909, 0x110A, 0x08EA, 0x2148, 0x9D99, 0x8D99, 0x8D99, 0x8D99, 0x8DB8, 0xB65A, 0x0021, 0x8D79, 0x8D99, 0x9599, 0x8D99, 0x8D79, 0x5BB0, 0xB67D, 0xB69D, 0xB69D, 0xB67D, 0xB69E, 0xB69E, 0xB69E, 0xB69E, 0xAE5D, 0x0043, 0x0006, 0x0005, 0x0002, 0x24BD, 0x1CBD, 0x1C9D, 0x1CBD, 0x1C9D, 0x1C9D, 0x145D, 0x0004, 0x7CF7, 0x8D17, 0x8517, 0x8517, 0x8517, 0x8517, 0x8517, 0x8537, 0x8537, 0x8537, 0x8537, 0x8558, 0x8537, 0x8558, 0x8558, 0xBEBC, 0xBEBC, 0xBEBC, 0xBEBC, 0xBEBC, 0xAE3B, 0x7CD5, 0xBEBC, 0x9598, 0xBEFE, 0x53B1, 0xA63C, 0x9DFA, 0x74B5, 0x21CC, 0x198D, 0x218D, 0x198D, 0x198D, 0x116B, 0xC69D, 0x00A7, 0x196B, 0x0929, 0x8D17, 0x9DB9, 0x95B9, 0x95B9, 0x95B9, 0x9DD9, 0x0064, 0xB65B, 0x9598, 0x9599, 0x95B9, 0x9599, 0x9DB8, 0x0002, 0x112A, 0x10EA, 0x08CA, 0x428C, 0xB5F8, 0x090A, 0x090B, 0x090A, 0x08C5, 0x9DBA, 0x8D59, 0x8539, 0x8D79, 0x8D77, 0xB67B, 0x0001, 0x9599, 0x8D79, 0x8D99, 0x9599, 0x9578, 0x0064, 0xAE3B, 0x08C6, 0x0004, 0x0003, 0x0002, 0x42AD, 0xA63B, 0xBE7D, 0xAE9D, 0xB63B, 0xB6BE, 0xB69C, 0x0003, 0x24BD, 0x1C9D, 0x1C9D, 0x14BD, 0x1C7D, 0x1C7D, 0x245B, 0x0002, 0x8517, 0x84F7, 0x8517, 0x8517, 0x8517, 0x8517, 0x8517, 0x8537, 0x8537, 0x8537, 0x8537, 0x8537, 0x8537, 0x8558, 0x8558, 0xBEBC, 0xBEBC, 0xBEBC, 0xB6BC, 0xB6BC, 0xAE5B, 0x84F5, 0xBE9C, 0x9DB8, 0xBE9D, 0x1948, 0x0065, 0x0062, 0x0027, 0x6376, 0x322F, 0x0069, 0x08EB, 0x116D, 0x116A, 0xBE9B, 0x0066, 0x196B, 0x1129, 0x4AF0, 0x9DB9, 0x9598, 0x95B9, 0x95B9, 0x95B9, 0x0063, 0xB65B, 0x9598, 0x95B9, 0x9599, 0x9599, 0x9DD9, 0x0004, 0x3A77, 0x218D, 0x0023, 0x426C, 0xB5F8, 0x0004, 0x0006, 0x0007, 0x0023, 0x424E, 0x0043, 0x0863, 0x63B1, 0x8D77, 0xB67B, 0x0001, 0x8D99, 0x95BA, 0x8D79, 0x9599, 0xA61B, 0x0022, 0x0042, 0x34BB, 0x1CBD, 0x149D, 0x24BD, 0x2CBC, 0x5CB9, 0x0004, 0xBE7D, 0xAE7E, 0xBE9D, 0xB6BD, 0x0002, 0x24BD, 0x14BD, 0x1CDD, 0x1CBF, 0x14BD, 0x14BE, 0x4D3E, 0x6BF2, 0x84F7, 0x8517, 0x8537, 0x8517, 0x84F6, 0x8517, 0x8517, 0x8517, 0x8537, 0x8537, 0x8537, 0x8537, 0x8537, 0x8537, 0x8558, 0xBEBC, 0xBEBC, 0xBEBC, 0xB6BC, 0xB69C, 0xAE3B, 0x7473, 0xBEDD, 0x9598, 0xBE9C, 0x198C, 0x3252, 0x5399, 0x5BB9, 0x29F2, 0x4B3A, 0x4B7B, 0x4B5B, 0x3AD8, 0x6C39, 0xC6BB, 0x0067, 0x32D6, 0x4318, 0x08C8, 0x7CF6, 0x9DD9, 0x95B9, 0x9DD9, 0x95B9, 0x0063, 0xB65B, 0x9DB9, 0x9599, 0x9599, 0x9599, 0x95DA, 0x008A, 0x42FB, 0x0029, 0x0884, 0x1926, 0xADB9, 0x4319, 0x32DB, 0x3AFB, 0x0887, 0x10A9, 0x6315, 0x0803, 0x0042, 0x9597, 0xB67C, 0x0001, 0x95BA, 0x95BA, 0x8D99, 0x9599, 0x8D78, 0x0042, 0x0044, 0x24BD, 0x14BD, 0x1C9D, 0x149D, 0x149D, 0x1C7D, 0x44DC, 0x0006, 0xBE7C, 0xBEBD, 0xB69D, 0x0001, 0x24BC, 0x1CFD, 0x00CB, 0x34DD, 0x44FC, 0x4438, 0x2AD1, 0x8CB6, 0x7CF7, 0x84F6, 0x84F7, 0x84F7, 0x84F6, 0x8517, 0x8517, 0x8517, 0x8537, 0x8537, 0x8537, 0x8537, 0x8537, 0x8537, 0x8537, 0xB6BC, 0xBEBC, 0xB6BC, 0xB69C, 0xB6BC, 0xAE5B, 0x6C52, 0xC71D, 0x9597, 0xBEBC, 0x2A2B, 0x0085, 0x0088, 0x0065, 0x0990, 0x4B9B, 0x437B, 0x3B39, 0x5B98, 0x0909, 0xB6BC, 0x00C9, 0x431B, 0x3AFB, 0x6352, 0x0006, 0x328D, 0x9598, 0x9DB9, 0x8D99, 0x00A4, 0xB67C, 0x9DD9, 0x8D58, 0x8D38, 0x8D78, 0x8D58, 0x0024, 0x3AFA, 0x19B2, 0x5B7A, 0x0004, 0xB67A, 0x0048, 0x29B1, 0x3A2F, 0xD75F, 0x7C73, 0xC71E, 0x5B6F, 0x84B5, 0x8453, 0xCEBD, 0x0021, 0x95B9, 0x95B9, 0x95B9, 0x8D99, 0x9578, 0x9D57, 0x0003, 0x24FD, 0x249D, 0x1C9D, 0x1C9D, 0x1C9D, 0x1CBD, 0x1CBD, 0x1C9C, 0x4332, 0xAE7D, 0xB67D, 0x0001, 0x1A4D, 0x0003, 0x0000, 0x0002, 0x0001, 0x0005, 0x0003, 0x7475, 0x7CF6, 0x84F7, 0x84F7, 0x84F6, 0x84F7, 0x8517, 0x84F7, 0x8517, 0x8517, 0x8517, 0x8517, 0x8537, 0x8537, 0x8558, 0x8537, 0xBEBC, 0xBEBC, 0xBEDD, 0xBEBC, 0xBEBC, 0xAE5B, 0x6412, 0xC6FC, 0x9DB9, 0x7CB4, 0xAE5B, 0x222B, 0x0906, 0x430D, 0x0063, 0x0085, 0x0083, 0x0883, 0x0043, 0x0063, 0x0023, 0x0042, 0x10EC, 0x537B, 0x437C, 0x539A, 0x0045, 0x0064, 0x0023, 0x0002, 0x0022, 0x0023, 0x0002, 0x0001, 0x0022, 0x0022, 0x0001, 0x0042, 0x0004, 0x0006, 0x0029, 0x0001, 0x0020, 0x0001, 0x0001, 0x0021, 0x0063, 0x1926, 0x2187, 0x29E8, 0x3A2A, 0x426A, 0x426B, 0x5B2D, 0x530D, 0x5B2E, 0x6B90, 0x8C94, 0xA577, 0xA557, 0xC67C, 0x43B6, 0x145C, 0x1C9D, 0x1CBD, 0x1C9D, 0x1CBD, 0x1CBD, 0x1C7E, 0x0C9B, 0x0023, 0xB67D, 0x63AF, 0xAE5B, 0xA61C, 0xAE3E, 0x9DFD, 0x1127, 0x9559, 0x2187, 0x7CF7, 0x84F7, 0x84F7, 0x84F6, 0x7CF6, 0x84F7, 0x84F6, 0x8517, 0x84F7, 0x8517, 0x8517, 0x8517, 0x8517, 0x7D17, 0x7D17, 0x7D17, 0xBEDD, 0xBEBC, 0xBEDD, 0xBEBC, 0xBE9C, 0xAE7C, 0x5BF1, 0xC6FD, 0xA5D9, 0x534F, 0x9577, 0xBEBC, 0xAE7B, 0xBEBC, 0xBE9C, 0xB69C, 0xC69C, 0xB6BC, 0xC6FD, 0xBEBC, 0xC6FD, 0xBE7C, 0xA61A, 0x0046, 0x0066, 0x0023, 0xB65B, 0xB67C, 0xB65B, 0xB65A, 0xB67C, 0xB69C, 0xBE7B, 0xB67B, 0xB67B, 0xB67B, 0xBE9C, 0xBE9C, 0xBEBC, 0xB61B, 0xC6BB, 0xB65C, 0xC69C, 0xBE9C, 0xBE7B, 0xB65B, 0xB67C, 0xBEBD, 0xBE7C, 0xB65B, 0xB67C, 0xBE7C, 0xB67B, 0xBE9C, 0xC69C, 0xBE5B, 0xAE1A, 0xADF9, 0xA5B8, 0xA5B8, 0x9D57, 0x00A5, 0x4BF7, 0x1CBD, 0x24BD, 0x1CBD, 0x1CBD, 0x1CBD, 0x1C9D, 0x147C, 0x014B, 0xBEDF, 0x0004, 0x9DFC, 0x0043, 0x959C, 0xAE5C, 0x0002, 0x6C34, 0x8537, 0x8D17, 0x84F6, 0x84F6, 0x84F6, 0x7CF6, 0x7CF6, 0x7CF6, 0x84F6, 0x7CF6, 0x84F7, 0x7CF6, 0x7CF6, 0x7CF6, 0x7D17, 0x7D17, 0x7D17, 0xBEDD, 0xBEDD, 0xBEDD, 0xBEDD, 0x4B2F, 0x19C9, 0x2A2A, 0x1188, 0x00A4, 0x00C5, 0x0084, 0x00A4, 0x0947, 0x00A5, 0x00E5, 0x00A4, 0x0064, 0x00A4, 0x0084, 0x0063, 0x0023, 0x0043, 0x0043, 0x0022, 0x0084, 0x0064, 0x0043, 0x0023, 0x0064, 0x08C5, 0x1127, 0x3A6C, 0x63D0, 0x7432, 0x7C73, 0x8CB5, 0x9D37, 0x9D77, 0x9536, 0xADB9, 0xADD9, 0xADF9, 0xADD9, 0xADD9, 0xADB8, 0xB5F9, 0xADD9, 0xA598, 0xA5B8, 0xA5D9, 0xAE1A, 0xAE1A, 0xADFA, 0xAE1A, 0xA5F9, 0xA5FA, 0xAE1A, 0xAE1A, 0xB65A, 0xB65B, 0xB63A, 0x9DFA, 0x94D4, 0x092A, 0x0004, 0x24DD, 0x1C9C, 0x1CBD, 0x1C9C, 0x1C9C, 0x34BB, 0x1881, 0x0000, 0x9E3D, 0x0002, 0xAE3C, 0xADFC, 0x0001, 0x4B10, 0x8516, 0x7CF6, 0x7CF7, 0x84F6, 0x7CF6, 0x7CF6, 0x7CF6, 0x7CF6, 0x7CF6, 0x7CF6, 0x7CF6, 0x7CF6, 0x7CF6, 0x84F6, 0x84F7, 0x84F7, 0x7CF6, 0xBEDD, 0xBEBC, 0xBEDD, 0xBEBC, 0x430D, 0xBEDD, 0xBEBC, 0xBEFD, 0xB69C, 0xB6BC, 0xBEDC, 0xBEBC, 0xBEBC, 0xB6BC, 0xBE9C, 0xB67C, 0xB69C, 0xB67B, 0xB67B, 0xB67B, 0xB67B, 0xB67B, 0xAE5B, 0xAE7B, 0xAE5B, 0xAE5B, 0xAE5B, 0xAE3A, 0xAE3A, 0xAE3A, 0xAE3A, 0xAE3A, 0xAE3B, 0xAE3B, 0xAE3B, 0xAE3B, 0xAE3B, 0xAE3B, 0xAE3B, 0xAE3B, 0xAE3B, 0xAE3B, 0xAE1B, 0xAE3B, 0xAE3B, 0xAE3B, 0xAE3B, 0xAE1B, 0xAE3B, 0xAE1B, 0xAE3B, 0xAE3A, 0xAE3A, 0xAE3B, 0xAE3B, 0xAE3B, 0xAE3B, 0xAE3B, 0xB63B, 0xB63B, 0xB63B, 0xAE3A, 0xB65B, 0xADFA, 0x00E9, 0x1CDD, 0x1C9D, 0x1CBD, 0x1C9C, 0x1C9C, 0x349C, 0x0882, 0x6371, 0xAEBE, 0x0002, 0xAE5D, 0xB63C, 0x0002, 0x0023, 0x7CF6, 0x74B5, 0x8517, 0x84F7, 0x7CF6, 0x7CF6, 0x7CF6, 0x7CF6, 0x7CF6, 0x7CF6, 0x7CF6, 0x7CD6, 0x7CF6, 0x7CF7, 0x84F6, 0x84F7, 0x7CF7, 0xBEFD, 0xBEDD, 0xBEBC, 0xBEBC, 0x538F, 0xC6DD, 0xB69C, 0x0967, 0x6C73, 0xBEDD, 0xBEBC, 0xBEBC, 0xB69C, 0xB69B, 0xB67B, 0xB69C, 0xB69C, 0xB69C, 0xB67B, 0xB67B, 0xB67B, 0xB65B, 0xAE3B, 0xB65B, 0xAE3B, 0xAE3B, 0xAE3B, 0xAE3B, 0xAE3B, 0xAE3B, 0xAE3A, 0xAE3A, 0xAE3A, 0xAE3A, 0xAE3A, 0xAE3A, 0xAE3A, 0xAE5A, 0xAE3A, 0xAE3A, 0xAE3A, 0xAE3A, 0xAE3A, 0xAE3A, 0xAE3A, 0xAE3A, 0xAE3A, 0xAE3A, 0xAE3A, 0xAE3A, 0xAE3A, 0xAE1A, 0xAE1A, 0xAE3A, 0xAE3A, 0xAE3A, 0xAE3B, 0xAE3B, 0xAE3B, 0xB63B, 0xAE3B, 0xB63B, 0xAE3B, 0xAE19, 0x22F2, 0x1C9D, 0x2C9C, 0x2CDD, 0x249C, 0x349C, 0x2CBC, 0x0046, 0x6D19, 0x0003, 0x0001, 0x0002, 0x08A4, 0x0841, 0x0003, 0x00A5, 0x00A4, 0x00A4, 0x7CB5, 0x7CF6, 0x7CF6, 0x7CF6, 0x7CF6, 0x7CF6, 0x7CF6, 0x7CF6, 0x7CD6, 0x7CF6, 0x7CF6, 0x7CF6, 0x7CF6, 0x7D17, 0xBEFD, 0xC6FD, 0xBEDD, 0xBEBC, 0x4B6F, 0xBEDD, 0xAE5B, 0x0106, 0x6C33, 0xBEDD, 0xBEBC, 0xBEBC, 0xBE9C, 0xB69C, 0xB69C, 0xB69C, 0xB67B, 0xB69C, 0xB67B, 0xB65B, 0xAE5B, 0xB65B, 0xAE5B, 0xAE5B, 0xAE5B, 0xAE5B, 0xAE3B, 0xAE3A, 0xAE3A, 0xAE3A, 0xAE3A, 0xAE3A, 0xAE3A, 0xAE3A, 0xAE3A, 0xAE3A, 0xAE3A, 0xAE3A, 0xAE3A, 0xAE3A, 0xAE3A, 0xAE3A, 0xAE3A, 0xAE3A, 0xAE3A, 0xA63A, 0xAE3A, 0xAE3A, 0xAE3A, 0xAE5B, 0xAE3A, 0xAE5A, 0xAE5A, 0xAE3A, 0xAE3B, 0xAE3B, 0xAE3B, 0xAE3B, 0xAE5B, 0xAE5B, 0xAE5B, 0xAE5B, 0xAE3A, 0xB61A, 0x0044, 0x2355, 0x10C7, 0x0026, 0x0005, 0x1128, 0x0067, 0x0002, 0x2148, 0x0023, 0x0062, 0x5ACD, 0x0002, 0xBE7D, 0xA63D, 0x0001, 0x00A4, 0x6BB0, 0xB5D9, 0x7CB6, 0x7CF6, 0x7CD6, 0x7CD6, 0x7CD6, 0x7CD6, 0x7CF6, 0x7CF6, 0x7CF6, 0x7CF6, 0x7CF6, 0x7CF6, 0x7CF6, 0xBEFD, 0xC6FD, 0xC6FD, 0xBEFD, 0x5BD0, 0xC6FD, 0xBEBC, 0xB67C, 0xBEBD, 0xBEBC, 0xBEDD, 0xB69C, 0xBEBC, 0xBEBC, 0xB69C, 0xB6BC, 0xB69C, 0xB69C, 0xAE5B, 0xA61A, 0xAE3A, 0xB67B, 0xAE5B, 0xAE3A, 0xAE3B, 0xAE3A, 0xAE1A, 0xAE1A, 0xAE3A, 0xAE3B, 0xAE1A, 0xAE1A, 0xAE1A, 0xB65B, 0xB63A, 0xAE1A, 0xADFA, 0x9D78, 0x9557, 0x8D36, 0x84B5, 0x6C12, 0x6390, 0x534F, 0x4AEE, 0x3A6C, 0x3A4B, 0x3A4B, 0x3A4B, 0x39EA, 0x31EA, 0x2168, 0x2127, 0x1927, 0x0084, 0x10E6, 0x10C6, 0x0885, 0x0885, 0x0064, 0x0023, 0x0085, 0x0044, 0x1107, 0x0002, 0x959D, 0x857B, 0x8DDD, 0x8DBC, 0x85FC, 0x8DBC, 0x0088, 0x7C76, 0x1168, 0x6BB4, 0x0001, 0x08E5, 0x0001, 0x322A, 0xAE3A, 0x9557, 0x2968, 0x08C5, 0x7CD6, 0x7CD6, 0x7CD6, 0x7CD6, 0x7CD6, 0x74D6, 0x7CD6, 0x7CF6, 0x7CF6, 0x7CF6, 0x7CF6, 0x7CF6, 0x7CF6, 0xC6FD, 0xC6FD, 0xC71E, 0xC6FD, 0x63F1, 0x3ACD, 0x5390, 0x32AC, 0x328C, 0x2A4B, 0x430E, 0x434E, 0x3AED, 0x432E, 0x430E, 0x6412, 0x6453, 0x6C53, 0x7494, 0x7CF5, 0x7494, 0x8516, 0x7474, 0x7CD5, 0x84F6, 0x7CD5, 0x7C95, 0x7474, 0x7CB5, 0x7454, 0x7474, 0x7474, 0x7494, 0x7CB5, 0x74B5, 0x7495, 0x7CB5, 0x7CB5, 0x7CD5, 0x7CB5, 0x7CD5, 0x7CB5, 0x7CB5, 0x7CB5, 0x74B5, 0x7CB5, 0x7CB5, 0x7CB5, 0x7CB5, 0x7CB5, 0x74B5, 0x7495, 0x74B5, 0x7CB5, 0x7CB5, 0x74B5, 0x7CB5, 0x74B5, 0x7CB5, 0x7CB6, 0x7495, 0x7CB5, 0x7CB5, 0x7475, 0x0023, 0x530F, 0x0085, 0x0003, 0x00C6, 0x0024, 0x63F3, 0x95BC, 0xAE3D, 0x0002, 0xC6DC, 0x632E, 0x0001, 0x0043, 0x7CD5, 0x7CD6, 0x7CD6, 0x7CD6, 0x7CD6, 0x7CD6, 0x7CD6, 0x7CB6, 0x7CB6, 0x7CD6, 0x74D6, 0x74D6, 0x7CD6, 0x7CD6, 0x7CF6, 0x7CF6, 0x7CF6, 0x7CF6, 0xCF3E, 0xCF3E, 0xCF3E, 0xC71E, 0xC71E, 0xC71E, 0x42EE, 0x53B0, 0x5BD1, 0xBEDD, 0xB6BC, 0xAE9B, 0xAE5B, 0xA63A, 0xA65A, 0x9E1A, 0x9DFA, 0x95B8, 0x9598, 0x9598, 0x95B9, 0x8D78, 0x8D57, 0x8537, 0x8536, 0x8517, 0x84F6, 0x7CF6, 0x7CD5, 0x7CD6, 0x7CD5, 0x7CD6, 0x7CD5, 0x7CD5, 0x7CD5, 0x7CD5, 0x7CD5, 0x7CD5, 0x7CD5, 0x74B5, 0x7CD5, 0x7CD5, 0x74B5, 0x7CD5, 0x74B5, 0x7CD5, 0x7CD5, 0x7CD5, 0x74B5, 0x74B5, 0x74B5, 0x74B5, 0x74B5, 0x7CB5, 0x7CB5, 0x7CB6, 0x7CB5, 0x7CB5, 0x7CB5, 0x7CD6, 0x7CB5, 0x7CB5, 0x7495, 0x74B5, 0x7CB4, 0x84F5, 0x7495, 0x7495, 0x74B5, 0x7C95, 0x84D5, 0x8454, 0x0002, 0x0884, 0x0044, 0x7C73, 0x84D5, 0x7CF6, 0x7CB5, 0x7CB6, 0x7CB6, 0x7CD6, 0x7CD6, 0x7CB6, 0x7CD6, 0x7CB6, 0x7CB6, 0x7CB6, 0x74D6, 0x74D6, 0x7CD6, 0x7CD6, 0x7CF6, 0x7CF6, 0x7CF6, 0x7CF6, 0xCF3E, 0xCF3E, 0xCF3E, 0xC71E, 0xC71D, 0xBEBC, 0xB69C, 0xBEDD, 0xC71E, 0xB6BC, 0xBEDC, 0xB69B, 0xAE5A, 0xA63A, 0xA61A, 0xA61A, 0x9DD9, 0x9DD9, 0x95B8, 0x9598, 0x9578, 0x8D77, 0x8D57, 0x8537, 0x8536, 0x8517, 0x8516, 0x84F6, 0x7CF6, 0x7CD6, 0x7CD5, 0x7CD5, 0x7CD5, 0x7CD5, 0x7CD5, 0x7CD5, 0x74B5, 0x74B5, 0x74B5, 0x74B5, 0x7CD5, 0x74B5, 0x74B5, 0x74B5, 0x74B5, 0x74B5, 0x74B5, 0x74B5, 0x74B5, 0x74B5, 0x74B5, 0x7CB5, 0x7CB5, 0x7495, 0x7CB5, 0x7CB5, 0x7CB5, 0x7CB5, 0x7495, 0x7CB5, 0x7495, 0x7495, 0x7495, 0x7CB5, 0x7495, 0x7CB6, 0x7C95, 0x7CB5, 0x7495, 0x7CB5, 0x74B5, 0x74B5, 0x74D5, 0x7495, 0x7495, 0x7CD6, 0x7CB5, 0x7CB5, 0x74B5, 0x74B5, 0x74B5, 0x74B5, 0x74B5, 0x7CB6, 0x7CB6, 0x74B6, 0x74B6, 0x7CB6, 0x74D6, 0x74D6, 0x74D6, 0x7CF6, 0x7CF6, 0x7CD6, 0x7CF6, 0x7CF6, 0xCF3E, 0xCF3E, 0xCF1E, 0xC71E, 0xBEDD, 0xC71E, 0xC6DD, 0xC6FD, 0xC71D, 0xB6BC, 0xB69B, 0xB69B, 0xB67B, 0xA619, 0xA5FA, 0xA61A, 0x9DD9, 0x95B8, 0x9598, 0x9578, 0x9578, 0x8D57, 0x8D57, 0x8D37, 0x8537, 0x8516, 0x7CF6, 0x7CF6, 0x7CF6, 0x7CD5, 0x7CD5, 0x74B5, 0x74B5, 0x74B5, 0x74B5, 0x7495, 0x7495, 0x7495, 0x7495, 0x7495, 0x7CB5, 0x7495, 0x7495, 0x74B5, 0x74B5, 0x7CB5, 0x74B5, 0x74B5, 0x74B5, 0x7CB5, 0x7CB5, 0x7CB5, 0x7CB5, 0x7CB5, 0x7C95, 0x7CB6, 0x7CB5, 0x7CB6, 0x7495, 0x7495, 0x7C95, 0x7C95, 0x7C95, 0x7C95, 0x7495, 0x74B5, 0x7495, 0x74B5, 0x7495, 0x7495, 0x74B5, 0x7CB5, 0x7495, 0x7495, 0x7495, 0x7495, 0x7CB5, 0x74B5, 0x74B5, 0x74B5, 0x74B5, 0x74B5, 0x74B5, 0x74B5, 0x74B5, 0x74B5, 0x7496, 0x7496, 0x74B6, 0x74B6, 0x74B6, 0x74D6, 0x74D6, 0x74D6, 0x74F6, 0x74F6 };
const uint16_t OCTOPUS_ICON[9216] = { 0xFD44, 0xFD44, 0xFD44, 0xFD44, 0xFD44, 0xFD44, 0xFD44, 0xFD44, 0xFD44, 0xC489, 0x3274, 0x3274, 0x3274, 0x3274, 0x8BAD, 0xFD44, 0xFD44, 0xFD44, 0xFD44, 0xFD44, 0xFD44, 0xFD44, 0xFD44, 0xD5B2, 0xC5F7, 0xC5F7, 0xC5F7, 0xC5F7, 0xC5F7, 0xC5F7, 0xF545, 0xFD44, 0xFD44, 0xFD44, 0xC5F7, 0xC5F7, 0xC5F7, 0xFD44, 0xC5F7, 0xC5F7, 0xC5F7, 0xC5F7, 0xC5F7, 0xC5F7, 0xC5F7, 0xC5F7, 0xFD44, 0xFD44, 0xFD44, 0xFD44, 0xFD44, 0xFD44, 0xFD44, 0xFD44, 0xFD44, 0xFD44, 0xFD44, 0xFD44, 0xFD44, 0xFD44, 0xFD44, 0xFD44, 0xFD44, 0xFD44, 0xC5F7, 0xC5F7, 0xFD44, 0xFD44, 0xFD44, 0xFD44, 0xFD44, 0xFD44, 0xFD44, 0xFD44, 0xFD44, 0xFD44, 0xFD44, 0xFD44, 0xFD44, 0xFD44, 0xFD44, 0xC5F7, 0xC5F7, 0xC5F7, 0xFD44, 0xFD44, 0xFD44, 0xFD44, 0xFD44, 0xFD44, 0xFD44, 0xFD44, 0xC5F7, 0xC5F7, 0xFD44, 0xFD44, 0xFD44, 0xFD44, 0xFD44, 0xFD44, 0xFD44, 0xFD44, 0xFD44, 0xFD44, 0xFD44, 0xE4E6, 0xA40B, 0xA40B, 0xA40B, 0xA40B, 0x93EC, 0x8BAD, 0x8BAD, 0x8BAD, 0xCC88, 0xFD44, 0xFD44, 0xFD44, 0xFD44, 0xE56A, 0xE58D, 0xE58D, 0xE58D, 0xE58D, 0xE58D, 0xE58D, 0xF545, 0xFD44, 0xFD44, 0xDDAF, 0xC5F7, 0xC5F7, 0xC5F7, 0xDDAF, 0xE58D, 0xE58D, 0xE58D, 0xE58D, 0xE58D, 0xE58D, 0xE58D, 0xE58D, 0xFD44, 0xFD44, 0xFD44, 0xFD44, 0xFD44, 0xFD44, 0xFD44, 0xFD44, 0xFD44, 0xFD44, 0xFD44, 0xDDAF, 0xDDAF, 0xDDAF, 0xDDAF, 0xDDAF, 0xFD44, 0xFD44, 0xE58D, 0xE58D, 0xFD44, 0xFD44, 0xDDAF, 0xDDAF, 0xDDAF, 0xFD44, 0xFD44, 0xFD44, 0xFD44, 0xFD44, 0xFD44, 0xFD44, 0xDDAF, 0xDDAF, 0xDDAF, 0xC5F7, 0xC5F7, 0xC5F7, 0xDDAF, 0xDDAF, 0xFD44, 0xFD44, 0xFD44, 0xDDAF, 0xDDAF, 0xDDAF, 0xC5F7, 0xC5F7, 0xDDAF, 0xDDAF, 0xFD44, 0xFD44, 0xFD44, 0xE4E6, 0xE4E6, 0xE4E6, 0xE4E6, 0xE506, 0xF567, 0xF546, 0xFD44, 0xFD44, 0xF545, 0xF567, 0x9C0D, 0x3274, 0x3274, 0x3AB4, 0xA44D, 0xF545, 0xFD44, 0xFD44, 0xFD44, 0xFD44, 0xF546, 0xF567, 0xF567, 0xF567, 0xF567, 0xF567, 0xF567, 0xFD44, 0xF567, 0xC5F7, 0xC5F7, 0xC5F7, 0xC5F7, 0xC5F7, 0xF567, 0xFD44, 0xFD44, 0xFD44, 0xFD44, 0xFD44, 0xFD44, 0xFD44, 0xF567, 0xF567, 0xF567, 0xF567, 0xFD44, 0xFD44, 0xFD44, 0xFD44, 0xFD44, 0xF567, 0xF567, 0xC5F7, 0xC5F7, 0xC5F7, 0xC5F7, 0xC5F7, 0xF567, 0xF567, 0xFD44, 0xFD44, 0xF567, 0xF567, 0xC5F7, 0xC5F7, 0xC5F7, 0xF567, 0xF567, 0xF567, 0xF567, 0xF567, 0xF567, 0xF567, 0xC5F7, 0xC5F7, 0xC5F7, 0xC5F7, 0xC5F7, 0xC5F7, 0xC5F7, 0xC5F7, 0xF567, 0xF567, 0xF567, 0xC5F7, 0xC5F7, 0xC5F7, 0xC5F7, 0xC5F7, 0xC5F7, 0xB576, 0xFD44, 0xFD44, 0xED25, 0x3274, 0x3274, 0x3274, 0x3274, 0x5335, 0xC5F7, 0xD5B2, 0xFD44, 0xFD44, 0xE58B, 0xC5F7, 0x8476, 0x3274, 0x3274, 0x7C56, 0xC5F7, 0xE58C, 0xFD44, 0xFD44, 0xFD44, 0xFD44, 0xCDD2, 0xC5F7, 0xC5F7, 0xC5F7, 0xC5F7, 0xC5F7, 0xC5F7, 0xF545, 0xC5F7, 0xC5F7, 0xC5F7, 0xC5F7, 0xC5F7, 0xC5F7, 0xC5F7, 0xFD44, 0xFD44, 0xFD44, 0xFD44, 0xFD44, 0xFD44, 0xFD44, 0xC5F7, 0xC5F7, 0xC5F7, 0xC5F7, 0xFD44, 0xFD44, 0xFD44, 0xFD44, 0xFD44, 0xC5F7, 0xC5F7, 0xC5F7, 0xC5F7, 0xC5F7, 0xC5F7, 0xC5F7, 0xC5F7, 0xC5F7, 0xFD44, 0xFD44, 0xC5F7, 0xC5F7, 0xC5F7, 0xC5F7, 0xC5F7, 0xC5F7, 0xC5F7, 0xC5F7, 0xC5F7, 0xC5F7, 0xC5F7, 0xC5F7, 0xC5F7, 0xC5F7, 0xC5F7, 0xC5F7, 0xC5F7, 0xC5F7, 0xC5F7, 0xC5F7, 0xC5F7, 0xC5F7, 0xC5F7, 0xC5F7, 0xC5F7, 0xC5F7, 0xC5F7, 0xC5F7, 0xC5F7, 0x620E, 0xC5F7, 0xC5F7, 0xC5F7, 0xB597, 0x3274, 0x3274, 0x4B15, 0xC5F7, 0xC5F7, 0xC5F7, 0xC5F7, 0xC5F7, 0xC5F7, 0xC5F7, 0xC5F7, 0xC5F7, 0xC5F7, 0xDD8D, 0xFD44, 0xFD44, 0xFD44, 0xFD44, 0xFD44, 0xFD44, 0xCDD3, 0xC5F7, 0xED68, 0xCDD4, 0xC5F7, 0xC5F7, 0xF546, 0xFD44, 0xFD44, 0xFD44, 0xC5F7, 0xC5F7, 0xC5F7, 0xC5F7, 0xC5F7, 0xC5F7, 0xFD44, 0xFD44, 0xFD44, 0xFD44, 0xC5F7, 0xC5F7, 0xC5F7, 0xC5F7, 0xC5F7, 0xC5F7, 0xC5F7, 0xC5F7, 0xC5F7, 0xC5F7, 0xC5F7, 0xC5F7, 0xC5F7, 0xC5F7, 0xFD44, 0xC5F7, 0xC5F7, 0xC5F7, 0xC5F7, 0xFD44, 0xFD44, 0xFD44, 0xFD44, 0xC5F7, 0xC5F7, 0xC5F7, 0xC5F7, 0xC5F7, 0x0000, 0x0000, 0x0000, 0x0000, 0x0000, 0x0000, 0x0000, 0x0000, 0xC5F7, 0xC5F7, 0xC5F7, 0xC5F7, 0xC5F7, 0xC5F7, 0xC5F7, 0xC5F7, 0xC5F7, 0xC5F7, 0xC5F7, 0xC5F7, 0xC5F7, 0xC5F7, 0xC5F7, 0x620E, 0xC5F7, 0xC5F7, 0xC5F7, 0xC5F7, 0xC5F7, 0xC5F7, 0xC5F7, 0xC5F7, 0xC5F7, 0xC5F7, 0xC5F7, 0xC5F7, 0xC5F7, 0xC5F7, 0xC5F7, 0xC5F7, 0xDD8E, 0xDDAE, 0xC5F7, 0xC5F7, 0xC5F7, 0xC5F7, 0xC5F7, 0xC5F7, 0xED69, 0xFD44, 0xCDD4, 0xC5F7, 0xC5F7, 0xF546, 0xFD44, 0xFD44, 0xFD44, 0xC5F7, 0xC5F7, 0xC5F7, 0xC5F7, 0xFD44, 0xFD44, 0xFD44, 0xFD44, 0xFD44, 0xFD44, 0xFD44, 0xFD44, 0xC5F7, 0xC5F7, 0xFD44, 0xC5F7, 0xC5F7, 0x0000, 0x0000, 0x0000, 0x0000, 0xC5F7, 0xC5F7, 0xC5F7, 0xC5F7, 0xC5F7, 0xFD44, 0xFD44, 0xFD44, 0xFD44, 0xFD44, 0xFD44, 0xFD44, 0xFD44, 0xFD44, 0xFD44, 0xFD44, 0x0000, 0x0000, 0x0000, 0x0000, 0x0000, 0x0000, 0x0000, 0x0000, 0x0000, 0x0000, 0x0000, 0x0000, 0xC5F7, 0xC5F7, 0xC5F7, 0xC5F7, 0xC5F7, 0xC5F7, 0xC5F7, 0xC5F7, 0xC5F7, 0xC5F7, 0x620E, 0x620E, 0x620E, 0x620E, 0xC5F7, 0xC5F7, 0xC5F7, 0xC5F7, 0xC5F7, 0xC5F7, 0xC5F7, 0xC5F7, 0xC5F7, 0xC5F7, 0xC5F7, 0xC5F7, 0xC5F7, 0xC5F7, 0xC5F7, 0xC5F7, 0xC5F7, 0xC5F7, 0xC5F7, 0xC5F7, 0xC5F7, 0xC5F7, 0xC5F7, 0xC5F7, 0xC5F7, 0xC5F7, 0xC5F7, 0xC5F7, 0xC5F7, 0xC5F7, 0xC5F7, 0xC5F7, 0xC5F7, 0xC5F7, 0xC5F7, 0xC5F7, 0xFD44, 0xC5F7, 0xC5F7, 0xFD44, 0xFD44, 0xFD44, 0xFD44, 0xFD44, 0xFD44, 0xFD44, 0xFD44, 0xC5F7, 0x0000, 0x0000, 0x0000, 0x0000, 0x0000, 0x0000, 0x0000, 0xC5F7, 0xC5F7, 0xC5F7, 0xC5F7, 0xC5F7, 0xC5F7, 0xFD44, 0xFD44, 0xFD44, 0xFD44, 0xFD44, 0xFD44, 0xFD44, 0xC5F7, 0x0000, 0x0000, 0x0000, 0x0000, 0x0000, 0x0000, 0x0000, 0x0000, 0x0000, 0x0000, 0x0000, 0x0000, 0x0000, 0x0000, 0xC5F7, 0xC5F7, 0xC5F7, 0xC5F7, 0xC5F7, 0xC5F7, 0xC5F7, 0xC5F7, 0xC5F7, 0x620E, 0xC5F7, 0xC5F7, 0xC5F7, 0xC5F7, 0xC5F7, 0xC5F7, 0xC5F7, 0xC5F7, 0xC5F7, 0xC5F7, 0xC5F7, 0xC5F7, 0xC5F7, 0xC5F7, 0xC5F7, 0xC5F7, 0xC5F7, 0xC5F7, 0xC5F7, 0xC5F7, 0xC5F7, 0xC5F7, 0xC5F7, 0xC5F7, 0xC5F7, 0xC5F7, 0xC5F7, 0xC5F7, 0xC5F7, 0xC5F7, 0xC5F7, 0xC5F7, 0xC5F7, 0xC5F7, 0xC5F7, 0xC5F7, 0xC5F7, 0xC5F7, 0xC5F7, 0xC5F6, 0xC5F7, 0x0841, 0x0840, 0x0840, 0x0840, 0x0840, 0x0840, 0xC5F6, 0xC5F6, 0xC5F6, 0x0841, 0x0000, 0x0000, 0x0000, 0x0000, 0x0000, 0x0000, 0x0000, 0x0841, 0xC5F7, 0xC5F7, 0xC5F7, 0xC5F7, 0xC5F7, 0xC5D6, 0xC5D6, 0xC5D6, 0xC5D6, 0xC5D6, 0xC5D6, 0xC5D6, 0x0841, 0x0000, 0x0000, 0x0000, 0x0000, 0x0000, 0x0000, 0x0000, 0x0000, 0x0000, 0x0000, 0x0000, 0x0000, 0x0000, 0x0000, 0x0841, 0xC5F7, 0xC5F7, 0xC5F7, 0xC5F7, 0xC5F7, 0xC5F7, 0xC5F7, 0xC5F7, 0xBDB7, 0x6A4E, 0xC5F7, 0xC5F7, 0xC5F7, 0xC5F7, 0xC5F7, 0xC5F7, 0xC5F7, 0xC5F7, 0xC5F7, 0xC5F7, 0xC5F7, 0xC5F7, 0xC5F7, 0xC5F7, 0xC5F7, 0xC5F7, 0xC5F7, 0xC5F7, 0xC5F7, 0xC5F7, 0xC5F7, 0xC5F7, 0xC5F7, 0xC5F7, 0xC5F7, 0xC5F7, 0xC5F7, 0xC5F7, 0xC5F7, 0xC5F7, 0xC5F7, 0xC5F7, 0xC5F7, 0xC5F7, 0xC5F7, 0xC5F7, 0xC5F7, 0xC5F7, 0x62EB, 0x62EB, 0x0000, 0x0000, 0x0000, 0x0000, 0x0000, 0x0000, 0x62EB, 0x62EB, 0xC5F7, 0x62EB, 0x0000, 0x0000, 0x0000, 0x0000, 0x0000, 0x0000, 0x0000, 0x0000, 0x62EB, 0xC5F7, 0xC5F7, 0xC5F7, 0xC5F7, 0xC5F7, 0xC5F7, 0xC5F7, 0xC5F7, 0xC5F7, 0xC5F7, 0x62EB, 0x0000, 0x0000, 0x0000, 0x0000, 0x0000, 0x0000, 0x0000, 0x0000, 0x0000, 0x0000, 0x0000, 0x0000, 0x0000, 0x0000, 0x0000, 0x0000, 0x62EB, 0xC5F7, 0xC5F7, 0xC5F7, 0xC5F7, 0xC5F7, 0xC5F7, 0xC5F7, 0xC5F7, 0x620E, 0xC5F7, 0xC5F7, 0xC5F7, 0xC5F7, 0xC5F7, 0xC5F7, 0xC5F7, 0xC5F7, 0xC5F6, 0xC5F6, 0xC5F6, 0xC5F7, 0xC5F7, 0xC5F7, 0xC5F7, 0xC5F7, 0xC5F7, 0xC5F7, 0xC5F7, 0xC5F7, 0xC5F7, 0xC5F7, 0xC5F7, 0xC5F7, 0xC5F7, 0xC5F7, 0xC5F7, 0xC5F7, 0xC5F7, 0xC5F7, 0xC5F7, 0xC5F7, 0xC5F7, 0xC5F7, 0xC5F7, 0xC5F7, 0xC5F7, 0xB596, 0x0000, 0x0000, 0x0000, 0x0000, 0x0000, 0x0000, 0x0000, 0x0000, 0x0000, 0x0000, 0xB596, 0xC5F7, 0x0841, 0x0000, 0x0000, 0x0000, 0x0000, 0x0000, 0x0000, 0x0000, 0x0000, 0xC5F7, 0xC5F7, 0xC5F7, 0xC5F7, 0xC5F7, 0xC5F7, 0xC5F7, 0xC5F7, 0xC5F7, 0xC5F7, 0x0000, 0x0000, 0x0000, 0x0000, 0x0000, 0x0000, 0x0000, 0x0000, 0x0000, 0x0000, 0x0000, 0x0000, 0x0000, 0x0000, 0x0000, 0x0000, 0x0000, 0x0000, 0xC5F7, 0xC5F7, 0xC5F7, 0xC5F7, 0xC5F7, 0xC5F7, 0xC5F7, 0xC5F7, 0x620E, 0xC5F7, 0xC5F7, 0xC5F7, 0xC5F7, 0xC5F7, 0xC5F7, 0xC5F7, 0xCDD4, 0xFD44, 0xFD44, 0xED69, 0xC5F7, 0xC5F7, 0xC5F7, 0xC5F7, 0xC5F7, 0xC5F7, 0xC5F7, 0xC5F7, 0xC5F7, 0xC5F7, 0xC5F7, 0xC5F7, 0xC5F7, 0xC5F7, 0xC5F7, 0xC5F7, 0xC5F7, 0xC5F7, 0xC5F7, 0xC5F7, 0xC5F7, 0xC5F7, 0xC5F7, 0xC5F7, 0xC5F7, 0xC5F7, 0x0000, 0x0000, 0x0000, 0x0000, 0x0000, 0x0000, 0x0000, 0x0000, 0x0000, 0x0000, 0x0000, 0x0000, 0xC5F7, 0xC5F7, 0x0000, 0x0000, 0x0000, 0x0000, 0x0000, 0x0000, 0x0000, 0x0000, 0xC5F7, 0xC5F7, 0xC5F7, 0xC5F7, 0xC5F7, 0xC5F7, 0xC5F7, 0xC5F7, 0xC5F7, 0xC5F7, 0x0000, 0x0000, 0x0000, 0x0000, 0x0000, 0x0000, 0x0000, 0x0000, 0x0000, 0x0000, 0x0000, 0x0000, 0x0000, 0x0000, 0x0000, 0x0000, 0x0000, 0x0000, 0xC5F7, 0xC5F7, 0xC5F7, 0xC5F7, 0xC5F7, 0xC5F7, 0xC5F7, 0xC5F7, 0x620E, 0xC5F7, 0xC5F7, 0xC5F7, 0xC5F7, 0xC5F6, 0xFD44, 0xFD44, 0xFD44, 0xFD44, 0xFD44, 0xFD44, 0xED6A, 0xC5F7, 0xC5F7, 0xC5F7, 0xC5F7, 0xC5F7, 0xC5F7, 0xC5F7, 0xC5F7, 0xC5F7, 0xC5F7, 0xC5F7, 0xC5F7, 0xC5F7, 0xC5F7, 0xC5F7, 0xC5F7, 0xC5F7, 0xC5F7, 0xC5F7, 0xC5F7, 0xC5F7, 0xC5F7, 0xC5F7, 0xC5F7, 0x0000, 0x0000, 0x0000, 0x0000, 0x0000, 0x0000, 0x0000, 0x0000, 0x0000, 0x0000, 0x0000, 0x0000, 0x0000, 0x0000, 0xC5F7, 0x0000, 0x0000, 0xC5F7, 0x0000, 0x0000, 0x0000, 0x0000, 0x0000, 0xC5F7, 0xC5F7, 0xC5F7, 0xC5F7, 0xC5F7, 0xC5F7, 0x0000, 0x0000, 0xC5F7, 0x0000, 0x0000, 0x0000, 0x0000, 0x0000, 0x0000, 0x0000, 0x0000, 0x0000, 0x0000, 0x0000, 0x0000, 0x0000, 0x0000, 0x0000, 0x0000, 0x0000, 0x0000, 0x0000, 0x0000, 0xC5F7, 0xC5F7, 0xC5F7, 0xC5F7, 0xC5F7, 0xC5F7, 0xC5F7, 0x620E, 0xC5F7, 0xC5F7, 0xFD44, 0xFD44, 0xFD44, 0xFD44, 0xFD44, 0xF567, 0xC5F7, 0xC5F7, 0xC5F7, 0xD5D2, 0xED8A, 0xC5F7, 0xC5F7, 0xC5F7, 0xC5F7, 0xC5F7, 0xC5F7, 0xC5F7, 0xC5F7, 0xC5F7, 0xC5F7, 0xC5F7, 0xC5F7, 0xC5F7, 0xC5F7, 0xC5F7, 0xC5F7, 0xC5F7, 0xC5F7, 0xC5F7, 0xC5F7, 0xC5F7, 0xC5F7, 0x0000, 0x0000, 0x0000, 0x0000, 0x0000, 0x0000, 0x0000, 0x0000, 0x0000, 0x0000, 0x0000, 0x0000, 0x0000, 0x0000, 0x0000, 0xC5F7, 0xC5F7, 0x0000, 0xC5F7, 0xC5F7, 0x0000, 0x0000, 0x0000, 0x0000, 0x0000, 0xC5F7, 0xC5F7, 0xC5F7, 0xC5F7, 0x0000, 0x0000, 0x0000, 0x0000, 0x0000, 0x0000, 0x0000, 0x0000, 0x0000, 0x0000, 0x0000, 0x0000, 0x0000, 0x0000, 0x0000, 0x0000, 0x0000, 0x0000, 0x0000, 0x0000, 0x0000, 0x0000, 0x0000, 0x0000, 0xC5F7, 0xC5F7, 0xC5F7, 0xC5F7, 0xC5F7, 0xC5F7, 0xC5F7, 0xC5F7, 0x620E, 0x620E, 0xFD44, 0xFD44, 0xF545, 0xC5F7, 0xC5F7, 0xC5F7, 0xC5F7, 0xC5F7, 0xC5F7, 0xC5F7, 0xC5F7, 0xC5F7, 0xC5F7, 0xC5F7, 0xC5F7, 0xC5F7, 0xC5F7, 0xC5F7, 0xC5F7, 0xC5F7, 0xC5F7, 0xC5F7, 0xED8A, 0xFD44, 0xFD44, 0xCDD3, 0xC5F7, 0xC5F7, 0xC5F7, 0xC5F7, 0xC5F7, 0xC5F7, 0xC5F7, 0x0000, 0x0000, 0x0000, 0x0000, 0x0000, 0x0000, 0x0000, 0x0000, 0x0000, 0x0000, 0x0000, 0x0000, 0x0000, 0x0000, 0x0000, 0x0000, 0xC5F7, 0x0000, 0xC5F7, 0x0000, 0x0000, 0x0000, 0x0000, 0x0000, 0x0000, 0xC5F7, 0xC5F7, 0xC5F7, 0x0000, 0x0000, 0x0000, 0x0000, 0x0000, 0x0000, 0x0000, 0x0000, 0x0000, 0x0000, 0x0000, 0x0000, 0x0000, 0x0000, 0x0000, 0x0000, 0x0000, 0x0000, 0x0000, 0x0000, 0x0000, 0x0000, 0x0000, 0x0000, 0x0000, 0x0000, 0xFD44, 0xFD44, 0xFD44, 0xFD44, 0xC5F7, 0xC5F7, 0xC5F7, 0xC5F7, 0x620E, 0xCDD5, 0xCDD5, 0xCDD5, 0xC5F7, 0xC5F7, 0xC5F7, 0xC5F7, 0xC5F7, 0xC5F7, 0xC5F7, 0xC5F7, 0xC5F7, 0xC5F7, 0xC5F7, 0xC5F7, 0xDDB0, 0xDDAF, 0xC5F7, 0xC5F7, 0xC5F7, 0xE58D, 0xF567, 0xF545, 0xFD44, 0xFD44, 0xF546, 0xCDD4, 0xC5F7, 0xC5F7, 0xC5F7, 0xC5F7, 0xC5F7, 0x18A2, 0x0000, 0x0000, 0x0000, 0x0000, 0x0000, 0x0000, 0x0000, 0x0000, 0x0000, 0x0000, 0x0000, 0x0000, 0x0000, 0x0000, 0x0000, 0x0000, 0xC5F7, 0xAD34, 0x18A2, 0x0000, 0x0000, 0x0000, 0x0000, 0x0000, 0x0000, 0xC5F7, 0xC5F7, 0xC5F7, 0x0000, 0x0000, 0x0000, 0x0000, 0x0000, 0x0000, 0x0000, 0x0000, 0x0000, 0x0000, 0x0000, 0x0000, 0x0000, 0x0000, 0x0000, 0x0000, 0x0000, 0x0000, 0x0000, 0x0000, 0x0000, 0x0000, 0x0000, 0x0000, 0x0000, 0x0000, 0xCDD5, 0xCDD5, 0xFD44, 0xFD44, 0xF567, 0xF567, 0xF567, 0xC5F7, 0x620E, 0xC5F7, 0xC5F7, 0xC5F7, 0xC5F7, 0xC5F7, 0xC5F7, 0xC5F7, 0xC5F7, 0xC5F7, 0xC5F7, 0xC5F7, 0xC5F7, 0xC5F7, 0xC5F7, 0xC5F7, 0xD5D2, 0xDDAE, 0xDDAF, 0xDDAF, 0xDDAF, 0xED68, 0xFD44, 0xED8A, 0xE58D, 0xE58D, 0xE58D, 0xDDAF, 0xC5F6, 0xC5F7, 0xC5F7, 0x738E, 0x6B4D, 0x0000, 0x0000, 0x0000, 0x0000, 0x0000, 0x0000, 0x0000, 0x0000, 0x0000, 0x0000, 0x0000, 0x0000, 0x0000, 0x0000, 0x0000, 0x0000, 0x0000, 0x6B4D, 0xC5F7, 0x0000, 0x528A, 0x528A, 0x0000, 0x0000, 0x0000, 0x0000, 0xC5F7, 0xC5F7, 0x6B4D, 0x0000, 0x0000, 0x0000, 0x0000, 0x0000, 0x0000, 0x0000, 0x0000, 0x0000, 0x0000, 0x0000, 0x0000, 0x0000, 0x0000, 0x0000, 0x0000, 0x0000, 0x0000, 0x0000, 0x0000, 0x0000, 0x0000, 0x0000, 0x0000, 0x0000, 0x0000, 0xC5F7, 0xC5F7, 0xE58D, 0xE58D, 0xE58D, 0xFD44, 0xFD44, 0xDDAF, 0xA38A, 0xC5F7, 0xC5F7, 0xC5F7, 0xC5F7, 0xC5F7, 0xC5F7, 0xC5F7, 0xC5F7, 0xC5F7, 0xC5F7, 0xC5F7, 0xC5F7, 0xC5F7, 0xC5F7, 0xC5F7, 0xC5F7, 0xDDAE, 0xFD44, 0xFD44, 0xFD44, 0xFD44, 0xFD44, 0xD5B1, 0xC5F7, 0xC5F7, 0xC5F7, 0xED68, 0xCDD4, 0xC5F7, 0xC5F7, 0x0841, 0x0000, 0x0000, 0x0000, 0x0000, 0x0000, 0x0000, 0x0000, 0x0000, 0x0000, 0x0000, 0x0000, 0x0000, 0x0000, 0x0000, 0x0000, 0x0000, 0x0000, 0x0000, 0x0000, 0xC5F7, 0x0000, 0xC5F7, 0xC5F7, 0x0000, 0x0000, 0x0000, 0x0000, 0xC5F7, 0xC5F7, 0x0000, 0x0000, 0x0000, 0x0000, 0x0000, 0x0000, 0x0000, 0x0000, 0x0000, 0x0000, 0x0000, 0x0000, 0x0000, 0x0000, 0x0000, 0x0000, 0x0000, 0x0000, 0x0000, 0x0000, 0x0000, 0x0000, 0x0000, 0x0000, 0x0000, 0x0000, 0x0000, 0xC5F7, 0xC5F7, 0xC5F7, 0xC5F7, 0xC5F7, 0xFD44, 0xFD44, 0xFD44, 0xFD44, 0xC5F7, 0xC5F7, 0xC5F7, 0xC5D5, 0xF567, 0xC5F7, 0xC5F7, 0xC5F7, 0xC5F7, 0xD5D2, 0xFD44, 0xFD44, 0xFD44, 0xE58C, 0xC5F7, 0xC5F7, 0xC5F7, 0xDD8D, 0xFD44, 0xFD44, 0xD5B0, 0xC5F7, 0xC5F7, 0xC5F7, 0xC5F7, 0xC5F7, 0xC5F7, 0xC5F7, 0xC5F7, 0x1082, 0x0000, 0x0000, 0x0000, 0x0000, 0x0000, 0x0000, 0x0000, 0x0000, 0x0000, 0x0000, 0x0000, 0x0000, 0x0000, 0x0000, 0x0000, 0x0000, 0x0000, 0x0000, 0x0000, 0x0000, 0xC5F7, 0x0000, 0xC5F7, 0xC5F7, 0xC5F7, 0x0000, 0x0000, 0x0000, 0xC5F7, 0xC5F7, 0x0000, 0x0000, 0x0000, 0xC5F7, 0xC5F7, 0x0000, 0x0000, 0x0000, 0x0000, 0x0000, 0x0000, 0x0000, 0x0000, 0x0000, 0x0000, 0x0000, 0x0000, 0x0000, 0x0000, 0x0000, 0x0000, 0x0000, 0x0000, 0x0000, 0x0000, 0x0000, 0x0000, 0xC5F7, 0xC5F7, 0xC5F7, 0xC5F7, 0xC5F7, 0xC5F7, 0xC5F7, 0xC5F7, 0x620E, 0xC5F7, 0xC5F7, 0xC5F7, 0xC5F7, 0xCDD5, 0xFD44, 0xFD44, 0xFD44, 0xFD44, 0xFD44, 0xFD44, 0xFD44, 0xFD44, 0xFD44, 0xE58D, 0xC5F7, 0xC5F7, 0xC5F7, 0xC5F7, 0xC5F7, 0xC5F7, 0xC5F7, 0xC5F7, 0xC5F7, 0xC5F7, 0xC5F7, 0xC5F7, 0x18E3, 0x0000, 0x0000, 0x0000, 0x0000, 0x0000, 0x0000, 0x0000, 0x0000, 0x0000, 0x0000, 0x0000, 0x0000, 0x0000, 0x0000, 0x0000, 0x0000, 0x0000, 0x0000, 0x0000, 0x0000, 0x0000, 0x0000, 0xC5F7, 0xC5F7, 0x0000, 0xC5F7, 0x0000, 0x0000, 0x0000, 0x0000, 0xC5F7, 0xC5F7, 0x0000, 0x0000, 0xC5F7, 0xC5F7, 0xC5F7, 0xC5F7, 0x0000, 0x0000, 0x0000, 0x0000, 0x0000, 0x0000, 0x0000, 0x0000, 0x0000, 0x0000, 0x0000, 0x0000, 0x0000, 0x0000, 0x0000, 0x0000, 0x0000, 0x0000, 0x0000, 0x0000, 0x0000, 0xC5F7, 0xC5F7, 0xC5F7, 0xC5F7, 0xC5F7, 0xC5F7, 0xC5F7, 0xC5F7, 0x620E, 0xC5F7, 0xC5F7, 0xC5F7, 0xC5F7, 0xC5F7, 0xCDD4, 0xFD44, 0xFD44, 0xFD44, 0xED6A, 0xC5F7, 0xC5F7, 0xC5F7, 0xC5F7, 0xDDAF, 0xDD8D, 0xC5F7, 0xC5F7, 0xC5F7, 0xC5F7, 0xC5F7, 0xC5F7, 0xC5F7, 0xC5F7, 0xC5F7, 0x2945, 0x0000, 0x0000, 0x0000, 0x0000, 0x0000, 0x0000, 0x0000, 0x0000, 0x0000, 0x0000, 0x0000, 0x0000, 0x0000, 0x0000, 0x0000, 0xC5F7, 0xC5F7, 0xC5F7, 0xC5F7, 0x0000, 0x0000, 0x0000, 0x0000, 0x0000, 0x0000, 0xC5F7, 0x0000, 0x0000, 0x0000, 0x0000, 0x0000, 0x0000, 0xC5F7, 0xC5F7, 0x0000, 0x0000, 0xC5F7, 0xC5F7, 0xC5F7, 0xC5F7, 0x0000, 0x0000, 0xC5F7, 0xC5F7, 0x0000, 0x0000, 0x0000, 0x0000, 0x0000, 0x0000, 0x0000, 0x0000, 0x0000, 0x0000, 0x0000, 0x0000, 0x0000, 0x0000, 0x0000, 0x0000, 0x0000, 0xC5F7, 0xC5F7, 0xC5F7, 0xC5F7, 0xC5F7, 0xC5F7, 0xC5F7, 0xC5F7, 0x620E, 0xC5F7, 0xC5F7, 0xC5F7, 0xC5F7, 0xC5F7, 0xC5F7, 0xC5F7, 0xC5F7, 0xC5F7, 0xC5F7, 0xC5F7, 0xC5F7, 0xC5F7, 0xC5F7, 0xC5F7, 0xC5F7, 0xC5F7, 0xC5F7, 0xC5F7, 0xC5F7, 0xC5F7, 0xC5F7, 0x39C7, 0x0000, 0x0000, 0x0000, 0x0000, 0x0000, 0x0000, 0x0000, 0x0000, 0x0000, 0x0000, 0x0000, 0xC5F7, 0x0000, 0x0000, 0x0000, 0x0000, 0x0000, 0xC5F7, 0xC5F7, 0xC5F7, 0xC5F7, 0x0000, 0x0000, 0x0000, 0x0000, 0x0000, 0x0000, 0x0000, 0x0000, 0x0000, 0x0000, 0x0000, 0x0000, 0x0000, 0x0000, 0xC5F7, 0xC5F7, 0x0000, 0x0000, 0xC5F7, 0xC5F7, 0xC5F7, 0xC5F7, 0x0000, 0xC5F7, 0xC5F7, 0xC5F7, 0xC5F7, 0x0000, 0x0000, 0x0000, 0x0000, 0x0000, 0x0000, 0x0000, 0x0000, 0x0000, 0x0000, 0x0000, 0x0000, 0x0000, 0x0000, 0x0000, 0x0000, 0xC5F7, 0xC5F7, 0xC5F7, 0xC5F7, 0xC5F7, 0xC5F7, 0xC5F7, 0x620E, 0x620E, 0xC5F7, 0xC5F7, 0xC5F7, 0xC5F7, 0xC5F7, 0xC5F7, 0xC5F7, 0xC5F7, 0xC5F7, 0xC5F7, 0xC5F7, 0xC5F7, 0xC5F7, 0xC5F7, 0xC5F7, 0xC5F7, 0xC5F7, 0xC5F7, 0xC5F7, 0xC5F7, 0xC5F7, 0x5ACB, 0x0841, 0x0000, 0x0000, 0x0000, 0x0000, 0x0000, 0x0000, 0x0000, 0x0000, 0x0000, 0x0000, 0x9CD3, 0xC5F7, 0x9CD3, 0x0000, 0x0000, 0x9CD3, 0x9CD3, 0xC5F7, 0xC5F7, 0x2104, 0x2104, 0x0000, 0x0000, 0x0000, 0x0000, 0x0000, 0x0000, 0x0000, 0x0000, 0x0000, 0x0000, 0x0000, 0x0000, 0x0000, 0x0000, 0xC5F7, 0xC5F7, 0x0000, 0x0000, 0x2104, 0x2104, 0x2104, 0x2104, 0x0000, 0xC5F7, 0xC5F7, 0xC5F7, 0xC5F7, 0x0000, 0x0000, 0x0000, 0x0000, 0x0000, 0x0000, 0x0000, 0x0000, 0x0000, 0x0000, 0x0000, 0x0000, 0x0000, 0x0000, 0x0000, 0x0000, 0xC5F7, 0xC5F7, 0xC5F7, 0xC5F7, 0xC5F7, 0x72D0, 0x72D0, 0xB535, 0x620E, 0xC5F7, 0xC5F7, 0xC5F7, 0xC5F7, 0xC5F7, 0xC5F7, 0xC5F7, 0xC5F7, 0xC5F7, 0xC5F7, 0xC5F7, 0xC5F7, 0xC5F7, 0xC5F7, 0xC5F7, 0xC5F7, 0xC5F7, 0x9CD3, 0x7BAE, 0x7BAE, 0xA514, 0x738E, 0x10A2, 0x0000, 0x0000, 0x0000, 0x0000, 0x0000, 0x0000, 0x0000, 0x4208, 0x0000, 0x0000, 0x7BAE, 0xC5F7, 0x7BAE, 0x0000, 0x4A28, 0xC5F7, 0xC5F7, 0x7BAE, 0x7BAE, 0x0000, 0x0000, 0x0000, 0x0000, 0x0000, 0x4A28, 0x4A28, 0x4A28, 0x0000, 0x0000, 0x0000, 0x0000, 0x0000, 0x0000, 0x0000, 0x0000, 0x7BAE, 0xC5F7, 0x0000, 0x0000, 0x4A28, 0x4A28, 0x0000, 0x0000, 0x0000, 0x7BAE, 0xC5F7, 0xC5F7, 0xC5F7, 0x0000, 0x0000, 0x0000, 0x0000, 0x0000, 0x0000, 0x0000, 0x0000, 0x0000, 0x0000, 0x0000, 0x0000, 0x0000, 0x0000, 0x0000, 0x0000, 0xC5F7, 0xC5F7, 0xC5F7, 0x9C74, 0x9C74, 0x8391, 0x8391, 0xC5F7, 0x620E, 0xC5F7, 0xC5F7, 0xC5F7, 0xC5F7, 0xC5F7, 0xC5F7, 0xC5F7, 0xC5F7, 0xC5F7, 0xC5F7, 0xC5F7, 0xC5F7, 0xC5F7, 0xC5F7, 0xC5F7, 0xC5F7, 0xC5F7, 0x5ACB, 0x0000, 0x0000, 0x7BAE, 0xC5F7, 0x39C7, 0x0000, 0x0000, 0x0000, 0x0000, 0x0000, 0x0000, 0x0000, 0xB596, 0x0020, 0x0000, 0x0000, 0xC5F7, 0x0000, 0x0000, 0xC5F7, 0xC5F7, 0xC5F7, 0x0000, 0x0000, 0x0000, 0x0000, 0x0000, 0x0000, 0x0000, 0xC5F7, 0xC5F7, 0xC5F7, 0x0000, 0x0000, 0x0000, 0x0000, 0x0000, 0x0000, 0x0000, 0x0000, 0x0000, 0xC5F7, 0x0000, 0x0000, 0xC5F7, 0xC5F7, 0x0000, 0x0000, 0x0000, 0x0000, 0xC5F7, 0xC5F7, 0xC5F7, 0x0000, 0x0000, 0x0000, 0x0000, 0x0000, 0x0000, 0x0000, 0x0000, 0x0000, 0x0000, 0x0000, 0x0000, 0x0000, 0x0000, 0x0000, 0x0000, 0xC5F7, 0xC5F7, 0xC5F7, 0x620E, 0x620E, 0xC5F7, 0xC5F7, 0xC5F7, 0x620E, 0xC5F7, 0xC5F7, 0xC5F7, 0xC5F7, 0xC5F7, 0xC5F7, 0xC5F7, 0xC5F7, 0xC5F7, 0xC5F7, 0xC5F7, 0xC5F7, 0xC5F7, 0xC5F7, 0xC5F7, 0xC5F7, 0x62EB, 0x0000, 0x0000, 0x0000, 0x0000, 0x7BEF, 0xC5F7, 0xC5F7, 0xC5F7, 0xC5F7, 0x2104, 0x0000, 0x0000, 0xAD75, 0xC5F7, 0xC5F7, 0x0000, 0x0000, 0x0000, 0x0000, 0xC5F7, 0xC5F7, 0xC5F7, 0x0000, 0x0000, 0x0000, 0x0000, 0x0000, 0x0000, 0x0000, 0xC5F7, 0x0000, 0x0000, 0x0000, 0xC5F7, 0xC5F7, 0x0000, 0x0000, 0x0000, 0x0000, 0x0000, 0x0000, 0x0000, 0x0000, 0x0000, 0x0000, 0xC5F7, 0xC5F7, 0x0000, 0x0000, 0x0000, 0x0000, 0x0000, 0xC5F7, 0xC5F7, 0xC5F7, 0x0000, 0x0000, 0x0000, 0x0000, 0x0000, 0x0000, 0x0000, 0x0000, 0x0000, 0x0000, 0x0000, 0x0000, 0x0000, 0x0000, 0x0000, 0xC5F7, 0x620E, 0x620E, 0xC5F7, 0xC5F7, 0xC5F7, 0xC5F7, 0xC5F7, 0x620E, 0xC5F7, 0xC5F7, 0xC5F7, 0xC5F7, 0xC5F7, 0xC5F7, 0xC5F7, 0xC5F7, 0xC5F7, 0xC5F7, 0xC5F7, 0xC5F7, 0xC5F7, 0xC5F7, 0x6B4D, 0x0000, 0x0000, 0x0000, 0x0000, 0x0000, 0x0000, 0x0000, 0x0000, 0x0000, 0x9471, 0xC5F7, 0xC5F7, 0xC5F7, 0x18A2, 0x0000, 0xB596, 0x0020, 0x0000, 0xC5F7, 0xC5F7, 0xC5F7, 0xC5F7, 0xC5F7, 0x0000, 0x0000, 0x0000, 0x0000, 0x0000, 0x0000, 0x0000, 0x0000, 0x0000, 0x0000, 0x0000, 0x0000, 0x0000, 0xC5F7, 0xC5F7, 0x0000, 0x0000, 0x0000, 0x0000, 0xC5F7, 0xC5F7, 0x0000, 0x0000, 0x0000, 0xC5F7, 0xC5F7, 0x0000, 0x0000, 0x0000, 0x0000, 0x0000, 0x0000, 0xC5F7, 0xC5F7, 0x0000, 0x0000, 0x0000, 0x0000, 0x0000, 0x0000, 0x0000, 0x0000, 0x0000, 0x0000, 0x0000, 0x0000, 0x0000, 0x0000, 0x0000, 0xC5F7, 0xC5F7, 0xC5F7, 0xC5F7, 0xC5F7, 0xC5F7, 0xC5F7, 0xC5F7, 0xC5F7, 0xC5F7, 0xC5F7, 0xC5F7, 0xC5F7, 0xC5F7, 0xC5F7, 0xC5F7, 0xC5F7, 0xC5F7, 0xC5F7, 0xC5F7, 0xC5F7, 0xC5F7, 0x738E, 0x0000, 0x0000, 0x0000, 0x0000, 0x6B4D, 0xC5F7, 0x4A28, 0x0000, 0x0000, 0x0000, 0x0000, 0x0000, 0x0000, 0xA514, 0xC5F7, 0x1082, 0x0000, 0xBDD7, 0xC5F7, 0xC5F7, 0xC5F7, 0xC5F7, 0x0000, 0x0000, 0x0000, 0x0000, 0x0000, 0x0000, 0x0000, 0x0000, 0x0000, 0x0000, 0x0000, 0x0000, 0x0000, 0x0000, 0x0000, 0x0000, 0xC5F7, 0x0000, 0x0000, 0x0000, 0xC5F7, 0xC5F7, 0xC5F7, 0xC5F7, 0x0000, 0x0000, 0xC5F7, 0xC5F7, 0xC5F7, 0x0000, 0x0000, 0x0000, 0xC5F7, 0x0000, 0x0000, 0xC5F7, 0x0000, 0x0000, 0x0000, 0x0000, 0x0000, 0x0000, 0x0000, 0x0000, 0x0000, 0x0000, 0x0000, 0x0000, 0x0000, 0x0000, 0xC5F7, 0xC5F7, 0xC5F7, 0xC5F7, 0xC5F7, 0xC5F7, 0xC5F7, 0x620E, 0xC5F7, 0x620E, 0xC5F7, 0xC5F7, 0xC5F7, 0xC5F7, 0xC5F7, 0xC5F7, 0xC5F7, 0xC5F7, 0xC5F7, 0xC5F7, 0xC5F7, 0xC5F7, 0x7BAE, 0x0000, 0x0000, 0x0000, 0x0000, 0x632C, 0xC5F7, 0x4A69, 0x0000, 0x0000, 0x0000, 0x0000, 0x0000, 0x94B2, 0xC5F7, 0xC5F7, 0xC5F7, 0xC5F7, 0xC5F7, 0xC5F7, 0xC5F7, 0xC5F7, 0xC5F7, 0x0000, 0x0000, 0x0000, 0x0000, 0x0000, 0x0000, 0x0000, 0x0000, 0x0000, 0x0000, 0x0000, 0x0000, 0x0000, 0x0000, 0x0000, 0x0000, 0x0000, 0x0000, 0x0000, 0x0000, 0x0000, 0xC5F7, 0x0000, 0x0000, 0xC5F7, 0x0000, 0x0000, 0x0000, 0xC5F7, 0xC5F7, 0x0000, 0x0000, 0x0000, 0xC5F7, 0xC5F7, 0x0000, 0x0000, 0x0000, 0x0000, 0x0000, 0x0000, 0x0000, 0x0000, 0x0000, 0x0000, 0x0000, 0x0000, 0x0000, 0x0000, 0x0000, 0x0000, 0xC5F7, 0xC5F7, 0xC5F7, 0x620E, 0xC5F7, 0xC5F7, 0x620E, 0x620E, 0xC5F7, 0xC5F7, 0xC5F7, 0xC5F7, 0xC5F7, 0xC5F7, 0xC5F7, 0xC5F7, 0xC5F7, 0xC5F7, 0xC5F7, 0xC5F7, 0xC5F7, 0x8C71, 0x18E3, 0x0000, 0x0000, 0x0000, 0x0000, 0x18C3, 0x3165, 0x1082, 0x0000, 0x0000, 0x0000, 0x6B2C, 0x9471, 0xB596, 0xC5F7, 0xC5F7, 0xC5F7, 0xC5F7, 0xC5F7, 0xC5F7, 0xC5F7, 0xC5F7, 0x3165, 0x0000, 0x0000, 0x0000, 0x0000, 0x0000, 0x0000, 0x0000, 0x0000, 0x0000, 0x0000, 0x0000, 0x0000, 0x0000, 0x0000, 0x0000, 0x0000, 0x0000, 0x0000, 0x0000, 0x0000, 0x0000, 0xC5F7, 0x0000, 0x0000, 0xC5F7, 0x9471, 0x0000, 0x0000, 0x3165, 0x3165, 0x0000, 0x0000, 0x9471, 0xC5F7, 0xC5F7, 0x9471, 0x0000, 0x0000, 0x0000, 0x0000, 0x0000, 0x0000, 0x0000, 0x0000, 0x0000, 0x0000, 0x0000, 0x0000, 0x0000, 0x0000, 0x9471, 0xC5F7, 0xC5F7, 0xC5F7, 0x1883, 0x3165, 0x3165, 0x620E, 0x620E, 0xC5F7, 0xC5F7, 0xC5F7, 0xC5F7, 0xC5F7, 0xC5F7, 0xC5F7, 0xC5F7, 0xC5F7, 0xC5F7, 0xC5F7, 0xC5F7, 0xC5F7, 0x9492, 0x2124, 0x0000, 0x0000, 0x0000, 0x0000, 0x20E3, 0x39C7, 0x39C7, 0x39C7, 0x39C7, 0x39C7, 0x9CD3, 0xC5F7, 0xC5F7, 0xC5F7, 0xC5F7, 0xC5F7, 0xC5F7, 0xC5F7, 0xC5F7, 0xC5F7, 0x8410, 0x0000, 0x0000, 0x0000, 0x0000, 0x0000, 0x0000, 0x0000, 0x0000, 0x0000, 0x0000, 0x0000, 0x0000, 0x0000, 0x0000, 0x0000, 0x0000, 0x0000, 0x0000, 0x0000, 0x0000, 0x0000, 0x0000, 0xC5F7, 0x0000, 0x0000, 0x8410, 0xC5F7, 0x0000, 0x0000, 0x0000, 0x0000, 0x0000, 0x0000, 0xC5F7, 0xC5F7, 0xC5F7, 0xC5F7, 0x0000, 0x0000, 0x0000, 0x0000, 0x0000, 0x0000, 0x0000, 0x0000, 0x0000, 0x0000, 0x0000, 0x0000, 0x0000, 0x0000, 0xC5F7, 0xC5F7, 0xC5F7, 0x8410, 0x0000, 0x0000, 0x0000, 0x4169, 0x8351, 0xC5F7, 0xC5F7, 0xC5F7, 0xC5F7, 0xC5F7, 0xC5F7, 0xC5F7, 0xC5F7, 0xC5F7, 0xC5F7, 0xC5F7, 0xC5F7, 0xC5F7, 0xC5F7, 0x7BAE, 0x0000, 0x0000, 0x0000, 0x0000, 0x632C, 0xC5F7, 0xC5F7, 0xC5F7, 0xC5F7, 0xC5F7, 0xC5F7, 0xC5F7, 0xC5F7, 0xC5F7, 0xC5F7, 0xC5F7, 0xC5F7, 0xC5F7, 0xC5F7, 0xC5F7, 0x0000, 0x0000, 0x0000, 0x0000, 0x0000, 0x0000, 0x0000, 0x0000, 0x0000, 0x0000, 0x0000, 0x0000, 0x0000, 0x0000, 0x0000, 0x0000, 0x0000, 0x0000, 0x0000, 0x0000, 0x0000, 0x0000, 0x0000, 0xC5F7, 0x0000, 0x0000, 0x0000, 0xC5F7, 0x0000, 0x0000, 0x0000, 0x0000, 0x0000, 0x0000, 0xC5F7, 0xC5F7, 0xC5F7, 0xC5F7, 0x0000, 0x0000, 0x0000, 0x0000, 0x0000, 0x0000, 0x0000, 0x0000, 0x0000, 0x0000, 0x0000, 0x0000, 0x0000, 0x0000, 0xC5F7, 0xC5F7, 0xC5F7, 0x0000, 0x0000, 0x0000, 0x0000, 0x0000, 0xC5F7, 0xC5F7, 0xC5F7, 0xC5F7, 0xC5F7, 0xC5F7, 0xC5F7, 0xC5F7, 0xC5F7, 0xC5F7, 0xC5F7, 0xC5F7, 0xC5F7, 0xC5F7, 0xC5F7, 0xC5F7, 0xC5F7, 0xC5F7, 0xC5F7, 0xC5F7, 0xC5F7, 0xC5F7, 0xC5F7, 0xC5F7, 0xC5F7, 0xC5F7, 0xC5F7, 0xC5F7, 0xC5F7, 0xC5F7, 0xC5F7, 0xC5F7, 0xC5F7, 0xC5F7, 0xC5F7, 0x0000, 0x0000, 0x0000, 0x0000, 0x0000, 0x0000, 0x0000, 0x0000, 0x0000, 0x0000, 0x0000, 0x0000, 0x0000, 0x0000, 0x0000, 0x0000, 0x0000, 0xC5F7, 0x0000, 0x0000, 0x0000, 0x0000, 0x0000, 0x0000, 0xC5F7, 0x0000, 0x0000, 0x0000, 0xC5F7, 0x0000, 0x0000, 0x0000, 0x0000, 0x0000, 0x0000, 0x0000, 0xC5F7, 0xC5F7, 0x0000, 0x0000, 0x0000, 0x0000, 0x0000, 0x0000, 0x0000, 0x0000, 0x0000, 0x0000, 0x0000, 0x0000, 0x0000, 0x0000, 0xC5F7, 0xC5F7, 0xC5F7, 0x0000, 0x0000, 0x0000, 0x0000, 0x0000, 0x0000, 0x0000, 0xC5F7, 0xC5F7, 0xC5F7, 0xC5F7, 0xC5F7, 0xC5F7, 0xC5F7, 0xC5F7, 0xC5F7, 0xC5F7, 0xC5F7, 0xC5F7, 0x8410, 0x0000, 0x0000, 0x0000, 0x0000, 0x5ACB, 0xC5F7, 0xC5F7, 0xC5F7, 0xC5F7, 0xC5F7, 0xC5F7, 0xC5F7, 0xC5F7, 0xC5F7, 0xC5F7, 0xC5F7, 0xC5F7, 0xC5F7, 0xC5F7, 0xC5F7, 0xC5F7, 0x0000, 0x0000, 0x0000, 0x0000, 0x0000, 0x0000, 0x0000, 0x0000, 0x0000, 0x0000, 0x0000, 0x0000, 0x0000, 0x0000, 0x0000, 0x0000, 0xC5F7, 0x0000, 0x0000, 0x0000, 0x0000, 0x0000, 0x0000, 0x0000, 0xC5F7, 0xC5F7, 0x0000, 0x0000, 0xC5F7, 0x0000, 0x0000, 0x0000, 0x0000, 0x0000, 0x0000, 0x0000, 0x0000, 0x0000, 0x0000, 0x0000, 0x0000, 0x0000, 0x0000, 0x0000, 0x0000, 0x0000, 0x0000, 0x0000, 0x0000, 0x0000, 0x0000, 0xC5F7, 0xC5F7, 0xC5F7, 0x0000, 0x0000, 0x0000, 0x0000, 0x0000, 0x0000, 0x0000, 0x0000, 0xC5F7, 0xC5F7, 0xC5F7, 0xC5F7, 0xC5F7, 0xC5F7, 0xC5F7, 0xC5F7, 0xC5F7, 0xC5F7, 0xC5F7, 0x8C51, 0x0000, 0x0000, 0x4A28, 0xC5F7, 0x6B4D, 0x5ACB, 0xC5F7, 0xC5F7, 0xC5F7, 0xC5F7, 0xC5F7, 0xC5F7, 0xC5F7, 0xC5F7, 0xC5F7, 0xC5F7, 0xC5F7, 0xC5F7, 0xC5F7, 0xC5F7, 0xC5F7, 0xC5F7, 0xC5F7, 0x0000, 0x0000, 0x0000, 0x0000, 0x0000, 0x0000, 0x0000, 0xC5F7, 0xC5F7, 0xC5F7, 0xC5F7, 0x0000, 0x0000, 0xC5F7, 0xC5F7, 0x0000, 0x0000, 0x0000, 0x0000, 0xC5F7, 0xC5F7, 0x0000, 0x0000, 0x0000, 0xC5F7, 0x0000, 0x0000, 0xC5F7, 0x0000, 0x0000, 0x0000, 0x0000, 0x0000, 0x0000, 0x0000, 0x0000, 0x0000, 0x0000, 0x0000, 0xC5F7, 0xC5F7, 0xC5F7, 0xC5F7, 0xC5F7, 0x0000, 0x0000, 0x0000, 0x0000, 0xC5F7, 0xC5F7, 0xC5F7, 0xC5F7, 0x0000, 0x0000, 0x0000, 0x0000, 0x0000, 0x0000, 0x0000, 0x0000, 0x0000, 0x0000, 0xC5F7, 0xC5F7, 0xC5F7, 0xC5F7, 0xC5F7, 0xC5F7, 0xC5F7, 0xC5F7, 0xC5F7, 0xC5F7, 0x8C51, 0x0000, 0x0000, 0x4A28, 0xC5F7, 0x6B4D, 0x5ACB, 0xC5F7, 0xC5F7, 0xC5F7, 0xC5F7, 0xC5F7, 0xC5F7, 0xC5F7, 0xC5F7, 0xC5F7, 0xC5F7, 0xC5F7, 0xC5F7, 0xC5F7, 0xC5F7, 0x0861, 0x0000, 0xC5F7, 0xC5F7, 0xC5F7, 0x0000, 0x0000, 0x0000, 0xC5F7, 0xC5F7, 0xC5F7, 0xC5F7, 0xC5F7, 0xC5F7, 0xC5F7, 0xC5F7, 0xC5F7, 0x0000, 0x0000, 0x0000, 0x0000, 0xC5F7, 0xC5F7, 0x0000, 0x0000, 0x0000, 0x0000, 0xC5F7, 0x0000, 0x0000, 0xC5F7, 0x0000, 0x0000, 0x0000, 0x0000, 0x0000, 0x0000, 0x0000, 0x0000, 0x0000, 0x0000, 0x0000, 0xC5F7, 0xC5F7, 0xC5F7, 0xC5F7, 0xC5F7, 0xC5F7, 0xC5F7, 0xC5F7, 0xC5F7, 0xC5F7, 0xC5F7, 0xC5F7, 0x0000, 0x0000, 0x0000, 0x0000, 0x0000, 0x0000, 0x0000, 0x0000, 0x0000, 0x0000, 0x0000, 0xC5F7, 0xC5F7, 0xC5F7, 0xC5F7, 0xC5F7, 0xC5F7, 0xC5F7, 0xC5F7, 0xC5F7, 0xA4F3, 0x2945, 0x0000, 0x0000, 0x4A28, 0x8C51, 0x5ACB, 0xA4F3, 0xC5F7, 0xC5F7, 0xC5F7, 0xC5F7, 0xC5F7, 0xC5F7, 0xC5F7, 0xC5F7, 0xC5F7, 0xC5F7, 0xC5F7, 0xC5F7, 0xC5F7, 0x4A28, 0x0020, 0x0000, 0x39C7, 0x39C7, 0xC5F7, 0x8410, 0x8410, 0x8410, 0xC5F7, 0xC5F7, 0xC5F7, 0xC5F7, 0xC5F7, 0xC5F7, 0xC5F7, 0xC5F7, 0xC5F7, 0x0000, 0x0000, 0x0000, 0x8410, 0x39C7, 0x39C7, 0x0000, 0x0000, 0x0000, 0x0000, 0xC5F7, 0x8410, 0x8410, 0xC5F7, 0x0000, 0x0000, 0x0000, 0x0000, 0x0000, 0x0000, 0x0000, 0x0000, 0x0000, 0x0000, 0x0000, 0x39C7, 0x39C7, 0xC5F7, 0xC5F7, 0xC5F7, 0xC5F7, 0xC5F7, 0xC5F7, 0xC5F7, 0xC5F7, 0xC5F7, 0x39C7, 0x0000, 0x0000, 0x0000, 0x0000, 0x0000, 0x8410, 0x0000, 0x0000, 0x0000, 0x0000, 0x0000, 0xC5F7, 0xC5F7, 0xC5F7, 0xC5F7, 0xC5F7, 0xC5F7, 0xC5F7, 0xC5F7, 0xB596, 0x6B4D, 0x0000, 0x0000, 0x0000, 0x31A6, 0x52AA, 0x528A, 0xC5F7, 0xC5F7, 0xC5F7, 0xC5F7, 0xC5F7, 0xC5F7, 0xC5F7, 0xC5F7, 0xC5F7, 0xC5F7, 0xC5F7, 0xC5F7, 0xC5F7, 0xC5F7, 0x1082, 0x0000, 0x0000, 0x3165, 0x0000, 0x9471, 0x9471, 0x9471, 0xC5F7, 0xC5F7, 0xC5F7, 0xC5F7, 0xC5F7, 0xC5F7, 0xC5F7, 0xC5F7, 0xC5F7, 0x9471, 0x0000, 0x0000, 0x3165, 0x9471, 0x0000, 0x0000, 0x0000, 0x0000, 0x0000, 0x0000, 0x9471, 0xC5F7, 0xC5F7, 0xC5F7, 0x0000, 0x0000, 0x0000, 0x0000, 0x0000, 0x0000, 0x0000, 0x0000, 0x0000, 0x0000, 0x0000, 0x0000, 0x0000, 0x9471, 0x9471, 0xC5F7, 0xC5F7, 0xC5F7, 0xC5F7, 0xC5F7, 0x9471, 0x9471, 0x0000, 0x0000, 0x0000, 0x0000, 0x0000, 0x3165, 0xC5F7, 0x3165, 0x0000, 0x0000, 0x0000, 0x0000, 0xC5F7, 0xC5F7, 0xC5F7, 0xC5F7, 0xC5F7, 0xC5F7, 0xC5F7, 0xC5F7, 0x94B2, 0x0000, 0x0000, 0x0000, 0x0000, 0x0000, 0x0000, 0x528A, 0xC5F7, 0xC5F7, 0xC5F7, 0xC5F7, 0xC5F7, 0xC5F7, 0xC5F7, 0xC5F7, 0xC5F7, 0xC5F7, 0xC5F7, 0xC5F7, 0xC5F7, 0xC5F7, 0x1082, 0x0000, 0x0000, 0xC5F7, 0x0000, 0x0000, 0x0000, 0x0000, 0xC5F7, 0xC5F7, 0xC5F7, 0xC5F7, 0xC5F7, 0xC5F7, 0xC5F7, 0xC5F7, 0xC5F7, 0x0000, 0x0000, 0x0000, 0xC5F7, 0x0000, 0x0000, 0x0000, 0x0000, 0x0000, 0x0000, 0x0000, 0x0000, 0xC5F7, 0xC5F7, 0xC5F7, 0x0000, 0x0000, 0x0000, 0x0000, 0x0000, 0x0000, 0x0000, 0x0000, 0x0000, 0x0000, 0x0000, 0x0000, 0x0000, 0x0000, 0x0000, 0xC5F7, 0xC5F7, 0xC5F7, 0xC5F7, 0xC5F7, 0x0000, 0x0000, 0x0000, 0x0000, 0x0000, 0x0000, 0x0000, 0xC5F7, 0xC5F7, 0xC5F7, 0x0000, 0x0000, 0x0000, 0x0000, 0xC5F7, 0x0000, 0xC5F7, 0xC5F7, 0xC5F7, 0xC5F7, 0xC5F7, 0xC5F7, 0x94B2, 0x0000, 0x0000, 0x0000, 0x4208, 0xC5F7, 0xC5F7, 0xC5F7, 0xC5F7, 0xC5F7, 0xC5F7, 0xC5F7, 0xC5F7, 0xC5F7, 0xC5F7, 0xC5F7, 0xC5F7, 0xC5F7, 0xC5F7, 0xC5F7, 0xC5F7, 0x18A2, 0x0000, 0x0000, 0xBDD7, 0xC5F7, 0xC5F7, 0x0000, 0x0000, 0xC5F7, 0xC5F7, 0xC5F7, 0xC5F7, 0xC5F7, 0xC5F7, 0xC5F7, 0xC5F7, 0xC5F7, 0xC5F7, 0x0000, 0x0000, 0x0000, 0xC5F7, 0x0000, 0x0000, 0x0000, 0x0000, 0x0000, 0x0000, 0x0000, 0x0000, 0x0000, 0xC5F7, 0x0000, 0x0000, 0x0000, 0xC5F7, 0xC5F7, 0xC5F7, 0x0000, 0x0000, 0x0000, 0x0000, 0x0000, 0x0000, 0x0000, 0x0000, 0x0000, 0x0000, 0x0000, 0x0000, 0x0000, 0x0000, 0x0000, 0x0000, 0x0000, 0x0000, 0x0000, 0x0000, 0x0000, 0x0000, 0x0000, 0xC5F7, 0x0000, 0x0000, 0x0000, 0x0000, 0x0000, 0x0000, 0x0000, 0xC5F7, 0xC5F7, 0xC5F7, 0xC5F7, 0xC5F7, 0xC5F7, 0x94B2, 0x0000, 0x31A6, 0xC5F7, 0xC5F7, 0xC5F7, 0xC5F7, 0xC5F7, 0xC5F7, 0xC5F7, 0xC5F7, 0xC5F7, 0xC5F7, 0xC5F7, 0xC5F7, 0xC5F7, 0xC5F7, 0xC5F7, 0xC5F7, 0xC5F7, 0x18E3, 0x0000, 0x0000, 0x0000, 0xBDD7, 0x0000, 0x0000, 0xC5F7, 0xC5F7, 0xC5F7, 0xC5F7, 0xC5F7, 0xC5F7, 0xC5F7, 0xC5F7, 0xC5F7, 0xC5F7, 0xC5F7, 0xC5F7, 0x0000, 0x0000, 0x0000, 0x0000, 0x0000, 0x0000, 0x0000, 0x0000, 0x0000, 0x0000, 0x0000, 0x0000, 0x0000, 0x0000, 0x0000, 0x0000, 0x0000, 0x0000, 0x0000, 0xC5F7, 0xC5F7, 0x0000, 0x0000, 0x0000, 0x0000, 0x0000, 0x0000, 0x0000, 0x0000, 0x0000, 0x0000, 0x0000, 0x0000, 0x0000, 0x0000, 0x0000, 0x0000, 0x0000, 0x0000, 0x0000, 0xC5F7, 0x0000, 0x0000, 0x0000, 0x0000, 0xC5F7, 0x0000, 0x0000, 0x0000, 0x0000, 0x0000, 0xC5F7, 0xC5F7, 0xC5F7, 0xC5F7, 0xC5F7, 0xC5F7, 0x94B2, 0x3165, 0xC5F7, 0x8410, 0x4208, 0xC5F7, 0xC5F7, 0xC5F7, 0xC5F7, 0xC5F7, 0xC5F7, 0xC5F7, 0xC5F7, 0xC5F7, 0xC5F7, 0xC5F7, 0xC5F7, 0xC5F7, 0xC5F7, 0xC5F7, 0x18E3, 0x0000, 0x0000, 0x0000, 0x0000, 0xC5F7, 0xC5F7, 0xC5F7, 0xC5F7, 0xC5F7, 0xC5F7, 0xC5F7, 0xC5F7, 0xC5F7, 0xC5F7, 0xC5F7, 0xC5F7, 0xC5F7, 0x0000, 0x0000, 0x0000, 0x0000, 0x0000, 0x0000, 0x0000, 0x0000, 0x0000, 0x0000, 0x0000, 0x0000, 0x0000, 0x0000, 0x0000, 0x0000, 0x0000, 0x0000, 0x0000, 0x0000, 0x0000, 0xC5F7, 0xC5F7, 0x0000, 0x0000, 0x0000, 0x0000, 0x0000, 0x0000, 0x0000, 0x0000, 0x0000, 0x0000, 0x0000, 0x0000, 0x0000, 0x0000, 0x0000, 0x0000, 0x0000, 0xC5F7, 0xC5F7, 0x0000, 0x0000, 0x0000, 0xC5F7, 0xC5F7, 0x0000, 0x0000, 0x0000, 0x0000, 0x0000, 0xC5F7, 0xC5F7, 0xC5F7, 0xC5F7, 0xC5F7, 0xC5F7, 0xC5F7, 0x9471, 0x0000, 0x0000, 0x4208, 0xC5F7, 0xC5F7, 0xC5F7, 0xC5F7, 0xC5F7, 0xC5F7, 0xC5F7, 0xC5F7, 0xC5F7, 0xC5F7, 0xC5F7, 0xC5F7, 0xC5F7, 0xC5F7, 0x2104, 0x0000, 0x0000, 0x0000, 0xB596, 0xC5F7, 0xC5F7, 0xC5F7, 0xC5F7, 0xC5F7, 0xC5F7, 0xC5F7, 0xC5F7, 0xC5F7, 0xC5F7, 0xC5F7, 0xC5F7, 0xC5F7, 0xC5F7, 0x0000, 0x0000, 0x0000, 0x0000, 0x0000, 0x0000, 0x0000, 0x0000, 0x0000, 0x0000, 0x0000, 0x0000, 0x0000, 0x0000, 0x0000, 0x0000, 0x0000, 0x0000, 0x0000, 0x0000, 0x0000, 0x0000, 0xC5F7, 0x0000, 0x0000, 0x0000, 0x0000, 0x0000, 0x0000, 0x0000, 0x0000, 0x0000, 0x0000, 0x0000, 0x0000, 0x0000, 0x0000, 0x0000, 0x0000, 0x0000, 0xC5F7, 0xC5F7, 0x0000, 0xC5F7, 0xC5F7, 0xC5F7, 0x620E, 0x620E, 0x0000, 0x0000, 0x0000, 0x7BAE, 0xC5F7, 0xC5F7, 0xC5F7, 0xC5F7, 0xC5F7, 0xAD34, 0x4A28, 0x31A6, 0x2104, 0x528A, 0x4208, 0xC5F7, 0xC5F7, 0xC5F7, 0xC5F7, 0xC5F7, 0xC5F7, 0xC5F7, 0xC5F7, 0xC5F7, 0xC5F7, 0xC5F7, 0xC5F7, 0xC5F7, 0xC5F7, 0x2104, 0x0000, 0x6B2C, 0x7BAE, 0xBDD7, 0xC5F7, 0xC5F7, 0xC5F7, 0xC5F7, 0xC5F7, 0xC5F7, 0xC5F7, 0xC5F7, 0xC5F7, 0xC5F7, 0xC5F7, 0xC5F7, 0xC5F7, 0x4A28, 0x0000, 0x0000, 0x0000, 0x0000, 0x0000, 0x0000, 0x0000, 0x0000, 0x0000, 0x0000, 0x0000, 0x0000, 0x0000, 0x0000, 0x0000, 0x0000, 0x0000, 0x0000, 0x0000, 0x0000, 0x0000, 0x0000, 0x4A28, 0x7BAE, 0x0000, 0x0000, 0x0000, 0x0000, 0x0000, 0x0000, 0x0000, 0x0000, 0x7BAE, 0x7BAE, 0x0000, 0x0000, 0x0000, 0x0000, 0x0000, 0x0000, 0xC5F7, 0x4A28, 0x0000, 0xC5F7, 0x8391, 0x8391, 0x9C74, 0x9C74, 0x0000, 0x0000, 0x0000, 0xC5F7, 0xC5F7, 0xC5F7, 0xC5F7, 0xC5F7, 0xBDD7, 0x83EF, 0x0000, 0x0841, 0x5269, 0x8410, 0x4208, 0xC5F7, 0xC5F7, 0xC5F7, 0xC5F7, 0xC5F7, 0xC5F7, 0xC5F7, 0xC5F7, 0xC5F7, 0xC5F7, 0xC5F7, 0xC5F7, 0xC5F7, 0xC5F7, 0x4208, 0x2104, 0xAD55, 0xA4F3, 0x9CD3, 0xC5F7, 0xC5F7, 0xC5F7, 0xC5F7, 0xC5F7, 0xC5F7, 0xC5F7, 0xC5F7, 0xC5F7, 0xC5F7, 0xC5F7, 0xC5F7, 0xC5F7, 0x0000, 0x0000, 0x0000, 0x0000, 0x0000, 0x0000, 0x0000, 0x0000, 0x0000, 0x0000, 0x0000, 0x0000, 0x2104, 0x2104, 0x0000, 0x0000, 0x0000, 0x0000, 0x0000, 0x0000, 0x0000, 0x0000, 0x0000, 0x0000, 0xC5F7, 0x0000, 0x0000, 0x0000, 0x0000, 0x0000, 0x0000, 0x0000, 0x0000, 0x9CD3, 0xC5F7, 0x0000, 0x0000, 0x0000, 0x2104, 0x2104, 0x0000, 0x9CD3, 0x0000, 0x2104, 0xC5F7, 0x72D0, 0x72D0, 0xC5F7, 0xC5F7, 0x2104, 0x0000, 0x0000, 0xC5F7, 0xC5F7, 0xC5F7, 0xC5F7, 0xC5F7, 0xA514, 0x0000, 0x0000, 0x3165, 0xC5F7, 0x8410, 0x4208, 0xC5F7, 0xC5F7, 0xC5F7, 0xC5F7, 0xC5F7, 0xC5F7, 0xC5F7, 0xC5F7, 0xC5F7, 0xC5F7, 0xC5F7, 0xC5F7, 0xC5F7, 0xC5F7, 0xC5F7, 0xC5F7, 0xC5F7, 0x1082, 0x0000, 0xBDB6, 0xC5F7, 0xC5F7, 0xC5F7, 0xC5F7, 0xC5F7, 0xC5F7, 0xC5F7, 0xC5F7, 0xC5F7, 0xC5F7, 0xC5F7, 0xC5F7, 0x0000, 0x0000, 0x0000, 0x0000, 0x0000, 0x0000, 0x0000, 0x0000, 0x0000, 0x0000, 0x0000, 0x0000, 0xC5F7, 0xC5F7, 0x0000, 0x0000, 0x0000, 0x0000, 0x0000, 0x0000, 0x0000, 0x0000, 0x0000, 0x0000, 0xC5F7, 0x0000, 0x0000, 0x0000, 0x0000, 0x0000, 0x0000, 0x0000, 0x0000, 0x0000, 0xC5F7, 0x0000, 0x0000, 0x0000, 0xC5F7, 0xC5F7, 0x0000, 0x0000, 0x0000, 0xC5F7, 0xC5F7, 0xC5F7, 0xC5F7, 0xC5F7, 0xC5F7, 0xC5F7, 0x0000, 0x0000, 0xC5F7, 0xC5F7, 0xC5F7, 0xC5F7, 0xC5F7, 0xA4F3, 0x0000, 0x0000, 0x3165, 0xC5F7, 0x8410, 0x4208, 0xC5F7, 0xC5F7, 0xC5F7, 0xC5F7, 0xC5F7, 0xC5F7, 0xC5F7, 0xC5F7, 0xC5F7, 0xC5F7, 0xC5F7, 0xC5F7, 0xC5F7, 0xC5F7, 0xC5F7, 0x18E3, 0x0000, 0x0000, 0x0000, 0xBDB6, 0xC5F7, 0xC5F7, 0xC5F7, 0xC5F7, 0xC5F7, 0xC5F7, 0xC5F7, 0xC5F7, 0xC5F7, 0xC5F7, 0xC5F7, 0x0000, 0x0000, 0x0000, 0x0000, 0x0000, 0x0000, 0x0000, 0x0000, 0x0000, 0x0000, 0x0000, 0x0000, 0xC5F7, 0xC5F7, 0xC5F7, 0xC5F7, 0x0000, 0x0000, 0x0000, 0x0000, 0x0000, 0x0000, 0x0000, 0x0000, 0x0000, 0xC5F7, 0x0000, 0x0000, 0x0000, 0x0000, 0x0000, 0x0000, 0x0000, 0x0000, 0x0000, 0xC5F7, 0xC5F7, 0x0000, 0xC5F7, 0xC5F7, 0xC5F7, 0x0000, 0x0000, 0xC5F7, 0xC5F7, 0xC5F7, 0x620E, 0xC5F7, 0xC5F7, 0xC5F7, 0xC5F7, 0xC5F7, 0x0000, 0xC5F7, 0xC5F7, 0xC5F7, 0xC5F7, 0xAD34, 0x0000, 0x0000, 0x0000, 0x0000, 0x0000, 0x39C7, 0xC5F7, 0xC5F7, 0xC5F7, 0xC5F7, 0xC5F7, 0xC5F7, 0xC5F7, 0xC5F7, 0xC5F7, 0xE58B, 0xFD44, 0xFD44, 0xD5B2, 0xC5F7, 0x2945, 0x0000, 0x0000, 0x0000, 0x0000, 0xB596, 0xC5F7, 0xC5F7, 0xC5F7, 0xC5F7, 0xC5F7, 0xC5F7, 0xC5F7, 0xC5F7, 0xC5F7, 0xC5F7, 0xC5F7, 0xC5F7, 0x0000, 0x0000, 0x0000, 0x0000, 0x0000, 0x0000, 0x0000, 0x0000, 0x0000, 0xC5F7, 0xC5F7, 0xC5F7, 0xC5F7, 0xC5F7, 0xC5F7, 0xC5F7, 0xC5F7, 0xC5F7, 0x0000, 0x0000, 0x0000, 0x0000, 0x0000, 0x0000, 0x0000, 0x0000, 0x0000, 0x0000, 0x0000, 0x0000, 0x0000, 0x0000, 0x0000, 0x0000, 0x0000, 0x0000, 0xC5F7, 0x0000, 0x0000, 0xC5F7, 0x0000, 0xC5F7, 0xC5F7, 0xC5F7, 0xC5F7, 0xC5F7, 0x620E, 0x620E, 0x620E, 0x620E, 0x620E, 0x620E, 0xC5F7, 0xC5F7, 0xC5F7, 0xC5F7, 0xC5F7, 0xAD34, 0x0000, 0x0000, 0x0000, 0x0000, 0x31A6, 0xC5F7, 0xC5F7, 0xC5F7, 0xDDAF, 0xE58D, 0xC5F7, 0xC5F7, 0xC5F7, 0xE58D, 0xFD44, 0xFD44, 0xFD44, 0xFD44, 0xFD44, 0xCDD2, 0x2945, 0x0000, 0x0000, 0xAD34, 0x1082, 0xB596, 0xC5F7, 0xC5F7, 0xC5F7, 0xC5F7, 0xC5F7, 0xC5F7, 0xC5F7, 0xC5F7, 0xC5F7, 0xC5F7, 0xC5F7, 0xC5F7, 0x0000, 0x0000, 0x0000, 0x0000, 0x0000, 0x0000, 0xC5F7, 0xC5F7, 0xC5F7, 0xC5F7, 0xC5F7, 0xC5F7, 0xC5F7, 0xC5F7, 0xC5F7, 0xC5F7, 0xC5F7, 0xC5F7, 0x0000, 0x0000, 0x0000, 0x0000, 0x0000, 0x0000, 0x0000, 0x0000, 0x0000, 0x0000, 0x0000, 0x0000, 0x0000, 0x0000, 0x0000, 0x0000, 0x0000, 0x0000, 0xC5F7, 0xC5F7, 0x0000, 0x0000, 0x0000, 0xC5F7, 0xC5F7, 0xC5F7, 0xC5F7, 0xC5F7, 0x0000, 0x0000, 0x0000, 0x620E, 0x620E, 0x620E, 0xC5F7, 0xC5F7, 0xC5F7, 0xC5F7, 0xC5F7, 0xAD34, 0x0000, 0x0000, 0x2945, 0xC5F7, 0xC5F7, 0xC5F7, 0xC5F7, 0xC5F7, 0xC5F7, 0xDDAF, 0xFD44, 0xFD44, 0xFD44, 0xFD44, 0xFD44, 0xD5B0, 0xC5F7, 0xC5F7, 0xC5F7, 0xED69, 0x3121, 0x0000, 0x0000, 0xAD34, 0x1082, 0xB596, 0xC5F7, 0xC5F7, 0xC5F7, 0xC5F7, 0xC5F7, 0xC5F7, 0xC5F7, 0xC5F7, 0xC5F7, 0xC5F7, 0xC5F7, 0xC5F7, 0xC5F7, 0xC5F7, 0xC5F7, 0xC5F7, 0xC5F7, 0xC5F7, 0xC5F7, 0xC5F7, 0xC5F7, 0xC5F7, 0xC5F7, 0xC5F7, 0xC5F7, 0xC5F7, 0xC5F7, 0xC5F7, 0xC5F7, 0xC5F7, 0xC5F7, 0x0000, 0x0000, 0x0000, 0x0000, 0x0000, 0x0000, 0x0000, 0x0000, 0x0000, 0x0000, 0x0000, 0x0000, 0x0000, 0x0000, 0x0000, 0x0000, 0x0000, 0x0000, 0xC5F7, 0xC5F7, 0xC5F7, 0xC5F7, 0xC5F7, 0xC5F7, 0xC5F7, 0x0000, 0x0000, 0x0000, 0x0000, 0x0000, 0x0000, 0x620E, 0xC5F7, 0xC5F7, 0xC5F7, 0xC5F7, 0xC5F7, 0xC5F7, 0xAD34, 0x0000, 0x10A2, 0x7BEF, 0xC5F7, 0xC5F7, 0xC5F7, 0xC5F7, 0xC5F7, 0xC5F7, 0xCDD4, 0xED6A, 0xFD44, 0xFD44, 0xED8A, 0xDDAF, 0xCDD4, 0xC5F7, 0xC5F7, 0xC5F7, 0xD5B1, 0x83CD, 0x10A2, 0x5ACB, 0x52AA, 0x6B4D, 0xBDD7, 0xC5F7, 0xC5F7, 0xC5F7, 0xC5F7, 0xC5F7, 0xC5F7, 0xC5F7, 0xC5F7, 0xC5F7, 0xC5F7, 0xC5F7, 0x528A, 0x528A, 0x528A, 0x528A, 0x528A, 0x528A, 0x528A, 0xC5F7, 0xC5F7, 0xC5F7, 0xC5F7, 0xC5F7, 0xC5F7, 0xC5F7, 0xC5F7, 0xC5F7, 0xC5F7, 0xC5F7, 0xC5F7, 0xC5F7, 0x0000, 0x0000, 0x0000, 0x0000, 0x0000, 0x0000, 0x0000, 0x0000, 0x6B4D, 0x6B4D, 0x0000, 0x0000, 0x0000, 0x0000, 0x0000, 0x0000, 0x0000, 0x0000, 0x528A, 0x528A, 0x528A, 0x528A, 0x528A, 0x528A, 0x528A, 0x0000, 0x0000, 0x0000, 0x0000, 0x0000, 0x0000, 0x28E6, 0xC5F7, 0xC5F7, 0xC5F7, 0xCDD5, 0xC5F7, 0xC5F7, 0xAD34, 0x0000, 0x2104, 0xC5F7, 0xCDD5, 0xCDD5, 0xCDD5, 0xC5F6, 0xC5F7, 0xC5F7, 0xC5F7, 0xDDAF, 0xF567, 0xF567, 0xD5B0, 0xC5F7, 0xC5F7, 0xC5F7, 0xC5F7, 0xC5F7, 0xC5F7, 0xC5F7, 0x2104, 0xA514, 0x18A2, 0xAD75, 0xC5F7, 0xC5F7, 0xC5F7, 0xC5F7, 0xC5F7, 0xC5F7, 0xC5F7, 0xC5F7, 0xC5F7, 0xC5F7, 0xC5F7, 0xAD34, 0x0000, 0x0000, 0x0000, 0x0000, 0x18A2, 0x0000, 0x18A2, 0xC5F7, 0xC5F7, 0xC5F7, 0xC5F7, 0xC5F7, 0xC5F7, 0xC5F7, 0xC5F7, 0xC5F7, 0xC5F7, 0xC5F7, 0xC5F7, 0xC5F7, 0x0000, 0x0000, 0x18A2, 0x0000, 0x0000, 0x0000, 0x0000, 0x0000, 0xC5F7, 0xC5F7, 0x0000, 0x0000, 0x0000, 0x0000, 0x0000, 0x0000, 0x0000, 0x0000, 0x0000, 0x0000, 0x0000, 0x0000, 0x0000, 0x0000, 0x0000, 0x0000, 0x0000, 0x0000, 0x18A2, 0x18A2, 0x0000, 0x0000, 0xAD34, 0xC5F7, 0xC5F7, 0xFD45, 0xC5F7, 0xC5F7, 0xAD34, 0x0000, 0x2104, 0xCDD3, 0xFD44, 0xFD44, 0xFD44, 0xE58B, 0xC5F7, 0xC5F7, 0xC5F7, 0xC5F7, 0xC5F7, 0xC5F7, 0xC5F7, 0xC5F7, 0xC5F7, 0xC5F7, 0xC5F7, 0xC5F7, 0xC5F7, 0xC5F7, 0x2104, 0xA514, 0x18A2, 0xAD55, 0xC5F7, 0xC5F7, 0xC5F7, 0xC5F7, 0xC5F7, 0xC5F7, 0xC5F7, 0xC5F7, 0xC5F7, 0xC5F7, 0xC5F7, 0x0000, 0x0000, 0x0000, 0x0000, 0x0000, 0xC5F7, 0x0000, 0xC5F7, 0xC5F7, 0xC5F7, 0xC5F7, 0xC5F7, 0xC5F7, 0xC5F7, 0xC5F7, 0xC5F7, 0xC5F7, 0xC5F7, 0xC5F7, 0xC5F7, 0xC5F7, 0x0000, 0x0000, 0xC5F7, 0x0000, 0x0000, 0x0000, 0x0000, 0x0000, 0xC5F7, 0xC5F7, 0x0000, 0x0000, 0x0000, 0x0000, 0x0000, 0x0000, 0x0000, 0x0000, 0x0000, 0x0000, 0x0000, 0x0000, 0x0000, 0x0000, 0x0000, 0x0000, 0x0000, 0x0000, 0xC5F7, 0xC5F7, 0x0000, 0x0000, 0x0000, 0xC5F7, 0xC5F7, 0xC5F7, 0xFD44, 0xFD44, 0xDCA4, 0x20C0, 0xFD44, 0xFD44, 0xFD44, 0xFD44, 0xFD44, 0xFD44, 0xE58B, 0xC5F7, 0xC5F7, 0xC5F7, 0xC5F7, 0xC5F7, 0xC5F7, 0xC5F7, 0xC5F7, 0xC5F7, 0xC5F7, 0xC5F7, 0xC5F7, 0xC5F7, 0x2104, 0x0000, 0x0000, 0xAD55, 0xC5F7, 0xC5F7, 0xC5F7, 0xC5F7, 0xC5F7, 0xC5F7, 0xC5F7, 0xC5F7, 0xC5F7, 0xC5F7, 0xC5F7, 0x0000, 0x0000, 0x0000, 0x0000, 0xC5F7, 0xC5F7, 0x0000, 0xC5F7, 0xC5F7, 0xC5F7, 0xC5F7, 0xC5F7, 0xC5F7, 0xC5F7, 0xC5F7, 0xC5F7, 0xC5F7, 0xC5F7, 0xC5F7, 0xC5F7, 0xC5F7, 0x0000, 0xC5F7, 0xC5F7, 0x0000, 0x0000, 0x0000, 0x0000, 0x0000, 0xC5F7, 0xC5F7, 0xC5F7, 0x0000, 0x0000, 0x0000, 0x0000, 0x0000, 0x0000, 0x0000, 0x0000, 0x0000, 0x0000, 0x0000, 0x0000, 0x0000, 0x0000, 0xC5F7, 0x0000, 0xC5F7, 0xC5F7, 0xC5F7, 0xC5F7, 0x0000, 0x0000, 0xC5F7, 0xC5F7, 0xC5F7, 0xC5D6, 0xFD44, 0xFD44, 0xFD44, 0xED68, 0xC5F7, 0xC5F7, 0xC5F7, 0xC5F7, 0xC5F7, 0xD5B0, 0xE58C, 0xC5F7, 0xC5F7, 0xC5F7, 0xC5F7, 0xC5F7, 0xC5F7, 0xC5F7, 0xC5F7, 0xC5F7, 0xC5F7, 0xC5F7, 0xC5F7, 0x2104, 0x0000, 0xAD34, 0xC5F7, 0xC5F7, 0xC5F7, 0xC5F7, 0xC5F7, 0xC5F7, 0xC5F7, 0xC5F7, 0xC5F7, 0xC5F7, 0xC5F7, 0xC5F7, 0x0000, 0x0000, 0x0000, 0x0000, 0xC5F7, 0x0000, 0xC5F7, 0xC5F7, 0xC5F7, 0xC5F7, 0xC5F7, 0xC5F7, 0xC5F7, 0xC5F7, 0xC5F7, 0xC5F7, 0xC5F7, 0xC5F7, 0xC5F7, 0xC5F7, 0xC5F7, 0xC5F7, 0x0000, 0xC5F7, 0xC5F7, 0x0000, 0x0000, 0x0000, 0x0000, 0xC5F7, 0xC5F7, 0xC5F7, 0x0000, 0xC5F7, 0x0000, 0x0000, 0x0000, 0x0000, 0x0000, 0x0000, 0x0000, 0x0000, 0x0000, 0x0000, 0xC5F7, 0xC5F7, 0xC5F7, 0x0000, 0xC5F7, 0xC5F7, 0xC5F7, 0xC5F7, 0xC5F7, 0x0000, 0x0000, 0xC5F7, 0xC5F7, 0xC5F7, 0xC5F7, 0xC5F7, 0xC5F7, 0xC5F7, 0xC5F7, 0xC5F7, 0xC5F7, 0xC5F7, 0xC5F7, 0xC5F7, 0xC5F7, 0xC5F7, 0xC5F7, 0xC5F7, 0xC5F7, 0xC5F7, 0xC5F7, 0xC5F7, 0xC5F7, 0xC5F7, 0xC5F7, 0xC5F7, 0xC5F7, 0xC5F7, 0x18E3, 0xAD34, 0xC5F7, 0xC5F7, 0xC5F7, 0xC5F7, 0xC5F7, 0xC5F7, 0xC5F7, 0xC5F7, 0xC5F7, 0xC5F7, 0xC5F7, 0x0000, 0x0000, 0x0000, 0x0000, 0x0000, 0x0000, 0xC5F7, 0xC5F7, 0xC5F7, 0xC5F7, 0xC5F7, 0xC5F7, 0xC5F7, 0xC5F7, 0xC5F7, 0xC5F7, 0xC5F7, 0xC5F7, 0xC5F7, 0xC5F7, 0xC5F7, 0xC5F7, 0xC5F7, 0x0000, 0xC5F7, 0x0000, 0x0000, 0x0000, 0x0000, 0x0000, 0xC5F7, 0xC5F7, 0xC5F7, 0x0000, 0xC5F7, 0xC5F7, 0x0000, 0x0000, 0xC5F7, 0x0000, 0x0000, 0xC5F7, 0xC5F7, 0x0000, 0x0000, 0x0000, 0xC5F7, 0x0000, 0xC5F7, 0xC5F7, 0xC5F7, 0xC5F7, 0xC5F7, 0x620E, 0x620E, 0x0000, 0xC5F7, 0xC5F7, 0xC5F7, 0xC5F7, 0xC5F7, 0xC5F7, 0xC5F7, 0xC5F7, 0xC5F7, 0xC5F7, 0xC5F7, 0xC5F7, 0xC5F7, 0xC5F7, 0xC5F7, 0xC5F7, 0xC5F7, 0xC5F7, 0xC5F7, 0xC5F7, 0xC5F7, 0xC5F7, 0xC5F7, 0xC5F7, 0xC5F7, 0xC5F7, 0xC5F7, 0x18E3, 0xAD34, 0xC5F7, 0xC5F7, 0xC5F7, 0xC5F7, 0xC5F7, 0xC5F7, 0xC5F7, 0xC5F7, 0xC5F7, 0xC5F7, 0xC5F7, 0x0000, 0x0000, 0x0000, 0x0000, 0x0000, 0xB596, 0xC5F7, 0xC5F7, 0xC5F7, 0xC5F7, 0xC5F7, 0xC5F7, 0xC5F7, 0xC5F7, 0xC5F7, 0xC5F7, 0xC5F7, 0xC5F7, 0xC5F7, 0xC5F7, 0xC5F7, 0xC5F7, 0xC5F7, 0x0000, 0x0841, 0x0000, 0x0000, 0x0000, 0x0000, 0x0000, 0xC5F7, 0xC5F7, 0xC5F7, 0xB596, 0x0841, 0xC5F7, 0x0000, 0xB596, 0xC5F7, 0xB596, 0x0000, 0xC5F7, 0xC5F7, 0xB596, 0x0000, 0x0000, 0x0841, 0xB596, 0xC5F7, 0x6A4E, 0x6A4E, 0x6A4E, 0x6A4E, 0xBDB7, 0xBDB7, 0xB596, 0xDDAE, 0xC5F7, 0xC5F7, 0xC5F7, 0xC5F7, 0xC5F7, 0xC5F7, 0xC5F7, 0xC5F7, 0xC5F7, 0xC5F7, 0xC5F7, 0xC5F7, 0xC5F7, 0xC5F7, 0xC5F7, 0xC5F7, 0xC5F7, 0xC5F7, 0xC5F7, 0xC5F7, 0xC5F7, 0xC5F7, 0xC5F7, 0xC5F7, 0xC5F7, 0xC5F7, 0x736D, 0xB596, 0xC5F7, 0xC5F7, 0xC5F7, 0xC5F7, 0xC5F7, 0xC5F7, 0xC5F7, 0xC5F7, 0xC5F7, 0xC5F7, 0xC5F7, 0x0000, 0x0000, 0x0000, 0x62EB, 0x62EB, 0xC5F7, 0xC5F7, 0xC5F7, 0xC5F7, 0xC5F7, 0xC5F7, 0xC5F7, 0xC5F7, 0xC5F7, 0xC5F7, 0xC5F7, 0xC5F7, 0xC5F7, 0xC5F7, 0xC5F7, 0xC5F7, 0xC5F7, 0xC5F7, 0x62EB, 0x0000, 0x0000, 0x0000, 0x0000, 0x0000, 0x0000, 0x62EB, 0xDD8E, 0xC5F7, 0xC5F7, 0x62EB, 0x62EB, 0x0000, 0xC5F7, 0xC5F7, 0xC5F7, 0x0000, 0x62EB, 0xC5F7, 0x62EB, 0x0000, 0x62EB, 0x3107, 0x93F2, 0x93F2, 0x93F2, 0x93F2, 0x93F2, 0x93F2, 0xC5F7, 0xC5F7, 0xC5F7, 0xFD44, 0xC5F6, 0xC5F6, 0xC5F7, 0xC5F7, 0xC5F7, 0xC5F7, 0xC5F7, 0xC5F7, 0xC5F7, 0xC5F7, 0xC5F7, 0xC5F7, 0xC5F7, 0xC5F7, 0xC5F7, 0xC5F7, 0xC5F7, 0xC5F7, 0xC5F7, 0xC5F7, 0xC5F7, 0xC5F7, 0xC5F7, 0xC5F7, 0xC5F7, 0xC5F7, 0xC5F7, 0xC5F7, 0xC5F7, 0xC5F7, 0xC5F7, 0xC5F7, 0xC5F7, 0xC5F7, 0xC5F7, 0xC5F7, 0xC5F7, 0xC5F7, 0xC5F7, 0x0000, 0x0000, 0x0841, 0xC5F7, 0xB596, 0xC5F7, 0xC5F7, 0xC5F7, 0xC5F7, 0xC5F7, 0xC5F7, 0xC5F7, 0xC5F7, 0xC5F7, 0xC5F7, 0xC5F7, 0xC5F7, 0xC5F7, 0xC5F7, 0xC5F7, 0xC5F7, 0xC5F7, 0xC5F7, 0xC5F7, 0x0000, 0x0000, 0x0000, 0x0000, 0x0000, 0x0000, 0x0000, 0xFD44, 0xC5F6, 0xC5F7, 0xC5F7, 0x0841, 0x0841, 0xB596, 0xC5F6, 0xB596, 0x0000, 0x0000, 0xB596, 0x0000, 0x0841, 0xC5F7, 0x6A4E, 0x6A4E, 0x6A4E, 0xC5F7, 0xC5F7, 0xC5F7, 0xC5F7, 0xC5F7, 0xC5F7, 0xC5F7, 0xFD44, 0xFD44, 0xF546, 0xC5F7, 0xC5F7, 0xC5F7, 0xC5F7, 0xC5F7, 0xC5F7, 0xC5F7, 0xC5F7, 0xC5F7, 0xC5F7, 0xC5F7, 0xC5F7, 0xC5F7, 0xC5F7, 0xC5F7, 0xC5F7, 0xC5F7, 0xC5F7, 0xC5F7, 0xC5F7, 0xC5F7, 0xC5F7, 0xC5F7, 0xC5F7, 0xC5F7, 0xC5F7, 0xC5F7, 0xC5F7, 0xC5F7, 0xC5F7, 0xC5F7, 0xC5F7, 0xC5F7, 0xC5F7, 0xC5F7, 0xC5F7, 0xC5F7, 0x0000, 0x0000, 0xC5F7, 0xC5F7, 0x0000, 0xC5F7, 0xC5F7, 0xC5F7, 0xC5F7, 0xC5F7, 0xC5F7, 0xC5F7, 0xC5F7, 0xC5F7, 0xC5F7, 0xC5F7, 0xC5F7, 0xC5F7, 0xC5F7, 0xC5F7, 0xC5F7, 0xC5F7, 0xC5F7, 0xC5F7, 0x0000, 0x0000, 0x0000, 0x0000, 0x0000, 0x0000, 0x0000, 0xFD44, 0xFD44, 0xC5F7, 0xC5F7, 0xC5F7, 0xC5F7, 0x0000, 0xFD44, 0x0000, 0x0000, 0x0000, 0x0000, 0x0000, 0xC5F7, 0xC5F7, 0xC5F7, 0xC5F7, 0xC5F7, 0xC5F7, 0xC5F7, 0xC5F7, 0xC5F7, 0xC5F7, 0xC5F7, 0xC5F7, 0xC5F7, 0xC5F7, 0xC5D6, 0xF546, 0xC5F7, 0xC5F7, 0xC5F7, 0xC5F7, 0xC5F7, 0xC5F7, 0xC5F7, 0xC5F7, 0xC5F7, 0xC5F7, 0xC5F7, 0xC5F7, 0xC5F7, 0xC5F7, 0xC5F7, 0xC5F7, 0xC5F7, 0xC5F7, 0xC5F7, 0xC5F7, 0xC5F7, 0xC5F7, 0xC5F7, 0xC5F7, 0xC5F7, 0xC5F7, 0xC5F7, 0xC5F7, 0xC5F7, 0xC5F7, 0xC5F7, 0xC5F7, 0xC5F7, 0xC5F7, 0xC5F7, 0xC5F7, 0x0000, 0xC5F7, 0xC5F7, 0x0000, 0x0000, 0xC5F7, 0xC5F7, 0xC5F7, 0xC5F7, 0xC5F7, 0xC5F7, 0xC5F7, 0xC5F7, 0xC5F7, 0xC5F7, 0xC5F7, 0xC5F7, 0xC5F7, 0xC5F7, 0xC5F7, 0xC5F7, 0xC5F7, 0xC5F7, 0xC5F7, 0xC5F7, 0x0000, 0x0000, 0x0000, 0x0000, 0x0000, 0x0000, 0xFD44, 0xFD44, 0xFD44, 0xFD44, 0xFD44, 0xFD44, 0xFD44, 0x0000, 0x0000, 0xC5F7, 0xC5F7, 0xC5F7, 0xC5F7, 0xC5F7, 0xC5F7, 0xC5F7, 0xC5F7, 0xC5F7, 0x620E, 0xC5F7, 0xC5F7, 0xC5F7, 0xC5F7, 0x620E, 0xC5F7, 0xC5F7, 0xC5F7, 0xC5F7, 0xC5F7, 0xC5F7, 0xC5F7, 0xC5F7, 0xC5F7, 0xC5F7, 0xC5F7, 0xC5F7, 0xC5F7, 0xC5F7, 0xC5F7, 0xC5F7, 0xC5F7, 0xC5F7, 0xC5F7, 0xC5F7, 0xC5F7, 0xC5F7, 0xC5F7, 0xC5F7, 0xC5F7, 0xC5F7, 0xC5F7, 0xC5F7, 0xC5F7, 0xC5F7, 0xC5F7, 0xC5F7, 0xC5F7, 0xC5F7, 0xC5F7, 0xC5F7, 0xC5F7, 0xC5F7, 0xC5F7, 0xC5F7, 0xC5F7, 0xC5F7, 0xC5F7, 0x0000, 0xC5F7, 0x0000, 0xC5F7, 0xC5F7, 0xC5F7, 0xC5F7, 0xC5F7, 0xC5F7, 0xC5F7, 0xC5F7, 0xC5F7, 0xC5F7, 0xC5F7, 0xC5F7, 0xFD44, 0xC5F7, 0xC5F7, 0xC5F7, 0xC5F7, 0xC5F7, 0xC5F7, 0xC5F7, 0xC5F7, 0x0000, 0x0000, 0x0000, 0x0000, 0x0000, 0xC5F7, 0xC5F7, 0xFD44, 0xFD44, 0xFD44, 0xFD44, 0xC5F7, 0xC5F7, 0xC5F7, 0xC5F7, 0xC5F7, 0xC5F7, 0xC5F7, 0xC5F7, 0xC5F7, 0xC5F7, 0xC5F7, 0xC5F7, 0x620E, 0x620E, 0xC5F7, 0xC5F7, 0x620E, 0x620E, 0xC5F7, 0xC5F7, 0xC5F7, 0xC5F7, 0xC5F7, 0xC5F7, 0xC5F7, 0xC5F7, 0xC5F7, 0xC5F7, 0xC5F7, 0xC5F7, 0xC5F7, 0xC5F7, 0xC5F7, 0xC5F7, 0xC5F7, 0xC5F7, 0xC5F7, 0xC5F7, 0xC5F7, 0xC5F7, 0xC5F7, 0xC5F7, 0xC5F7, 0xC5F7, 0xC5F7, 0xC5F7, 0xC5F7, 0xC5F7, 0xC5F7, 0xC5F7, 0xC5F7, 0xC5F7, 0xC5F7, 0xC5F7, 0xC5F7, 0xC5F7, 0xC5F7, 0xC5F7, 0xC5F7, 0xC5F7, 0x0000, 0x0000, 0xC5F7, 0x0000, 0xC5F7, 0xC5F7, 0xC5F7, 0xC5F7, 0xC5F7, 0xC5F7, 0xC5F7, 0xC5F7, 0xC5F7, 0xC5F7, 0xC5F7, 0xC5F7, 0xC5F7, 0xFD44, 0xFD44, 0xFD44, 0xC5F7, 0xFD44, 0xFD44, 0xFD44, 0xFD44, 0xC5F7, 0xC5F7, 0x0000, 0x0000, 0xC5F7, 0xC5F7, 0xC5F7, 0xC5F7, 0xC5F7, 0xC5F7, 0xC5F7, 0xC5F7, 0xC5F7, 0xC5F7, 0xC5F7, 0xC5F7, 0xC5F7, 0xC5F7, 0xC5F7, 0xC5F7, 0xC5F7, 0xC5F7, 0x620E, 0x620E, 0x620E, 0x620E, 0x620E, 0x620E, 0x620E, 0xC5F7, 0xC5F7, 0xC5F7, 0xC5F7, 0xC5F7, 0xC5F7, 0xC5F7, 0xC5F7, 0xC5F7, 0xC5F7, 0xC5F7, 0xC5F7, 0xC5F7, 0xC5F7, 0xC5F7, 0xC5F7, 0xC5F7, 0xC5F7, 0xC5F7, 0xC5F7, 0xC5F7, 0xC5F7, 0xC5F7, 0xC5F7, 0xC5F7, 0xC5F7, 0xC5F7, 0xC5F7, 0xC5F7, 0xC5F7, 0xC5F7, 0xC5F7, 0xC5F7, 0xC5F7, 0xC5F7, 0xC5F7, 0xC5F7, 0xC5F7, 0xC5F7, 0xC5F7, 0xC5F7, 0x18A2, 0x0000, 0xAD34, 0xC5F7, 0x0000, 0xC5F7, 0xC5F7, 0xC5F7, 0xC5F7, 0xC5F7, 0xC5F7, 0xC5F7, 0xC5F7, 0xC5F7, 0xC5F7, 0xC5F7, 0xC5F7, 0xC5F7, 0xCDD5, 0xFD44, 0xFD44, 0xF567, 0xFD44, 0xFD44, 0xFD44, 0x18A0, 0x18A2, 0x18A2, 0xAD34, 0xAD34, 0xC5F7, 0xC5F7, 0xC5F7, 0xC5F7, 0xC5F7, 0xC5F7, 0xC5F7, 0xC5F7, 0xC5F7, 0xC5F7, 0xC5F7, 0xC5F7, 0xC5F7, 0xC5F7, 0xC5F7, 0x6A8F, 0xC5F7, 0x6A8F, 0x620E, 0x620E, 0x620E, 0x620E, 0x620E, 0x620E, 0x620E, 0xC5F7, 0xC5F7, 0xC5F7, 0xC5F7, 0xC5F7, 0xC5F7, 0xC5F7, 0xC5F7, 0xC5F7, 0xC5F7, 0xC5F7, 0xC5F7, 0xC5F7, 0xC5F7, 0xC5F7, 0xC5F7, 0xC5F7, 0xC5F7, 0xC5F7, 0xC5F7, 0xC5F7, 0xC5F7, 0xC5F7, 0xC5F7, 0xC5F7, 0xC5F7, 0xC5F7, 0xC5F7, 0xC5F7, 0xC5F7, 0xC5F7, 0xC5F7, 0xC5F7, 0xC5F7, 0xC5F7, 0xC5F7, 0xC5F7, 0xC5F7, 0xC5F7, 0xC5F7, 0xC5F7, 0x0000, 0x0000, 0xC5F7, 0x6B4D, 0x528A, 0xC5F7, 0xC5F7, 0xC5F7, 0xC5F7, 0xC5F7, 0xC5F7, 0xC5F7, 0xC5F7, 0xC5F7, 0xC5F7, 0xC5F7, 0xC5F7, 0xC5F7, 0xC5F7, 0xE58D, 0xE58D, 0xFD44, 0xFD44, 0xE58D, 0xE58D, 0x0000, 0x528A, 0x0000, 0x6B4D, 0x6B4D, 0x6B4D, 0xC5F7, 0xC5F7, 0xC5F7, 0xC5F7, 0xC5F7, 0xC5F7, 0xC5F7, 0xC5F7, 0xC5F7, 0xC5F7, 0xC5F7, 0xC5F7, 0xC5F7, 0xC5F7, 0x620E, 0x9C33, 0x620E, 0x620E, 0x620E, 0x620E, 0x620E, 0x620E, 0x620E, 0x8BB2, 0xC5F7, 0xC5F7, 0xC5F7, 0xC5F7, 0xC5F7, 0xC5F7, 0xC5F7, 0xC5F7, 0xC5F7, 0xC5F7, 0xC5F7, 0xC5F7, 0xC5F7, 0xC5F7, 0xC5F7, 0xC5F7, 0xC5F7, 0xC5F7, 0xC5F7, 0xC5F7, 0xC5F7, 0xC5F7, 0xC5F7, 0xC5F7, 0xC5F7, 0xC5F7, 0xC5F7, 0xC5F7, 0xC5F7, 0xC5F7, 0xC5F7, 0xC5F7, 0xC5F7, 0xC5F7, 0xC5F7, 0xC5F7, 0xC5F7, 0xC5F7, 0xC5F7, 0xC5F7, 0xC5F7, 0x0000, 0x0000, 0xC5F7, 0x0000, 0xC5F7, 0xC5F7, 0xC5F7, 0xC5F7, 0xC5F7, 0xC5F7, 0xC5F7, 0xC5F7, 0xC5F7, 0xC5F7, 0xC5F7, 0xC5F7, 0xC5F7, 0xC5F7, 0xC5F7, 0xC5F7, 0xC5F7, 0xFD44, 0xFD44, 0xC5F7, 0xC5F7, 0x0000, 0xC5F7, 0x0000, 0x0000, 0x0000, 0x0000, 0xC5F7, 0xC5F7, 0xC5F7, 0xC5F7, 0xC5F7, 0xC5F7, 0xC5F7, 0xC5F7, 0xC5F7, 0xC5F7, 0xC5F7, 0xC5F7, 0xC5F7, 0xC5F7, 0x620E, 0x620E, 0x620E, 0x620E, 0x620E, 0x620E, 0x620E, 0x620E, 0x620E, 0xC5F7, 0xC5F7, 0xC5F7, 0xC5F7, 0xC5F7, 0xC5F7, 0xC5F7, 0xC5F7, 0xC5F7, 0xC5F7, 0xC5F7, 0xC5F7, 0xC5F7, 0xC5F7, 0xC5F7, 0xC5F7, 0xC5F7, 0xC5F7, 0xC5F7, 0xC5F7, 0xC5F7, 0xC5F7, 0xC5F7, 0xC5F7, 0xC5F7, 0xC5F7, 0xC5F7, 0xC5F7, 0xC5F7, 0xC5F7, 0xC5F7, 0xC5F7, 0xC5F7, 0xC5F7, 0xC5F7, 0xC5F7, 0xC5F7, 0xC5F7, 0xC5F7, 0xC5F7, 0xC5F7, 0xC5F7, 0x0000, 0x0000, 0xC5F7, 0x0000, 0xC5F7, 0xC5F7, 0xC5F7, 0xC5F7, 0xC5F7, 0xC5F7, 0xC5F7, 0xC5F7, 0xC5F7, 0xC5F7, 0xC5F7, 0xC5F7, 0xC5F7, 0xC5F7, 0xC5F7, 0xC5F7, 0xC5F7, 0xC5F7, 0xC5F7, 0xC5F7, 0xC5F7, 0x0000, 0xC5F7, 0x0000, 0x0000, 0x0000, 0x0000, 0xC5F7, 0xC5F7, 0xC5F7, 0xC5F7, 0xC5F7, 0xC5F7, 0xC5F7, 0xC5F7, 0xC5F7, 0xC5F7, 0xC5F7, 0xC5F7, 0xC5F7, 0xC5F7, 0x620E, 0x620E, 0x620E, 0xC5F7, 0x620E, 0x620E, 0x620E, 0x620E, 0x620E, 0xC5F7, 0xC5F7, 0xC618, 0xC5F7, 0xC5F7, 0xC5F7, 0xC5F8, 0xC5F7, 0xC618, 0xC5F8, 0xC5F7, 0xC5F7, 0xC5F7, 0xC618, 0xC618, 0xC5F7, 0xC618, 0xC618, 0xC618, 0xC5F8, 0xC618, 0xC617, 0xC618, 0xC618, 0xC5F8, 0xC617, 0xC5F8, 0xC618, 0xC618, 0xC5F8, 0xC5F7, 0xC617, 0xC5F8, 0xC5F8, 0xC618, 0xC5F7, 0xC617, 0xC618, 0xC618, 0xC5F7, 0xC618, 0xC618, 0x0000, 0x0000, 0x0000, 0xC618, 0xC618, 0xC618, 0xC618, 0xC618, 0xC618, 0xC5F7, 0xC617, 0xC5F8, 0xC618, 0xC618, 0xC5F7, 0xC618, 0xC618, 0xC5F7, 0xC617, 0xC618, 0xC617, 0xC617, 0xC617, 0xC618, 0xC5F7, 0xC5F7, 0x0000, 0xC5F8, 0x0000, 0x0000, 0x0000, 0xC618, 0xC5F8, 0xC618, 0xC618, 0xC5F8, 0x622E, 0x622E, 0xC5F8, 0xC617, 0xC618, 0xC618, 0xC618, 0xC618, 0xC5F8, 0xC618, 0x620E, 0xC617, 0xC618, 0xC617, 0x622E, 0x622E, 0xC618, 0x622E, 0xC5F8, 0xC618, 0xC618, 0xC5F8, 0xC5F8, 0xC617, 0xC5F7, 0xC5F8, 0xC5F7, 0xC618, 0xC618, 0xC617, 0xC5F7, 0xC617, 0xC5F7, 0xC617, 0xC617, 0xC617, 0xC617, 0xC617, 0xC5F7, 0xC5F7, 0xC5F7, 0xC5F7, 0xC5F7, 0xC618, 0xC617, 0xC617, 0xC617, 0xC618, 0xC5F7, 0xC618, 0xC5F7, 0xC617, 0xC5F7, 0xC617, 0xC5F8, 0xC618, 0xC617, 0xC618, 0xC618, 0xC5F8, 0x0000, 0x0000, 0xC618, 0xC618, 0x0000, 0xC618, 0xC618, 0xC5F8, 0xC617, 0xC618, 0xC618, 0xC618, 0xC5F7, 0xC618, 0xC5F8, 0xC617, 0xC618, 0xC618, 0xC618, 0xC5F7, 0xC5F7, 0xC5F7, 0xC617, 0xC618, 0xC618, 0xC618, 0x0000, 0xC5F7, 0x0000, 0x0000, 0x0000, 0x0000, 0xC618, 0xC5F7, 0xC5F7, 0xC618, 0xC5F8, 0x622E, 0x622E, 0xC5F8, 0xC617, 0xC618, 0xC618, 0xC5F8, 0xC618, 0xC618, 0xC618, 0xC618, 0xC618, 0xC617, 0xC618, 0x622E, 0xC5F8, 0xC618, 0xC618, 0xC617, 0xC618, 0xC5F8, 0xC5F7, 0xC618, 0xC5F7, 0xC5F8, 0xC617, 0xC617, 0xC5F7, 0xC5F8, 0xC618, 0xC5F8, 0xC5F8, 0xC5F7, 0xC618, 0xC618, 0xC618, 0xC618, 0xC618, 0xC5F7, 0xC5F7, 0xC5F7, 0xC618, 0xC618, 0xC617, 0xC617, 0xC5F8, 0xC5F7, 0xC5F8, 0xC618, 0xC618, 0xC617, 0xC5F7, 0xC5F7, 0xC618, 0xC618, 0xC618, 0xC618, 0xC618, 0xC618, 0x0000, 0x0000, 0xC618, 0x0000, 0x0000, 0xC618, 0xC618, 0xC618, 0xC618, 0xC5F7, 0xC618, 0xC5F8, 0xC618, 0xC618, 0xC618, 0xC5F7, 0xC618, 0xC618, 0xC5F8, 0xC617, 0xC5F8, 0xC618, 0xC5F8, 0xC618, 0xC5F8, 0xC618, 0xC618, 0x0000, 0x0000, 0x0000, 0x0000, 0x0000, 0xC618, 0xC617, 0xC5F7, 0xC5F7, 0xC618, 0xC617, 0x620E, 0x620E, 0xC5F8, 0xC618, 0xC617, 0xC618, 0xC618, 0xC618, 0xC5F7, 0xC618, 0xC618, 0xC618, 0xC5F7, 0xC618, 0xC5F8, 0xC618, 0xC617, 0xC618, 0xC618, 0xC618, 0xC618, 0xC618, 0xC5F7, 0xC5F7, 0xC618, 0xC618, 0xC5F7, 0xC5F7, 0xC618, 0xC5F7, 0xC5F7, 0xC5F7, 0xC617, 0xC618, 0xC618, 0xC618, 0xC618, 0xC618, 0xC5F8, 0xC5F7, 0xC5F8, 0xC5F7, 0xC618, 0xC617, 0xC5F7, 0xC618, 0xC618, 0xC618, 0xC618, 0xC618, 0xC618, 0xC618, 0xC5F8, 0xC617, 0xC5F7, 0xC617, 0xC5F7, 0xC5F7, 0x0000, 0x9CF3, 0x2124, 0x0000, 0x0000, 0xC618, 0xC617, 0xC618, 0xC618, 0xC5F7, 0xC5F8, 0xC5F8, 0xC5F8, 0xC618, 0xC5F8, 0xC617, 0xC618, 0xC618, 0xC5F8, 0xC618, 0xC618, 0xC618, 0xC618, 0xC617, 0xC5F8, 0xC617, 0xC618, 0x9CF3, 0x0000, 0x0000, 0x0000, 0x0000, 0xC5F7, 0xC5F7, 0xC5F7, 0xC617, 0xC617, 0xC617, 0xB556, 0x622E, 0x72D0, 0x72F0, 0xC5F7, 0xC618, 0xC618, 0xC618, 0xC5F7, 0xC618, 0xC617, 0xC618, 0xC5F8, 0xC618, 0xC5F7, 0xC617, 0xC5F7, 0xC618, 0xC618, 0xC618, 0xC618, 0xC618, 0xC5F8, 0xC5F7, 0xC618, 0xC617, 0xC5F7, 0xC5F7, 0xC618, 0xC5F7, 0xC5F7, 0xC5F7, 0xC617, 0xC618, 0xC618, 0xC618, 0xC618, 0xC618, 0xC618, 0xC5F7, 0xC5F8, 0xC5F7, 0xC618, 0xC617, 0xC617, 0xC618, 0xC618, 0xC618, 0xC618, 0xC618, 0xC618, 0xC618, 0xC618, 0xC618, 0xC5F7, 0xC617, 0xC5F7, 0xC5F7, 0x4A49, 0xC618, 0x0000, 0x4A48, 0x0000, 0xC5F8, 0xC617, 0xC617, 0xC618, 0xC5F7, 0xC5F8, 0xC5F7, 0xC5F8, 0xC618, 0xC5F8, 0xC618, 0xC618, 0xC618, 0xC618, 0xC618, 0xC618, 0xC618, 0xC618, 0xC617, 0xC618, 0xC617, 0xC618, 0xC618, 0x4A49, 0x0000, 0x0000, 0x0000, 0xC5F7, 0xC5F8, 0xC5F7, 0xC618, 0xC5F7, 0xC618, 0xC618, 0x8B91, 0x622E, 0x622E, 0x9C94, 0xA494, 0xC618, 0xC617, 0xC5F7, 0xC618, 0xC617, 0xC617, 0xC5F8, 0xC617, 0xC5F7, 0xC617, 0xC5F8, 0xC618, 0xC5F8, 0xC5F8, 0xC5F8, 0xC618, 0xC5F8, 0xC5F7, 0xC617, 0xC5F7, 0xC617, 0xC5F7, 0xC5F8, 0xC5F8, 0xC5F8, 0xC5F7, 0xC5F7, 0xC5F8, 0xC618, 0xC617, 0xC618, 0xC5F7, 0xC617, 0xC617, 0xC5F8, 0xC617, 0xC617, 0xC5F7, 0xC618, 0xC5F7, 0xC618, 0xC618, 0xC618, 0xC5F7, 0xC5F8, 0xC5F8, 0xC618, 0xC618, 0xC618, 0xC618, 0xC618, 0xC618, 0xC5F8, 0xC618, 0x0000, 0xC5F7, 0x0000, 0xC5F8, 0xC618, 0xC617, 0xC618, 0xC5F8, 0xC618, 0xC5F7, 0xC618, 0xC5F8, 0xC618, 0xC618, 0xC618, 0xC618, 0xC618, 0xC5F8, 0xC618, 0xC617, 0xC618, 0xC617, 0xC618, 0xC617, 0xC618, 0xC618, 0xC618, 0x0000, 0x0000, 0x0000, 0xC618, 0xC618, 0xC618, 0xC618, 0xC5F8, 0xC5F8, 0xC618, 0xC5F7, 0x622E, 0x622E, 0x622E, 0x620E, 0xC618, 0xC617, 0xC617, 0xC618, 0xC618, 0xC617, 0xC5F8, 0xC617, 0xC618, 0xC618, 0xC5F8, 0xC618, 0xC618, 0xC5F7, 0xC5F7, 0xC5F8, 0xC5F8, 0xC618, 0xC617, 0xC5F8, 0xC5F7, 0xC618, 0xC618, 0xC5F8, 0xC5F8, 0xC617, 0xC617, 0xC5F7, 0xC5F7, 0xC5F7, 0xC5F8, 0xC618, 0xC618, 0xC618, 0xC5F7, 0xC5F7, 0xC5F7, 0xC618, 0xC5F7, 0xC617, 0xC5F7, 0xC617, 0xC5F7, 0xC618, 0xC5F7, 0xC5F7, 0xC5F7, 0xC5F7, 0xC618, 0xC618, 0xC618, 0xC618, 0xC618, 0x0000, 0x0000, 0xC5F8, 0x0000, 0xC5F7, 0xC618, 0xC618, 0xC618, 0xC618, 0xC5F7, 0xC5F7, 0xC617, 0xC617, 0xC617, 0xC618, 0xC5F7, 0xC618, 0xC618, 0xC618, 0xC5F8, 0xC618, 0xC617, 0xC618, 0xC618, 0xC618, 0xC5F7, 0xC618, 0xC618, 0xC5F7, 0xC5F8, 0x0000, 0x0000, 0xC617, 0xC618, 0xC618, 0xC5F7, 0xC618, 0xC618, 0xC5F8, 0xC618, 0x622E, 0x622E, 0x622E, 0x620E, 0x620E, 0x622E, 0x620E, 0x620E, 0x622E, 0xC5F8, 0xC618, 0xC5F8, 0xC5F8, 0xC5F7, 0xC618, 0xC5F8, 0xC617, 0xC618, 0xC618, 0xC5F7, 0xC617, 0xC5F7, 0xC618, 0xC618, 0xC618, 0xC618, 0xC5F7, 0xC5F7, 0xC5F7, 0xC5F7, 0xC5F7, 0xC5F8, 0xC618, 0xC618, 0xC618, 0xC5F7, 0xC617, 0xC617, 0xC5F8, 0xC618, 0xC5F7, 0xC5F7, 0xC617, 0xC617, 0xC617, 0xC617, 0xC5F7, 0xC5F7, 0xC5F8, 0xC618, 0xC617, 0xC618, 0xC618, 0xC5F8, 0xC618, 0xC5F7, 0x0000, 0x0000, 0xC618, 0x0000, 0xC5F7, 0xC618, 0xC5F8, 0xC618, 0xC618, 0xC5F7, 0xC618, 0xFD65, 0xFD44, 0xC618, 0xC618, 0xC618, 0xC618, 0xC618, 0xC618, 0xC618, 0xC5F8, 0xC618, 0xC617, 0xC618, 0xC618, 0xC618, 0xC5F8, 0xC5F8, 0xC618, 0xC618, 0xC5F8, 0xC618, 0xC5F8, 0xC5F7, 0xC618, 0xC618, 0xC618, 0xC618, 0xC5F8, 0xC618, 0x622E, 0x622E, 0x622E, 0x622E, 0x622E, 0x620E, 0x620E, 0x622E, 0x620E, 0x620E, 0x620E, 0x620E, 0xC618, 0xC618, 0xC5F8, 0xC618, 0xC5F7, 0xC5F7, 0xC618, 0xC617, 0xC5F8, 0xC5F8, 0xC617, 0xC5F8, 0xC618, 0xC618, 0xC5F7, 0xC5F7, 0xC5F8, 0xC618, 0xC5F7, 0xC5F8, 0xC617, 0xC617, 0xC5F7, 0xC617, 0xC617, 0xC5F7, 0xC5F7, 0xC617, 0xC617, 0xC618, 0xC5F8, 0xC5F7, 0xC5F7, 0xC5F7, 0xC617, 0xC5F8, 0xC5F7, 0xC617, 0xC618, 0xC618, 0xC5F8, 0xC618, 0xC5F7, 0xC618, 0x0000, 0x0000, 0xC618, 0x0000, 0xC5F7, 0xFD45, 0xC618, 0xC618, 0xC5F8, 0xFD64, 0xFD45, 0xFD65, 0xFD65, 0xFD44, 0xFD45, 0xC618, 0xC617, 0xC618, 0xC5F8, 0xC5F7, 0xC618, 0xC618, 0xC618, 0xC5F7, 0xC5F8, 0xC618, 0xC618, 0xC618, 0xC5F7, 0xC5F7, 0xC5F7, 0xC617, 0xC5F8, 0xC618, 0xC618, 0xC5F8, 0xC617, 0xC617, 0xC618, 0xC618, 0xC617, 0x622E, 0x622E, 0x622E, 0xC618, 0xC5F8, 0xC618, 0xC617, 0xC618, 0x622E, 0x620E, 0x622E, 0x622E, 0x620E, 0x620E, 0xC617, 0xC618, 0xC617, 0xC5F7, 0xC5F7, 0xC5F7, 0xADF3, 0x5DC5, 0xC618, 0xC5F7, 0xC617, 0xC5F8, 0xC618, 0xC5F7, 0xC5F7, 0xC5F7, 0xC5F7, 0xC5F7, 0xC618, 0xC617, 0xC618, 0xC5F7, 0xC617, 0xC5F7, 0xC618, 0xC618, 0xC617, 0xC5F8, 0xC618, 0xC5F7, 0xC617, 0xC617, 0xC5F7, 0xC617, 0xC617, 0xC618, 0xC618, 0xC618, 0xC5F8, 0xC618, 0xC5F8, 0xC5F8, 0x0000, 0x0000, 0xC618, 0xC618, 0xC617, 0xFD45, 0xFD45, 0xFD45, 0xFD45, 0xFD44, 0xFD44, 0xC5F8, 0xC618, 0xC618, 0xFD44, 0xC618, 0xC618, 0xC5F8, 0xC5F7, 0xC5F8, 0xC618, 0xC617, 0xC5F8, 0xC618, 0xC618, 0xC617, 0xC5F7, 0xC618, 0xC618, 0xC5F7, 0xC618, 0xC618, 0xC618, 0xC5F8, 0xC617, 0xC5F8, 0xC618, 0xC618, 0xC618, 0xC5F7, 0xC5F7, 0x622E, 0x622E, 0xC618, 0xC618, 0xC617, 0xC617, 0xC618, 0xC617, 0xC5F8, 0xC5F7, 0xC618, 0x622E, 0x622E, 0xC618, 0xC618, 0xC617, 0xC617, 0xC5F8, 0xB5F5, 0x5DA5, 0x4DA1, 0x7DCA, 0xC5F7, 0xC5F7, 0xC5F7, 0xC5F7, 0xC618, 0xC617, 0xC618, 0xC5F7, 0xC617, 0xC617, 0xC617, 0xC5F7, 0xC618, 0xC618, 0xC5F7, 0xC5F7, 0xC618, 0xC617, 0xC618, 0xC618, 0xC5F7, 0xC617, 0xC5F7, 0xC5F8, 0xC618, 0xC618, 0xC618, 0xC618, 0xC618, 0xC5F7, 0xC618, 0xC5F7, 0xC5F8, 0x0000, 0x0000, 0xC618, 0xC5F8, 0xC5F7, 0xD5D3, 0xD5D3, 0xFD45, 0xFD45, 0xD5D3, 0xD5F3, 0xC5F8, 0xC618, 0xC618, 0xD5F3, 0xC618, 0xC5F7, 0xC618, 0xC5F8, 0xC5F8, 0xC618, 0xC5F7, 0xC5F8, 0xC618, 0xC618, 0xC617, 0xC617, 0xC618, 0xC618, 0xC618, 0xC618, 0xC617, 0xC618, 0xC5F7, 0xC618, 0xC5F8, 0xC5F8, 0xC5F7, 0xC618, 0x7B10, 0xC5F7, 0x622E, 0x622E, 0xC5F8, 0xC618, 0xC617, 0xC5F7, 0xC5F8, 0xC617, 0xC5F8, 0xC5F7, 0xC5F8, 0xAD15, 0xAD15, 0xC618, 0xC617, 0xC617, 0xC617, 0xC5F8, 0xADF4, 0x4580, 0x45A0, 0x65A5, 0xC5F7, 0xC5F7, 0xC617, 0xC5F8, 0xC618, 0xC618, 0xC618, 0xC5F8, 0xC617, 0xC617, 0xC617, 0xC5F7, 0xC618, 0xC618, 0xC617, 0xC5F7, 0xC618, 0xC617, 0xC618, 0xC618, 0xC5F7, 0xC617, 0xC5F7, 0xC5F8, 0xC5F8, 0xC618, 0xC617, 0xC618, 0xC618, 0xC617, 0xC618, 0xC617, 0xC618, 0x0000, 0x0000, 0xC618, 0xC5F8, 0xC5F7, 0xC5F7, 0xC5F7, 0xED8B, 0xED8B, 0xC5F7, 0xC617, 0xC618, 0xC5F8, 0xC618, 0xC618, 0xC618, 0xC5F7, 0xD5D2, 0xC618, 0xC5F8, 0xC618, 0xC5F7, 0xC618, 0xDDD2, 0xD5D2, 0xD5D2, 0xD5D2, 0xC618, 0xC618, 0xC618, 0xC618, 0xC617, 0xC618, 0xC5F7, 0xC618, 0xC5F7, 0xC5F8, 0xC5F7, 0xA4D4, 0x620E, 0xC617, 0x622E, 0x622E, 0xC5F8, 0xC618, 0xC618, 0xC5F7, 0xC5F7, 0xC617, 0xC618, 0xC5F8, 0xC5F8, 0xC5F8, 0xC618, 0xC617, 0xC617, 0xC618, 0xC618, 0xC5F7, 0xADF4, 0x45A0, 0x4580, 0x65A6, 0xC5F7, 0xC617, 0xC618, 0xC618, 0xC618, 0xC618, 0xC617, 0xC618, 0xC5F8, 0xC617, 0xC617, 0xC5F7, 0xC5F8, 0xC618, 0xC618, 0xC618, 0xC618, 0xC5F8, 0xC5F7, 0xC618, 0xC617, 0xC5F7, 0xC618, 0xC5F8, 0xC618, 0xC5F7, 0xC617, 0xC618, 0xC618, 0xC617, 0xC618, 0xC618, 0xC618, 0x0000, 0x0000, 0xC618, 0xC618, 0xC617, 0xC618, 0xC617, 0xC618, 0xC618, 0xC5F7, 0xC617, 0xC618, 0xC5F8, 0xC5F8, 0xC618, 0xC618, 0xC618, 0xFD45, 0xC618, 0xC5F8, 0xC618, 0xC618, 0xC618, 0xFD45, 0xFD45, 0xFD45, 0xFD65, 0xC618, 0xC618, 0xC618, 0xC618, 0xC617, 0xC618, 0xC5F8, 0xC5F8, 0xC5F7, 0xC618, 0xC617, 0x620E, 0x622E, 0xC617, 0x620E, 0x622E, 0xC618, 0xC618, 0xC618, 0xC618, 0xC617, 0xC618, 0xC617, 0xC618, 0xC618, 0xC5F8, 0xC617, 0xC5F8, 0xC618, 0xC618, 0xC5F8, 0xC618, 0xB614, 0x4580, 0x5DA5, 0xC618, 0xC618, 0xC5F7, 0xC618, 0xC617, 0xC5F7, 0xC5F8, 0xC5F8, 0xC5F7, 0xC5F7, 0xC5F7, 0xC5F8, 0xC618, 0xC618, 0xC618, 0xC618, 0xC618, 0xC618, 0xC5F8, 0xC5F7, 0xC5F7, 0xC5F8, 0xC618, 0xC618, 0xC5F7, 0xC617, 0xC5F7, 0xC5F8, 0xC5F8, 0xC618, 0xC618, 0xC618, 0xC618, 0xC5F8, 0x0000, 0xC618, 0xC618, 0xC618, 0xC5F7, 0xC617, 0xC618, 0xC618, 0xC5F8, 0xC618, 0xC5F8, 0xC617, 0xC618, 0xC618, 0xC618, 0xC5F7, 0xC617, 0xC618, 0xFD45, 0xFD45, 0xFD44, 0xFD65, 0xFD65, 0xFD64, 0xFD45, 0xFD44, 0xFD44, 0xFD65, 0xC618, 0xC5F7, 0xC5F8, 0xC617, 0xC618, 0xC618, 0xC618, 0xC618, 0xC618, 0xC618, 0x622E, 0xC618, 0xC618, 0xC5F7, 0x620E, 0xC618, 0xC5F8, 0x622E, 0x622E, 0x622E, 0x620E, 0x620E, 0x622E, 0xC618, 0xC618, 0xC5F8, 0xC5F8, 0xC617, 0x4D81, 0xC617, 0xC5F7, 0xADD4, 0x4580, 0x5DC5, 0xC618, 0xC618, 0xC618, 0xC618, 0xC5F8, 0xC618, 0xC618, 0xC618, 0xC618, 0xC618, 0xC618, 0xC618, 0xC618, 0xC618, 0xC5F8, 0xC5F8, 0xC5F7, 0xC5F7, 0xC5F7, 0xC5F7, 0xC5F7, 0xC5F8, 0xC5F8, 0xC5F8, 0xC617, 0xC5F8, 0xC618, 0xC5F7, 0xC618, 0xC618, 0xC618, 0xC5F8, 0xC618, 0xC5F8, 0xC618, 0xC5F7, 0x0000, 0xC618, 0xC618, 0xC618, 0xC5F7, 0xC5F8, 0xC618, 0xC618, 0xC618, 0xC618, 0xC617, 0xC618, 0xC618, 0xC618, 0xC617, 0xC618, 0xC5F7, 0xFD65, 0xFD65, 0xFD65, 0xFD65, 0xFD65, 0xC617, 0xC618, 0xC5F8, 0xC5F8, 0xFD65, 0xC618, 0xC5F8, 0xC5F8, 0xC5F7, 0xC5F7, 0xC618, 0xC5F8, 0xC618, 0xC618, 0x622E, 0xC5F8, 0xC618, 0xC618, 0x620E, 0x622E, 0xC5F8, 0x622E, 0x620E, 0x622E, 0x622E, 0x622E, 0x620E, 0x622E, 0x622E, 0x622E, 0xC618, 0x45A0, 0x45A0, 0x4DA2, 0xC618, 0xADF4, 0x45A0, 0x5DA5, 0xC618, 0xC618, 0xC5F7, 0xC5F7, 0xC618, 0xC618, 0xC618, 0xC5F8, 0xC618, 0xC618, 0xC618, 0xC5F7, 0xC5F7, 0xC5F7, 0xC5F7, 0xC5F8, 0xC5F8, 0xC5F8, 0xC617, 0xC5F7, 0xC5F7, 0xC5F8, 0xC618, 0xC5F7, 0xC5F7, 0xC5F8, 0xC5F7, 0xC5F8, 0xC618, 0xC617, 0xC5F7, 0xC618, 0xC618, 0xC618, 0xC618, 0x0000, 0x0000, 0xC617, 0xC618, 0xC618, 0xC618, 0xC5F7, 0xC618, 0xC5F7, 0xC5F8, 0xC5F7, 0xC617, 0xC618, 0xC617, 0xC618, 0xC617, 0xC618, 0xC618, 0xC5F8, 0xC5F8, 0xC618, 0xC618, 0xC618, 0xC618, 0xC618, 0xC618, 0xC618, 0xC5F8, 0xC618, 0xC618, 0xC618, 0xC618, 0xC5F8, 0xC618, 0xC617, 0xC618, 0x620E, 0x622E, 0xC618, 0xC618, 0xC618, 0x622E, 0x620E, 0xC618, 0xC618, 0xC618, 0xC617, 0xC618, 0xC618, 0xC618, 0xC618, 0xC618, 0x620E, 0xC618, 0x45A0, 0x4580, 0x4DA2, 0xC618, 0xADF4, 0x5DA4, 0xC5F8, 0xC617, 0xC5F7, 0xC5F7, 0xC5F7, 0xC618, 0xC618, 0xC5F7, 0xC618, 0xC5F8, 0xC617, 0xC5F7, 0xC617, 0xC5F8, 0xC5F7, 0xC5F7, 0xC617, 0xC617, 0xC5F8, 0xC5F8, 0xC617, 0xC5F8, 0xC617, 0xC5F7, 0xC5F8, 0xC5F7, 0xC5F7, 0xC5F8, 0xC5F7, 0xC617, 0xC618, 0xC617, 0xC618, 0xC5F7, 0xC618, 0xC617, 0x0000, 0x0000, 0xC5F7, 0xC618, 0xC5F8, 0xC618, 0xC5F8, 0xC618, 0xC618, 0xC618, 0xC617, 0xC618, 0xC618, 0xC618, 0xC618, 0xC618, 0xC618, 0xC618, 0xC5F7, 0xC618, 0xC618, 0xC5F7, 0xC617, 0xC618, 0xC618, 0xC618, 0xC618, 0xC5F7, 0xC618, 0xC5F8, 0xC618, 0xC5F8, 0xC618, 0xC618, 0xC618, 0xC5F7, 0x622E, 0xC5F8, 0xC5F8, 0x620E, 0xC618, 0xC618, 0x620E, 0xC618, 0xC618, 0xC617, 0xC618, 0xC618, 0xC618, 0xC618, 0xC618, 0xC618, 0xC618, 0xC617, 0x9DF0, 0x95CF, 0x45A0, 0x6DC7, 0x65C6, 0x5DA4, 0xC617, 0xC5F7, 0xC5F7, 0xC617, 0xC5F7, 0xC5F7, 0xC5F7, 0xC617, 0xC618, 0xC5F7, 0xC617, 0xC617, 0xC617, 0xC617, 0xC5F8, 0xC5F8, 0xC618, 0xC5F8, 0xC618, 0xC5F7, 0xC618, 0xC5F8, 0xC5F7, 0xC5F7, 0xC618, 0xC5F7, 0xC5F7, 0xC5F8, 0xC617, 0xC617, 0xC618, 0xC618, 0xC618, 0xC5F7, 0xC618, 0x39E7, 0x0000, 0x0000, 0xC617, 0xC5F7, 0xC5F8, 0xC618, 0xC618, 0xC618, 0xC618, 0xC5F8, 0xC5F7, 0xC5F8, 0xC5F8, 0xC618, 0xC618, 0xC618, 0xC618, 0xC5F7, 0xC5F8, 0xC5F8, 0xC5F8, 0xC618, 0xC618, 0xC618, 0xC618, 0xC618, 0xC618, 0xC5F7, 0xC618, 0xC618, 0xC618, 0xC5F8, 0xC618, 0xC618, 0xC618, 0xC5F7, 0x622E, 0xC5F7, 0xC5F8, 0x622E, 0x8351, 0xC617, 0x622E, 0x8371, 0xC5F8, 0xC617, 0xC618, 0xC618, 0xC618, 0xC617, 0xC618, 0xC618, 0xC618, 0xC617, 0xC618, 0xBDF6, 0x65A6, 0x5DA5, 0x45A0, 0x75C9, 0xC617, 0xC5F8, 0xC5F7, 0xC618, 0xC5F7, 0xC5F7, 0xC5F7, 0xC617, 0xC618, 0xC5F7, 0xC617, 0xC617, 0xC617, 0xC617, 0xC5F7, 0xC618, 0xC5F8, 0xC5F8, 0xC618, 0xC617, 0xC618, 0xC5F8, 0xC5F7, 0xC5F7, 0xC617, 0xC5F7, 0xC5F7, 0xC5F8, 0xC617, 0xC618, 0xC5F8, 0xC618, 0xC618, 0xC618, 0xC618, 0x0000, 0x0000, 0x3186, 0xC618, 0xC5F7, 0xC5F8, 0xC618, 0xC618, 0xC618, 0xC617, 0xC5F8, 0xC5F8, 0xC5F8, 0xC5F8, 0xC618, 0xC618, 0xC618, 0xC618, 0xC5F7, 0xC5F8, 0xC5F8, 0xC5F8, 0xC618, 0xC618, 0xC618, 0xC618, 0xC618, 0xC618, 0xC617, 0xC618, 0xC618, 0xC5F8, 0xC618, 0xC618, 0xC617, 0xC5F8, 0xC618, 0x7B10, 0xC617, 0xC618, 0x622E, 0x7B31, 0xC5F7, 0x622E, 0x622E, 0xC5F8, 0xAD15, 0xAD15, 0xAD15, 0xAD15, 0xAD15, 0xAD15, 0xAD15, 0xAD15, 0xC618, 0xC618, 0xC618, 0xC5F8, 0xB5F5, 0x55A3, 0xC618, 0xC5F7, 0xC618, 0xC617, 0xC617, 0xC618, 0xC618, 0xC618, 0xC618, 0xC5F8, 0xC618, 0xC617, 0xC618, 0xC618, 0xC5F8, 0xC5F7, 0xC5F8, 0xC5F7, 0xC617, 0xC5F7, 0xC618, 0xC5F8, 0xC618, 0xC5F8, 0xC5F7, 0xC5F8, 0xC618, 0xC5F7, 0xC5F7, 0xC618, 0xC618, 0xC5F7, 0xC5F8, 0xC618, 0xC618, 0xC5F8, 0x0000, 0x0000, 0xC618, 0xC5F8, 0xC618, 0xC618, 0xC618, 0xC618, 0xC618, 0xC5F7, 0xC618, 0xC618, 0xC5F8, 0xC618, 0xC617, 0xC618, 0xC617, 0xC618, 0xC618, 0xC5F8, 0xC5F8, 0xC617, 0xC618, 0xC617, 0xC5F8, 0xC618, 0xC618, 0xC618, 0xC618, 0xC618, 0xC617, 0xC5F8, 0xC618, 0xC617, 0xC617, 0xC5F8, 0xC618, 0xC618, 0xC5F8, 0xC618, 0x622E, 0xC618, 0xC5F8, 0x620E, 0x622E, 0xC618, 0x620E, 0x620E, 0x622E, 0x622E, 0x622E, 0x620E, 0x622E, 0x622E, 0xC5F8, 0xC617, 0xC618, 0xC618, 0xB5F5, 0x55A3, 0xC617, 0xADF2, 0x4580, 0x65A6, 0xC618, 0xC5F8, 0xC5F7, 0xC5F8, 0xC618, 0xC617, 0xC617, 0xC618, 0xC618, 0xC5F8, 0xC618, 0xC618, 0xC618, 0xC617, 0xC618, 0xC618, 0xC617, 0xC618, 0xC5F7, 0xC617, 0xC617, 0xC5F7, 0xC618, 0xC618, 0xC618, 0xC618, 0xC618, 0xC618, 0xC5F8, 0xC618, 0xC618, 0xC618, 0x0000, 0x0000, 0xC618, 0xC618, 0xC5F7, 0xC618, 0xC618, 0xC618, 0xC618, 0xC618, 0xC618, 0xC618, 0xC618, 0xC5F7, 0xC618, 0xC618, 0xC5F7, 0xC5F8, 0xC617, 0xC618, 0xC618, 0xC618, 0xC5F7, 0xC618, 0xC5F8, 0xC5F8, 0xC618, 0xC5F8, 0xC618, 0xC618, 0xC5F7, 0xC618, 0xC618, 0xC618, 0xC618, 0xC617, 0xC617, 0xC618, 0xC618, 0xC618, 0xC618, 0xC618, 0xC618, 0x620E, 0x622E, 0xC618, 0xC618, 0x620E, 0x622E, 0x620E, 0x620E, 0x620E, 0x620E, 0x622E, 0xC618, 0xC5F7, 0xC5F7, 0xC5F8, 0xB615, 0x55A3, 0xADD3, 0x4580, 0x45A0, 0x65C6, 0xC618, 0xC5F7, 0xC5F7, 0xC618, 0xC618, 0xC617, 0xC618, 0xC618, 0xC618, 0xC617, 0xC618, 0xC618, 0xC618, 0xC5F8, 0xC5F8, 0xC5F8, 0xC618, 0xC618, 0xC617, 0xC618, 0xC5F8, 0xC5F7, 0xC5F7, 0xC617, 0xC617, 0xC618, 0xC5F8, 0xC618, 0xC617, 0xC618, 0xC618, 0xC618, 0x0000, 0x0000, 0xC5F7, 0xC618, 0xC5F7, 0xC5F8, 0xC618, 0xC5F8, 0xC618, 0xC5F7, 0xC5F8, 0xC618, 0xC618, 0xC618, 0xC618, 0xC5F7, 0xC618, 0xC5F8, 0xC618, 0xC618, 0xC5F7, 0xC5F8, 0xC618, 0xC5F8, 0xC618, 0xC618, 0xC617, 0xC618, 0xC618, 0xC618, 0xC618, 0xC618, 0xC618, 0xC618, 0xC618, 0xC5F8, 0xC618, 0xC618, 0xC5F8, 0xC618, 0xC618, 0xC618, 0xC618, 0xC5F7, 0x622E, 0xC618, 0xC618, 0xC618, 0xC618, 0xC618, 0xC618, 0xC5F7, 0xC5F8, 0x622E, 0xC5F8, 0xC5F7, 0xC618, 0xC618, 0xB5F5, 0x55A3, 0xADF3, 0x5DA5, 0xC618, 0xC618, 0xC5F8, 0xC618, 0xC618, 0xC618, 0xC5F7, 0xC5F7, 0xC617, 0xC617, 0xC617, 0xC617, 0xC617, 0xC618, 0xC5F8, 0xC618, 0xC618, 0xC5F7, 0x5DA4, 0xB5F4, 0xC618, 0xC5F8, 0xC5F8, 0xC618, 0xC618, 0xC617, 0xC5F7, 0xC618, 0xC618, 0xC5F8, 0xC5F7, 0xC5F7, 0xC618, 0x0000, 0x0000, 0xC618, 0xC618, 0xC618, 0xC5F7, 0xC5F8, 0xC617, 0xC617, 0xC5F7, 0xC618, 0xC618, 0xC5F8, 0xC5F8, 0xC617, 0xC5F7, 0xC618, 0xC617, 0xC5F7, 0xC618, 0xC618, 0xC618, 0xC5F8, 0xC5F8, 0xC618, 0xC618, 0xC5F7, 0xC618, 0xC618, 0xC618, 0xC618, 0xC618, 0xC618, 0xC618, 0xC5F8, 0xC618, 0xC617, 0xC617, 0xC618, 0x3989, 0x3989, 0xC618, 0xC618, 0xC618, 0xC5F7, 0xC618, 0xC5F7, 0xC618, 0xC5F8, 0xC618, 0xC618, 0xC618, 0xC5F8, 0xC618, 0xC5F8, 0xC618, 0x3DA0, 0x4DA1, 0xC5F7, 0xB5F5, 0x4580, 0x5DC4, 0xC618, 0xC618, 0xC5F7, 0xC5F8, 0xC5F8, 0xC617, 0xC5F7, 0xC5F7, 0xC618, 0xC618, 0xC618, 0xC617, 0xC618, 0xC618, 0xC618, 0xC5F7, 0xC617, 0xC5F7, 0xC617, 0x5DC4, 0xB614, 0xC618, 0xC5F7, 0xC618, 0xC618, 0xC5F7, 0xC617, 0xC618, 0xC618, 0xC618, 0xC5F7, 0xC618, 0xC618, 0xC5F8, 0x0000, 0x0000, 0xC618, 0xC618, 0xC618, 0xC618, 0xC5F7, 0xC618, 0xC618, 0xC618, 0xC617, 0xC5F7, 0xC618, 0xC618, 0xC5F8, 0xC618, 0xC618, 0xC617, 0xC618, 0xC617, 0xC5F7, 0xC618, 0xC618, 0xC5F8, 0xC618, 0xC618, 0xC618, 0xC618, 0xC618, 0xC5F7, 0xC617, 0xC617, 0xC618, 0xC618, 0xC618, 0xC618, 0xC5F7, 0xC618, 0xC618, 0x3188, 0x3295, 0x3988, 0x3988, 0xC618, 0xC5F8, 0xC618, 0xC617, 0xC617, 0xC618, 0xC618, 0xC5F7, 0xC618, 0xC618, 0xC618, 0xC618, 0xC618, 0x45A0, 0x45A0, 0x75C8, 0x6DA7, 0x4DA2, 0x9DF0, 0xC618, 0xC617, 0xC618, 0xC618, 0xC617, 0xC618, 0xC5F8, 0xC617, 0xC618, 0xC618, 0xC618, 0xC618, 0xC618, 0xC618, 0xC618, 0xC5F8, 0xC5F8, 0xC5F8, 0xC5F7, 0x5DA4, 0xADF4, 0xC617, 0xC5F7, 0xC5F7, 0xC618, 0xC5F7, 0xC617, 0xC618, 0xC5F7, 0xC5F7, 0xC5F7, 0xC618, 0xC5F8, 0xC5F8, 0x0000, 0x7BAE, 0xC5F8, 0xC618, 0xC618, 0xC618, 0xC617, 0xC618, 0xC618, 0xC618, 0xC5F7, 0xC5F8, 0xC618, 0xC618, 0xC5F7, 0xC618, 0xC618, 0xC617, 0xC618, 0xC5F7, 0xC5F7, 0xC617, 0xC618, 0xC618, 0xC618, 0xC618, 0xC5F7, 0xC618, 0xC5F8, 0xC617, 0xC618, 0xC5F7, 0xC618, 0xC618, 0xC618, 0xC617, 0xC617, 0xC617, 0x6B4E, 0x3230, 0x3295, 0x51EC, 0x3230, 0x6B2E, 0x6B2E, 0xC618, 0xC617, 0xC617, 0xC618, 0xC5F7, 0xC5F8, 0x8B92, 0x8392, 0x8B92, 0xC618, 0xC617, 0x5DC4, 0x3D80, 0x3DA0, 0x4580, 0x55A3, 0xC5F7, 0xC618, 0xC5F7, 0xC618, 0xC617, 0xC617, 0xC618, 0xC618, 0xC617, 0xC618, 0xC618, 0xC618, 0xC618, 0xC617, 0xC618, 0xC618, 0xC5F8, 0xC5F8, 0xC5F8, 0xC5F7, 0x55A4, 0xADF4, 0xC617, 0xC5F7, 0xC5F7, 0xC617, 0xC5F7, 0xC617, 0xC5F8, 0xC5F7, 0xC5F7, 0xC5F7, 0xC618, 0xC5F8, 0xC618, 0x2124, 0xC5F7, 0xC5F8, 0xC5F8, 0xC618, 0xC618, 0xC617, 0xC618, 0xC5F7, 0xC618, 0xC5F8, 0xC618, 0xC618, 0xC618, 0xC617, 0xC618, 0xC618, 0xC618, 0xC618, 0xC5F7, 0xC618, 0xC5F7, 0xC618, 0xC618, 0xC618, 0xC618, 0xC5F7, 0xC618, 0xC5F8, 0xC618, 0xC618, 0xC5F8, 0xC618, 0xC618, 0xC618, 0xC617, 0xC618, 0xC617, 0x3989, 0x3295, 0x3295, 0x5A2F, 0x3273, 0x31AB, 0x31AB, 0xAD35, 0xAD35, 0xC618, 0xC617, 0xC5F7, 0xC618, 0x620E, 0x622E, 0x622E, 0xB556, 0xC5F7, 0xC617, 0x3DA0, 0x3D80, 0x45A0, 0x55A3, 0xC5F7, 0xC618, 0xC5F8, 0xC5F7, 0xC617, 0xC617, 0xC5F7, 0xC617, 0xC618, 0xC5F7, 0xC618, 0xC618, 0xC5F8, 0xC617, 0xC618, 0xC618, 0xC5F7, 0xC5F7, 0xC617, 0xC5F8, 0x5DA4, 0xB5F4, 0xC5F7, 0xC617, 0xC5F7, 0xC617, 0xC618, 0xC5F7, 0xC5F8, 0xC5F7, 0xC618, 0xC617, 0xC618, 0xC618, 0xC618, 0xC618, 0xC617, 0xC5F8, 0xC5F7, 0xC618, 0xC618, 0xC617, 0xC618, 0xC5F7, 0xC618, 0xC618, 0xC5F8, 0xC618, 0xC5F8, 0xC618, 0xC5F7, 0xC618, 0xC618, 0xC618, 0xC618, 0xC618, 0xC617, 0xC618, 0xC618, 0xC618, 0xC618, 0xC618, 0xC618, 0xC618, 0xC617, 0xC617, 0xC618, 0xC618, 0xC618, 0xC618, 0xC618, 0xC5F8, 0xC618, 0x3989, 0x3295, 0x3275, 0x3275, 0x3988, 0x3294, 0x3294, 0x3188, 0x3989, 0xC618, 0xC617, 0xC617, 0xC617, 0x622E, 0x620E, 0x622E, 0x622E, 0x275F, 0xC618, 0xC618, 0xC5F8, 0xB5F5, 0x55A3, 0xC618, 0xC618, 0xC618, 0xC5F7, 0xC5F7, 0xC5F7, 0xC5F7, 0xC617, 0xC5F7, 0xC5F8, 0xC5F8, 0xC618, 0xC618, 0xC5F7, 0xC617, 0xC617, 0xC618, 0xC617, 0xC5F7, 0xC5F8, 0x5DA4, 0xADF4, 0xC617, 0xC617, 0xC5F8, 0xC5F8, 0xC5F7, 0xC5F7, 0xC5F7, 0xC617, 0xC618, 0xC618, 0xC618, 0xC5F8, 0xC618, 0xC618, 0xC617, 0xC618, 0xC5F7, 0xC5F7, 0xC618, 0xC618, 0xC618, 0xC618, 0xC618, 0xC618, 0xC617, 0xC618, 0xC618, 0xC5F7, 0xC617, 0xC618, 0xC618, 0xC5F7, 0xC617, 0xC618, 0xC5F7, 0xC617, 0xC5F7, 0xC618, 0xC5F7, 0xC5F7, 0xC618, 0xC5F7, 0xC5F8, 0xC618, 0xC618, 0xC5F8, 0xC617, 0xC618, 0xC618, 0xC618, 0xC618, 0x3988, 0x3295, 0x3295, 0x3294, 0x3989, 0x3295, 0x3275, 0x3275, 0x3295, 0x3189, 0x3989, 0xC617, 0xC618, 0xC618, 0xC618, 0xC618, 0x622E, 0xC5F8, 0xC5F8, 0xC5F7, 0xC618, 0xB615, 0x55A3, 0xC617, 0xA5D2, 0x4580, 0x65A7, 0xC5F7, 0xC618, 0xC618, 0xC617, 0xC617, 0xC5F7, 0xC5F8, 0xC5F8, 0xC618, 0xC618, 0xC5F7, 0xC5F7, 0xC5F7, 0xC618, 0xC618, 0x5DA5, 0x3D80, 0xAE14, 0xC618, 0xC5F7, 0xC5F7, 0xC5F8, 0xC617, 0xC5F8, 0xC617, 0xC5F7, 0xC618, 0xC618, 0xC5F7, 0xC618, 0xC618, 0xC617, 0xC617, 0xC618, 0xC618, 0xC5F7, 0xC617, 0xC618, 0xC618, 0xC618, 0xC5F7, 0xC618, 0xC618, 0xC618, 0xC618, 0xC618, 0xC5F7, 0xC618, 0xC618, 0xC5F7, 0xC5F7, 0xC617, 0xC5F7, 0xC5F8, 0xC5F7, 0xC618, 0xC617, 0xC5F8, 0xC618, 0xC618, 0xC617, 0xC618, 0x277F, 0xC618, 0xC618, 0x277F, 0xC618, 0xC618, 0x3189, 0x3275, 0x3295, 0x620E, 0x3295, 0x3988, 0x3274, 0x3295, 0x3295, 0x3274, 0x3274, 0x3294, 0x3989, 0xC618, 0xC618, 0xC618, 0xC617, 0xC5F8, 0xC618, 0x45A1, 0xC618, 0xC618, 0xB5F5, 0x55A3, 0xAE13, 0x45A0, 0x4580, 0x65A6, 0xC617, 0xC5F7, 0xC5F7, 0xC5F8, 0xC618, 0xC618, 0xC618, 0xC618, 0xC618, 0xC618, 0xC618, 0xC617, 0xC618, 0xC5F7, 0xC5F7, 0x5DA5, 0x45A0, 0xADF4, 0xC5F7, 0x4DA2, 0xBE16, 0xC618, 0xC617, 0xC5F7, 0xC617, 0xC5F8, 0xC618, 0xC618, 0xC618, 0xC5F8, 0xC5F7, 0xC618, 0xC618, 0xC617, 0xC618, 0xC618, 0xC618, 0xC618, 0xC618, 0xC618, 0xC618, 0xC618, 0xC5F7, 0xC618, 0xC617, 0xC5F8, 0xC5F7, 0xC618, 0xC617, 0xC618, 0xC618, 0xC618, 0xC5F7, 0xC618, 0xC5F7, 0xC618, 0xC618, 0xC618, 0xC618, 0xC618, 0xC5F8, 0xC618, 0x277F, 0xC618, 0xC618, 0x277F, 0xC618, 0xC618, 0x3988, 0x3275, 0x622E, 0x622E, 0x3295, 0x3969, 0x3294, 0x3295, 0x3295, 0x3295, 0x3275, 0x3295, 0x3189, 0xC5F7, 0xC618, 0xC5F7, 0xC618, 0xC5F8 };
